{"AUC": 31.8, "Precision": 41.4, "FPS": -1.0, "attribution": "{'Occlusion': {'x': [[0.0, 0.05, 0.1, 0.15000000000000002, 0.2, 0.25, 0.30000000000000004, 0.35000000000000003, 0.4, 0.45, 0.5, 0.55, 0.6000000000000001, 0.65, 0.7000000000000001, 0.75, 0.8, 0.8500000000000001, 0.9, 0.9500000000000001, 1.0], [0.0, 1.0, 2.0, 3.0, 4.0, 5.0, 6.0, 7.0, 8.0, 9.0, 10.0, 11.0, 12.0, 13.0, 14.0, 15.0, 16.0, 17.0, 18.0, 19.0, 20.0, 21.0, 22.0, 23.0, 24.0, 25.0, 26.0, 27.0, 28.0, 29.0, 30.0, 31.0, 32.0, 33.0, 34.0, 35.0, 36.0, 37.0, 38.0, 39.0, 40.0, 41.0, 42.0, 43.0, 44.0, 45.0, 46.0, 47.0, 48.0, 49.0, 50.0]], 'y': [[[100.0, 94.74027252197266, 91.76553344726562, 89.67306518554688, 88.0816421508789, 86.19261169433594, 84.07493591308594, 81.50900268554688, 77.6958999633789, 72.15836334228516, 66.23480987548828, 58.76144790649414, 49.283058166503906, 37.77094650268555, 26.84760093688965, 15.862671852111816, 7.137827396392822, 2.981930732727051, 1.0151243209838867, 0.2771814465522766, 0.0]], [[0.4721742272377014, 2.293470621109009, 6.877842426300049, 12.745046615600586, 19.834196090698242, 27.508031845092773, 33.0438117980957, 39.32166290283203, 44.50519561767578, 48.88679504394531, 53.09928512573242, 56.562252044677734, 59.430843353271484, 63.094444274902344, 65.18683624267578, 67.59378051757812, 69.91461944580078, 72.1084976196289, 73.7104263305664, 75.1488265991211, 76.88774108886719, 78.23888397216797, 79.7674560546875, 80.78142547607422, 81.92747497558594, 83.08876037597656, 84.21595764160156, 85.15612030029297, 86.09107971191406, 87.188232421875, 88.26436614990234, 89.01681518554688, 89.66621398925781, 90.65692901611328, 91.28262329101562, 91.82234191894531, 92.59113311767578, 93.20104217529297, 93.68059539794922, 94.28205871582031, 94.9129867553711, 95.47538757324219, 95.89640808105469, 96.61831665039062, 97.10714721679688, 97.69280242919922, 98.17951202392578, 98.74400329589844, 99.18696594238281, 99.64584350585938, 100.0]]], 'z': [53.9, 76.9], 'frames': 49834}, 'Out Of View': {'x': [[0.0, 0.05, 0.1, 0.15000000000000002, 0.2, 0.25, 0.30000000000000004, 0.35000000000000003, 0.4, 0.45, 0.5, 0.55, 0.6000000000000001, 0.65, 0.7000000000000001, 0.75, 0.8, 0.8500000000000001, 0.9, 0.9500000000000001, 1.0], [0.0, 1.0, 2.0, 3.0, 4.0, 5.0, 6.0, 7.0, 8.0, 9.0, 10.0, 11.0, 12.0, 13.0, 14.0, 15.0, 16.0, 17.0, 18.0, 19.0, 20.0, 21.0, 22.0, 23.0, 24.0, 25.0, 26.0, 27.0, 28.0, 29.0, 30.0, 31.0, 32.0, 33.0, 34.0, 35.0, 36.0, 37.0, 38.0, 39.0, 40.0, 41.0, 42.0, 43.0, 44.0, 45.0, 46.0, 47.0, 48.0, 49.0, 50.0]], 'y': [[[100.0, 92.34527587890625, 87.58723449707031, 83.34937286376953, 75.41022491455078, 70.42703247070312, 66.30796813964844, 59.93656921386719, 53.655277252197266, 46.62664794921875, 40.3196907043457, 31.039268493652344, 23.722797393798828, 15.91831111907959, 10.651896476745605, 6.075694561004639, 3.2813024520874023, 1.449157953262329, 0.2231917828321457, 0.013455821201205254, 0.0]], [[0.033219143748283386, 0.4265489876270294, 1.6226186752319336, 3.339191198348999, 6.796225070953369, 10.685149192810059, 14.858738899230957, 18.531375885009766, 22.913732528686523, 26.89765167236328, 31.712427139282227, 34.710636138916016, 37.683712005615234, 42.12744140625, 44.40080642700195, 45.78529739379883, 48.97604751586914, 51.70146942138672, 53.505653381347656, 55.804603576660156, 61.307125091552734, 65.12158203125, 67.47520446777344, 69.30341339111328, 70.72002410888672, 71.67921447753906, 73.55865478515625, 76.03134155273438, 76.93388366699219, 78.08177947998047, 80.11048126220703, 81.51589965820312, 83.98551940917969, 85.9999771118164, 86.9055404663086, 87.70625305175781, 89.68042755126953, 91.23599243164062, 92.35224151611328, 92.87191772460938, 93.41252899169922, 94.15116882324219, 94.86408996582031, 95.89415740966797, 96.49134063720703, 97.63098907470703, 98.11210632324219, 98.57804107666016, 98.95709991455078, 99.48541259765625, 100.0]]], 'z': [41.3, 61.3], 'frames': 11001}, 'Camera Motion': {'x': [[0.0, 0.05, 0.1, 0.15000000000000002, 0.2, 0.25, 0.30000000000000004, 0.35000000000000003, 0.4, 0.45, 0.5, 0.55, 0.6000000000000001, 0.65, 0.7000000000000001, 0.75, 0.8, 0.8500000000000001, 0.9, 0.9500000000000001, 1.0], [0.0, 1.0, 2.0, 3.0, 4.0, 5.0, 6.0, 7.0, 8.0, 9.0, 10.0, 11.0, 12.0, 13.0, 14.0, 15.0, 16.0, 17.0, 18.0, 19.0, 20.0, 21.0, 22.0, 23.0, 24.0, 25.0, 26.0, 27.0, 28.0, 29.0, 30.0, 31.0, 32.0, 33.0, 34.0, 35.0, 36.0, 37.0, 38.0, 39.0, 40.0, 41.0, 42.0, 43.0, 44.0, 45.0, 46.0, 47.0, 48.0, 49.0, 50.0]], 'y': [[[100.0, 96.58987426757812, 94.61758422851562, 92.74508666992188, 90.07344818115234, 87.77742004394531, 85.73578643798828, 82.87494659423828, 78.49996185302734, 71.859130859375, 65.56682586669922, 58.98750305175781, 49.22158432006836, 38.834293365478516, 29.210641860961914, 18.660913467407227, 10.60854434967041, 4.266646385192871, 1.5864415168762207, 0.01650986075401306, 0.0]], [[0.025507962331175804, 1.1768028736114502, 2.885047435760498, 6.484042644500732, 11.095008850097656, 16.485477447509766, 20.353288650512695, 25.598535537719727, 30.43619728088379, 34.776641845703125, 37.59003448486328, 41.471107482910156, 45.40693664550781, 49.38426208496094, 51.940895080566406, 55.35464859008789, 57.91709518432617, 61.242061614990234, 63.55880355834961, 66.3148422241211, 69.11570739746094, 71.07444763183594, 73.14604187011719, 75.23526000976562, 76.51751708984375, 77.9870376586914, 79.68103790283203, 81.27566528320312, 82.51234436035156, 83.73246002197266, 85.05757141113281, 86.12663269042969, 86.84764862060547, 88.81002807617188, 89.38404083251953, 90.2236099243164, 90.9075927734375, 92.00370025634766, 92.87969207763672, 93.44126892089844, 94.17015838623047, 94.99942016601562, 95.59424591064453, 96.3690185546875, 96.60478973388672, 97.176025390625, 97.66026306152344, 98.14651489257812, 98.62211608886719, 99.2811050415039, 100.0]]], 'z': [55.1, 69.1], 'frames': 18427}, 'Deformation': {'x': [[0.0, 0.05, 0.1, 0.15000000000000002, 0.2, 0.25, 0.30000000000000004, 0.35000000000000003, 0.4, 0.45, 0.5, 0.55, 0.6000000000000001, 0.65, 0.7000000000000001, 0.75, 0.8, 0.8500000000000001, 0.9, 0.9500000000000001, 1.0], [0.0, 1.0, 2.0, 3.0, 4.0, 5.0, 6.0, 7.0, 8.0, 9.0, 10.0, 11.0, 12.0, 13.0, 14.0, 15.0, 16.0, 17.0, 18.0, 19.0, 20.0, 21.0, 22.0, 23.0, 24.0, 25.0, 26.0, 27.0, 28.0, 29.0, 30.0, 31.0, 32.0, 33.0, 34.0, 35.0, 36.0, 37.0, 38.0, 39.0, 40.0, 41.0, 42.0, 43.0, 44.0, 45.0, 46.0, 47.0, 48.0, 49.0, 50.0]], 'y': [[[100.0, 96.84424591064453, 94.66156005859375, 92.20244598388672, 89.63826751708984, 86.66177368164062, 83.84393310546875, 79.77288055419922, 72.16666412353516, 63.33859634399414, 53.781288146972656, 43.81317138671875, 32.95036697387695, 23.2029972076416, 14.421939849853516, 8.327506065368652, 3.741882085800171, 1.3140429258346558, 0.385895311832428, 0.007338732946664095, 0.0]], [[0.014626535587012768, 0.7736292481422424, 2.8272182941436768, 5.519590377807617, 8.829680442810059, 13.170738220214844, 17.419029235839844, 23.18552017211914, 29.249235153198242, 34.585567474365234, 39.9147834777832, 45.1077766418457, 48.880863189697266, 52.894474029541016, 56.35292434692383, 59.962303161621094, 62.67327117919922, 65.52236938476562, 67.89196014404297, 70.0282974243164, 71.99117279052734, 73.70315551757812, 75.363037109375, 77.09900665283203, 78.57975006103516, 79.93582153320312, 81.23500061035156, 82.36978912353516, 83.55229187011719, 84.58090209960938, 85.98994445800781, 86.93897247314453, 87.87955474853516, 88.65306091308594, 89.4844741821289, 90.16793060302734, 90.85609436035156, 92.00865936279297, 93.02245330810547, 93.779541015625, 95.13897705078125, 95.738037109375, 96.32400512695312, 96.77806854248047, 97.15884399414062, 97.82288360595703, 98.31253051757812, 98.86892700195312, 99.17001342773438, 99.59513854980469, 100.0]]], 'z': [49.6, 72.0], 'frames': 69597}, 'Fast Motion': {'x': [[0.0, 0.05, 0.1, 0.15000000000000002, 0.2, 0.25, 0.30000000000000004, 0.35000000000000003, 0.4, 0.45, 0.5, 0.55, 0.6000000000000001, 0.65, 0.7000000000000001, 0.75, 0.8, 