{"AUC": 38.9, "Precision": 53.5, "FPS": -1.0, "attribution": "{'Occlusion': {'x': [[0.0, 0.05, 0.1, 0.15000000000000002, 0.2, 0.25, 0.30000000000000004, 0.35000000000000003, 0.4, 0.45, 0.5, 0.55, 0.6000000000000001, 0.65, 0.7000000000000001, 0.75, 0.8, 0.8500000000000001, 0.9, 0.9500000000000001, 1.0], [0.0, 1.0, 2.0, 3.0, 4.0, 5.0, 6.0, 7.0, 8.0, 9.0, 10.0, 11.0, 12.0, 13.0, 14.0, 15.0, 16.0, 17.0, 18.0, 19.0, 20.0, 21.0, 22.0, 23.0, 24.0, 25.0, 26.0, 27.0, 28.0, 29.0, 30.0, 31.0, 32.0, 33.0, 34.0, 35.0, 36.0, 37.0, 38.0, 39.0, 40.0, 41.0, 42.0, 43.0, 44.0, 45.0, 46.0, 47.0, 48.0, 49.0, 50.0]], 'y': [[[100.0, 97.01242065429688, 94.92185974121094, 92.72441864013672, 90.07722473144531, 87.93472290039062, 84.71345520019531, 80.6053695678711, 75.34171295166016, 68.76091003417969, 61.206233978271484, 51.657875061035156, 41.466121673583984, 31.52116584777832, 21.364154815673828, 13.06898021697998, 6.902169227600098, 2.838026762008667, 0.920605480670929, 0.2105439007282257, 0.0]], [[0.32272088527679443, 1.9765233993530273, 6.838479042053223, 13.807717323303223, 20.904428482055664, 29.523191452026367, 35.57366180419922, 42.47720718383789, 47.6551513671875, 52.04588317871094, 56.540306091308594, 59.92599868774414, 62.81377029418945, 65.73173522949219, 68.1631851196289, 70.25604248046875, 72.4782485961914, 74.5098648071289, 76.21966552734375, 77.97924041748047, 79.31048583984375, 80.5960922241211, 81.95993041992188, 83.30799865722656, 84.39971160888672, 85.75122833251953, 86.67635345458984, 87.80030822753906, 88.62077331542969, 89.3086929321289, 90.21785736083984, 90.90648651123047, 91.47303009033203, 92.29871368408203, 92.79146575927734, 93.49622344970703, 94.25337219238281, 94.72506713867188, 95.30876922607422, 95.72581481933594, 96.23445129394531, 96.58707427978516, 97.11099243164062, 97.55177307128906, 97.97288513183594, 98.2710952758789, 98.58223724365234, 99.06669616699219, 99.32014465332031, 99.64390563964844, 100.0]]], 'z': [52.5, 79.3], 'frames': 49834}, 'Out Of View': {'x': [[0.0, 0.05, 0.1, 0.15000000000000002, 0.2, 0.25, 0.30000000000000004, 0.35000000000000003, 0.4, 0.45, 0.5, 0.55, 0.6000000000000001, 0.65, 0.7000000000000001, 0.75, 0.8, 0.8500000000000001, 0.9, 0.9500000000000001, 1.0], [0.0, 1.0, 2.0, 3.0, 4.0, 5.0, 6.0, 7.0, 8.0, 9.0, 10.0, 11.0, 12.0, 13.0, 14.0, 15.0, 16.0, 17.0, 18.0, 19.0, 20.0, 21.0, 22.0, 23.0, 24.0, 25.0, 26.0, 27.0, 28.0, 29.0, 30.0, 31.0, 32.0, 33.0, 34.0, 35.0, 36.0, 37.0, 38.0, 39.0, 40.0, 41.0, 42.0, 43.0, 44.0, 45.0, 46.0, 47.0, 48.0, 49.0, 50.0]], 'y': [[[100.0, 88.80776977539062, 81.22673797607422, 74.75337982177734, 68.63282012939453, 61.85590744018555, 55.6192741394043, 50.57246780395508, 44.466339111328125, 37.96811294555664, 30.22710609436035, 24.755474090576172, 18.280170440673828, 12.973715782165527, 8.050146102905273, 4.119719982147217, 1.7170597314834595, 0.6482926607131958, 0.036990147083997726, 0.00747978501021862, 0.0]], [[0.040229927748441696, 2.686088800430298, 5.137953758239746, 9.70743179321289, 13.047070503234863, 17.529531478881836, 21.363609313964844, 25.782188415527344, 29.620338439941406, 33.08907699584961, 37.38808822631836, 41.14712905883789, 44.03396987915039, 47.05805969238281, 49.376895904541016, 53.0740852355957, 57.227230072021484, 59.49007797241211, 61.894046783447266, 63.7209358215332, 65.01683044433594, 66.23048400878906, 67.72280883789062, 68.79077911376953, 70.59248352050781, 72.7791748046875, 74.01387023925781, 75.41754913330078, 76.86382293701172, 77.9259033203125, 79.3930435180664, 80.47467803955078, 81.2442626953125, 83.12236785888672, 84.16089630126953, 85.14895629882812, 85.79495239257812, 86.65152740478516, 87.61564636230469, 88.69303131103516, 89.5495834350586, 90.90087890625, 91.6812744140625, 93.04002380371094, 93.77922058105469, 94.93499755859375, 95.5047836303711, 96.01165008544922, 97.08904266357422, 98.58203125, 100.0]]], 'z': [36.4, 65.0], 'frames': 11001}, 'Camera Motion': {'x': [[0.0, 0.05, 0.1, 0.15000000000000002, 0.2, 0.25, 0.30000000000000004, 0.35000000000000003, 0.4, 0.45, 0.5, 0.55, 0.6000000000000001, 0.65, 0.7000000000000001, 0.75, 0.8, 0.8500000000000001, 0.9, 0.9500000000000001, 1.0], [0.0, 1.0, 2.0, 3.0, 4.0, 5.0, 6.0, 7.0, 8.0, 9.0, 10.0, 11.0, 12.0, 13.0, 14.0, 15.0, 16.0, 17.0, 18.0, 19.0, 20.0, 21.0, 22.0, 23.0, 24.0, 25.0, 26.0, 27.0, 28.0, 29.0, 30.0, 31.0, 32.0, 33.0, 34.0, 35.0, 36.0, 37.0, 38.0, 39.0, 40.0, 41.0, 42.0, 43.0, 44.0, 45.0, 46.0, 47.0, 48.0, 49.0, 50.0]], 'y': [[[100.0, 97.25499725341797, 95.8058090209961, 95.01115417480469, 93.6764907836914, 93.11808013916016, 92.27452850341797, 91.03216552734375, 87.26885223388672, 84.66990661621094, 80.25676727294922, 73.65489959716797, 64.41707611083984, 52.70991897583008, 38.65309524536133, 25.689855575561523, 13.681456565856934, 5.472804546356201, 1.9037680625915527, 0.1611463576555252, 0.0]], [[0.07703852653503418, 1.4705408811569214, 4.368350028991699, 9.245904922485352, 13.819180488586426, 20.88071632385254, 25.35599136352539, 32.523704528808594, 37.20163345336914, 41.50288391113281, 46.773983001708984, 49.96171951293945, 53.66376495361328, 56.47645568847656, 58.78565216064453, 61.854488372802734, 64.59573364257812, 67.2021484375, 69.86933135986328, 71.7044448852539, 74.16313171386719, 76.38348388671875, 78.08397674560547, 79.49779510498047, 80.60004425048828, 81.91310119628906, 83.4334716796875, 84.81153869628906, 85.78984832763672, 86.66067504882812, 87.63633728027344, 88.37358856201172, 89.52621459960938, 90.2117691040039, 91.0760726928711, 91.76498413085938, 93.05530548095703, 93.9271011352539, 94.68047332763672, 95.06439971923828, 96.07077026367188, 96.65601348876953, 97.08025360107422, 97.71171569824219, 98.0215072631836, 98.38302612304688, 98.74411010742188, 98.99471282958984, 99.295654296875, 99.57843780517578, 100.0]]], 'z': [61.3, 74.2], 'frames': 18427}, 'Deformation': {'x': [[0.0, 0.05, 0.1, 0.15000000000000002, 0.2, 0.25, 0.30000000000000004, 0.35000000000000003, 0.4, 0.45, 0.5, 0.55, 0.6000000000000001, 0.65, 0.7000000000000001, 0.75, 0.8, 0.8500000000000001, 0.9, 0.9500000000000001, 1.0], [0.0, 1.0, 2.0, 3.0, 4.0, 5.0, 6.0, 7.0, 8.0, 9.0, 10.0, 11.0, 12.0, 13.0, 14.0, 15.0, 16.0, 17.0, 18.0, 19.0, 20.0, 21.0, 22.0, 23.0, 24.0, 25.0, 26.0, 27.0, 28.0, 29.0, 30.0, 31.0, 32.0, 33.0, 34.0, 35.0, 36.0, 37.0, 38.0, 39.0, 40.0, 41.0, 42.0, 43.0, 44.0, 45.0, 46.0, 47.0, 48.0, 49.0, 50.0]], 'y': [[[100.0, 97.33062744140625, 96.20781707763672, 94.7518539428711, 92.59740447998047, 90.54802703857422, 87.5511703491211, 83.7452621459961, 78.7433853149414, 71.8815689086914, 62.9521484375, 52.333152770996094, 40.21953201293945, 29.03778839111328, 18.859052658081055, 10.735301971435547, 5.04167366027832, 2.0724570751190186, 0.597112238407135, 0.04799921065568924, 0.0]], [[0.0779620110988617, 1.16458261013031, 4.109616756439209, 8.779905319213867, 14.315091133117676, 21.667707443237305, 28.138580322265625, 34.66700744628906, 40.92006301879883, 46.99945831298828, 52.24938201904297, 56.472259521484375, 59.65891647338867, 62.96019744873047, 65.74893951416016, 68.33031463623047, 70.60774230957031, 72.75593566894531, 74.62004089355469, 76.47904968261719, 78.12767028808594, 79.70911407470703, 81.17613983154297, 82.37726593017578, 84.0997314453125, 85.25245666503906, 86.26239013671875, 87.28530883789062, 88.4758071899414, 89.29588317871094, 90.1162338256836, 90.94509887695312, 91.78996276855469, 92.62434387207031, 93.18898010253906, 94.02972412109375, 94.5461654663086, 95.08342742919922, 95.64954376220703, 95.99588775634766, 96.3331069946289, 96.90315246582031, 97.31279754638672, 97.64820098876953, 97.98756408691406, 98.32135772705078, 98.61971282958984, 98.87003326416016, 99.14601135253906, 99.46670532226562, 100.0]]], 'z': [53.1, 78.1], 'frames': 69597}, 'Fast Motion': {'x': [[0.0, 0.05, 0.1, 0.15000000000000002, 0.2, 0.25, 0.30000000000000004, 0.35000000000000003, 0.4, 0.45, 0.5, 0.55, 0.6000000000000001, 0.65, 0.7000000000000001, 0.75, 0.8, 0.8500000000000001, 0.9, 0.9500000000000001, 1.0], 