{"AUC": 35.9, "Precision": 51.6, "FPS": 20.13, "attribution": "{'Occlusion': {'x': [[0.0, 0.05, 0.1, 0.15000000000000002, 0.2, 0.25, 0.30000000000000004, 0.35000000000000003, 0.4, 0.45, 0.5, 0.55, 0.6000000000000001, 0.65, 0.7000000000000001, 0.75, 0.8, 0.8500000000000001, 0.9, 0.9500000000000001, 1.0], [0.0, 1.0, 2.0, 3.0, 4.0, 5.0, 6.0, 7.0, 8.0, 9.0, 10.0, 11.0, 12.0, 13.0, 14.0, 15.0, 16.0, 17.0, 18.0, 19.0, 20.0, 21.0, 22.0, 23.0, 24.0, 25.0, 26.0, 27.0, 28.0, 29.0, 30.0, 31.0, 32.0, 33.0, 34.0, 35.0, 36.0, 37.0, 38.0, 39.0, 40.0, 41.0, 42.0, 43.0, 44.0, 45.0, 46.0, 47.0, 48.0, 49.0, 50.0]], 'y': [[[100.0, 95.18637084960938, 92.63033294677734, 90.14070892333984, 87.76630401611328, 85.12538146972656, 82.21944427490234, 77.80219268798828, 72.3183364868164, 65.29228973388672, 57.145774841308594, 48.121036529541016, 38.11244201660156, 28.597593307495117, 19.735565185546875, 11.821690559387207, 5.620575428009033, 2.2309186458587646, 0.6506292223930359, 0.1991380751132965, 0.0]], [[0.31031155586242676, 2.565943479537964, 7.849992275238037, 15.255938529968262, 22.66826629638672, 31.134737014770508, 37.39957046508789, 44.54045104980469, 49.8880615234375, 54.44017028808594, 59.048526763916016, 63.269412994384766, 66.12664794921875, 69.23668670654297, 71.42211151123047, 73.49165344238281, 75.46255493164062, 77.24168395996094, 78.67645263671875, 80.23295593261719, 81.59557342529297, 82.82295227050781, 84.07514953613281, 85.23384094238281, 86.5130386352539, 87.54398345947266, 88.29196166992188, 89.16708374023438, 89.78553771972656, 90.55493927001953, 91.23542022705078, 91.88468170166016, 92.718994140625, 93.2999038696289, 93.80807495117188, 94.37118530273438, 94.89241027832031, 95.31409454345703, 95.73667907714844, 96.23352813720703, 96.6379165649414, 96.9227523803711, 97.3770523071289, 97.73609924316406, 98.07762908935547, 98.39403533935547, 98.71644592285156, 99.0024185180664, 99.33983612060547, 99.70687866210938, 100.0]]], 'z': [50.5, 81.6], 'frames': 49834}, 'Out Of View': {'x': [[0.0, 0.05, 0.1, 0.15000000000000002, 0.2, 0.25, 0.30000000000000004, 0.35000000000000003, 0.4, 0.45, 0.5, 0.55, 0.6000000000000001, 0.65, 0.7000000000000001, 0.75, 0.8, 0.8500000000000001, 0.9, 0.9500000000000001, 1.0], [0.0, 1.0, 2.0, 3.0, 4.0, 5.0, 6.0, 7.0, 8.0, 9.0, 10.0, 11.0, 12.0, 13.0, 14.0, 15.0, 16.0, 17.0, 18.0, 19.0, 20.0, 21.0, 22.0, 23.0, 24.0, 25.0, 26.0, 27.0, 28.0, 29.0, 30.0, 31.0, 32.0, 33.0, 34.0, 35.0, 36.0, 37.0, 38.0, 39.0, 40.0, 41.0, 42.0, 43.0, 44.0, 45.0, 46.0, 47.0, 48.0, 49.0, 50.0]], 'y': [[[100.0, 87.72927856445312, 79.95916748046875, 75.0644302368164, 70.09056854248047, 64.63582611083984, 57.462947845458984, 51.24589920043945, 44.74132537841797, 37.87336349487305, 30.48333740234375, 23.831995010375977, 17.006486892700195, 10.480671882629395, 5.76336669921875, 2.890179395675659, 1.3264793157577515, 0.3792855143547058, 0.030829844996333122, 0.012395515106618404, 0.0]], [[0.36145636439323425, 0.9796012043952942, 4.5774245262146, 10.093165397644043, 15.153610229492188, 20.118274688720703, 24.23603057861328, 28.66010093688965, 33.8074836730957, 37.54914093017578, 41.5471076965332, 44.65277099609375, 48.149288177490234, 51.83928680419922, 54.442901611328125, 56.725032806396484, 58.82377624511719, 61.312347412109375, 63.133853912353516, 65.181884765625, 67.160888671875, 68.305908203125, 69.67674255371094, 70.9845199584961, 72.97645568847656, 73.82758331298828, 75.35867309570312, 77.15274810791016, 78.6580581665039, 79.79638671875, 81.17131805419922, 82.24922180175781, 84.1565933227539, 85.33104705810547, 86.2021484375, 86.884765625, 87.83837890625, 88.7378158569336, 89.31182098388672, 89.85808563232422, 90.87238311767578, 91.34223175048828, 94.53055572509766, 95.27320861816406, 96.03022003173828, 96.58778381347656, 97.39144134521484, 97.84424591064453, 98.31050872802734, 99.3425521850586, 100.0]]], 'z': [36.2, 67.2], 'frames': 11001}, 'Camera Motion': {'x': [[0.0, 0.05, 0.1, 0.15000000000000002, 0.2, 0.25, 0.30000000000000004, 0.35000000000000003, 0.4, 0.45, 0.5, 0.55, 0.6000000000000001, 0.65, 0.7000000000000001, 0.75, 0.8, 0.8500000000000001, 0.9, 0.9500000000000001, 1.0], [0.0, 1.0, 2.0, 3.0, 4.0, 5.0, 6.0, 7.0, 8.0, 9.0, 10.0, 11.0, 12.0, 13.0, 14.0, 15.0, 16.0, 17.0, 18.0, 19.0, 20.0, 21.0, 22.0, 23.0, 24.0, 25.0, 26.0, 27.0, 28.0, 29.0, 30.0, 31.0, 32.0, 33.0, 34.0, 35.0, 36.0, 37.0, 38.0, 39.0, 40.0, 41.0, 42.0, 43.0, 44.0, 45.0, 46.0, 47.0, 48.0, 49.0, 50.0]], 'y': [[[100.0, 96.35958099365234, 95.02973175048828, 93.71240234375, 92.83521270751953, 91.67703247070312, 91.19764709472656, 90.16915893554688, 87.71050262451172, 83.92047882080078, 78.74103546142578, 72.42314910888672, 62.51877975463867, 51.31719207763672, 39.4270133972168, 25.963512420654297, 14.346961975097656, 6.436397075653076, 1.8507057428359985, 0.14508599042892456, 0.0]], [[0.11174289882183075, 1.6567027568817139, 4.739731788635254, 8.891304969787598, 13.888533592224121, 19.482147216796875, 24.006168365478516, 30.519941329956055, 36.372737884521484, 41.27064514160156, 45.76664733886719, 48.97066879272461, 52.10493850708008, 54.933284759521484, 57.62928009033203, 60.908329010009766, 63.36347961425781, 65.78076171875, 68.13761901855469, 70.67227172851562, 74.41560363769531, 76.34234619140625, 77.90899658203125, 79.47245025634766, 81.01641082763672, 82.40955352783203, 83.8235092163086, 84.96082305908203, 86.02149963378906, 87.19670867919922, 88.10517883300781, 88.81379699707031, 89.7148666381836, 90.62318420410156, 91.19931030273438, 92.0599365234375, 93.28154754638672, 94.08202362060547, 94.80644226074219, 95.41204071044922, 96.10111999511719, 96.60136413574219, 97.1031494140625, 97.43221282958984, 97.82505798339844, 98.07569885253906, 98.45361328125, 98.8417739868164, 99.05351257324219, 99.70130157470703, 100.0]]], 'z': [60.8, 74.4], 'frames': 18427}, 'Deformation': {'x': [[0.0, 0.05, 0.1, 0.15000000000000002, 0.2, 0.25, 0.30000000000000004, 0.35000000000000003, 0.4, 0.45, 0.5, 0.55, 0.6000000000000001, 0.65, 0.7000000000000001, 0.75, 0.8, 0.8500000000000001, 0.9, 0.9500000000000001, 1.0], [0.0, 1.0, 2.0, 3.0, 4.0, 5.0, 6.0, 7.0, 8.0, 9.0, 10.0, 11.0, 12.0, 13.0, 14.0, 15.0, 16.0, 17.0, 18.0, 19.0, 20.0, 21.0, 22.0, 23.0, 24.0, 25.0, 26.0, 27.0, 28.0, 29.0, 30.0, 31.0, 32.0, 33.0, 34.0, 35.0, 36.0, 37.0, 38.0, 39.0, 40.0, 41.0, 42.0, 43.0, 44.0, 45.0, 46.0, 47.0, 48.0, 49.0, 50.0]], 'y': [[[100.0, 96.16681671142578, 94.29415893554688, 92.9354019165039, 90.71524810791016, 88.3241958618164, 84.57754516601562, 79.5539779663086, 73.3166732788086, 65.61112213134766, 56.693511962890625, 46.945674896240234, 35.961788177490234, 26.705636978149414, 18.1602725982666, 10.243385314941406, 5.009194374084473, 1.977116584777832, 0.6217010021209717, 0.051524482667446136, 0.0]], [[0.10870577394962311, 1.2813994884490967, 4.331752300262451, 10.150834083557129, 16.05912208557129, 23.393028259277344, 29.119890213012695, 35.37663650512695, 41.9716911315918, 48.665855407714844, 53.806549072265625, 57.6167106628418, 61.21368408203125, 65.10330200195312, 67.9653091430664, 70.44816589355469, 72.70337677001953, 74.60246276855469, 76.35152435302734, 78.02488708496094, 79.48054504394531, 81.0156021118164, 82.44915771484375, 83.83966064453125, 84.74766540527344, 85.8327865600586, 86.74614715576172, 87.7925796508789, 88.56111907958984, 89.4065933227539, 90.42117309570312, 91.07328033447266, 91.9655532836914, 92.54955291748047, 93.21451568603516, 93.72225189208984, 94.29579162597656, 94.86869812011719, 95.28472137451172, 95.78264617919922, 96.21379089355469, 96.6280288696289, 97.19071960449219, 97.57940673828125, 97.91983795166016, 98.27779388427734, 98.6419448852539, 99.00138092041016, 99.30390930175781, 99.6539535522461, 100.0]]], 'z': [50.9, 79.5], 'frames': 69597}, 'Fast Motion': {'x': [[0.0, 0.05, 0.1, 0.15000000000000002, 0.2, 0.25, 0.30000000000000004, 0.35000000000000003, 0.4, 0.45, 0.5, 0.55, 0.6000000000000001, 0.65, 0.7000000000000001, 0.75, 0.8, 0.8500000000000001, 0.9, 0.9500000000000001, 1.0], 