{"AUC": 26.3, "Precision": 35.0, "FPS": -1.0, "attribution": "{'Occlusion': {'x': [[0.0, 0.05, 0.1, 0.15000000000000002, 0.2, 0.25, 0.30000000000000004, 0.35000000000000003, 0.4, 0.45, 0.5, 0.55, 0.6000000000000001, 0.65, 0.7000000000000001, 0.75, 0.8, 0.8500000000000001, 0.9, 0.9500000000000001, 1.0], [0.0, 1.0, 2.0, 3.0, 4.0, 5.0, 6.0, 7.0, 8.0, 9.0, 10.0, 11.0, 12.0, 13.0, 14.0, 15.0, 16.0, 17.0, 18.0, 19.0, 20.0, 21.0, 22.0, 23.0, 24.0, 25.0, 26.0, 27.0, 28.0, 29.0, 30.0, 31.0, 32.0, 33.0, 34.0, 35.0, 36.0, 37.0, 38.0, 39.0, 40.0, 41.0, 42.0, 43.0, 44.0, 45.0, 46.0, 47.0, 48.0, 49.0, 50.0]], 'y': [[[100.0, 93.39720916748047, 89.70149230957031, 86.00077056884766, 81.8073959350586, 77.75090026855469, 73.21726989746094, 69.3301010131836, 64.45468139648438, 59.81749725341797, 54.410213470458984, 46.99494934082031, 38.139244079589844, 29.684412002563477, 20.159425735473633, 11.965641021728516, 5.524569511413574, 2.3106493949890137, 0.7170031070709229, 0.33192116022109985, 0.0]], [[0.45657405257225037, 1.8870383501052856, 6.16116189956665, 11.785690307617188, 17.290122985839844, 23.41966438293457, 29.245933532714844, 34.6815185546875, 39.56014633178711, 44.672019958496094, 48.97419357299805, 52.504642486572266, 55.498199462890625, 58.78201675415039, 61.6701774597168, 63.82127380371094, 66.24473571777344, 68.22940826416016, 69.85633087158203, 71.94468688964844, 73.48834228515625, 74.67951202392578, 75.87297821044922, 76.93852996826172, 78.2708740234375, 79.13671875, 80.35015106201172, 81.63841247558594, 82.70885467529297, 83.67904663085938, 84.58047485351562, 85.40741729736328, 86.32479858398438, 87.12125396728516, 88.09180450439453, 88.91429138183594, 89.77970123291016, 90.46134948730469, 91.31798553466797, 92.20449829101562, 92.98001861572266, 93.63536834716797, 94.8851089477539, 95.79051208496094, 96.34801483154297, 96.96710968017578, 97.58988952636719, 98.33279418945312, 98.83609771728516, 99.3785171508789, 100.0]]], 'z': [47.9, 73.5], 'frames': 49834}, 'Out Of View': {'x': [[0.0, 0.05, 0.1, 0.15000000000000002, 0.2, 0.25, 0.30000000000000004, 0.35000000000000003, 0.4, 0.45, 0.5, 0.55, 0.6000000000000001, 0.65, 0.7000000000000001, 0.75, 0.8, 0.8500000000000001, 0.9, 0.9500000000000001, 1.0], [0.0, 1.0, 2.0, 3.0, 4.0, 5.0, 6.0, 7.0, 8.0, 9.0, 10.0, 11.0, 12.0, 13.0, 14.0, 15.0, 16.0, 17.0, 18.0, 19.0, 20.0, 21.0, 22.0, 23.0, 24.0, 25.0, 26.0, 27.0, 28.0, 29.0, 30.0, 31.0, 32.0, 33.0, 34.0, 35.0, 36.0, 37.0, 38.0, 39.0, 40.0, 41.0, 42.0, 43.0, 44.0, 45.0, 46.0, 47.0, 48.0, 49.0, 50.0]], 'y': [[[100.0, 91.59619903564453, 86.55642700195312, 80.14056396484375, 70.60553741455078, 63.31192398071289, 55.742271423339844, 46.89434051513672, 41.416526794433594, 37.773860931396484, 32.99848175048828, 24.614669799804688, 17.696874618530273, 12.063054084777832, 7.951505661010742, 3.8030929565429688, 1.3934959173202515, 0.7092830538749695, 0.1952270269393921, 0.08825940638780594, 0.0]], [[0.038016319274902344, 0.28235331177711487, 1.2310487031936646, 3.1644322872161865, 6.618743896484375, 11.109237670898438, 13.565122604370117, 17.202484130859375, 23.930294036865234, 26.7244815826416, 31.060985565185547, 34.443111419677734, 37.639434814453125, 40.47061538696289, 43.611228942871094, 46.51967239379883, 53.85747528076172, 56.091529846191406, 57.8869514465332, 59.73426055908203, 63.541282653808594, 66.3096694946289, 67.7480697631836, 68.74491119384766, 70.71317291259766, 71.43885040283203, 73.72396087646484, 75.10503387451172, 77.36719512939453, 78.1617431640625, 78.94351959228516, 80.86518096923828, 81.33981323242188, 81.8382339477539, 83.52335357666016, 84.38599395751953, 87.69935607910156, 89.47575378417969, 90.09308624267578, 90.68618774414062, 91.5678939819336, 92.48298645019531, 93.38343811035156, 94.09930419921875, 96.2264404296875, 96.90359497070312, 97.53364562988281, 98.24536895751953, 98.78058624267578, 99.50282287597656, 100.0]]], 'z': [36.9, 63.5], 'frames': 11001}, 'Camera Motion': {'x': [[0.0, 0.05, 0.1, 0.15000000000000002, 0.2, 0.25, 0.30000000000000004, 0.35000000000000003, 0.4, 0.45, 0.5, 0.55, 0.6000000000000001, 0.65, 0.7000000000000001, 0.75, 0.8, 0.8500000000000001, 0.9, 0.9500000000000001, 1.0], [0.0, 1.0, 2.0, 3.0, 4.0, 5.0, 6.0, 7.0, 8.0, 9.0, 10.0, 11.0, 12.0, 13.0, 14.0, 15.0, 16.0, 17.0, 18.0, 19.0, 20.0, 21.0, 22.0, 23.0, 24.0, 25.0, 26.0, 27.0, 28.0, 29.0, 30.0, 31.0, 32.0, 33.0, 34.0, 35.0, 36.0, 37.0, 38.0, 39.0, 40.0, 41.0, 42.0, 43.0, 44.0, 45.0, 46.0, 47.0, 48.0, 49.0, 50.0]], 'y': [[[100.0, 93.58758544921875, 88.3078842163086, 84.1839599609375, 79.14533233642578, 74.49098205566406, 69.71341705322266, 65.74319458007812, 60.92687225341797, 55.3694953918457, 49.97320556640625, 42.82996368408203, 35.18758010864258, 26.655622482299805, 18.362497329711914, 10.129201889038086, 5.133011341094971, 2.800348997116089, 0.5263941287994385, 0.04938887432217598, 0.0]], [[0.021448535844683647, 0.44844532012939453, 3.2193076610565186, 5.9187211990356445, 10.310994148254395, 14.695342063903809, 17.520030975341797, 21.862184524536133, 26.53486442565918, 33.67277908325195, 38.306678771972656, 40.723365783691406, 43.38249588012695, 47.56181716918945, 51.40241241455078, 53.22257995605469, 58.75495147705078, 60.968353271484375, 63.046443939208984, 64.58280181884766, 66.5694580078125, 67.91709899902344, 69.69237518310547, 70.96065521240234, 73.05280303955078, 74.14032745361328, 76.36260986328125, 77.71654510498047, 79.2607650756836, 80.27613067626953, 81.39982604980469, 82.43940734863281, 83.70722198486328, 84.71653747558594, 85.83320617675781, 86.97805786132812, 87.8045883178711, 88.70735931396484, 90.38941955566406, 91.1626205444336, 92.38541412353516, 93.23062896728516, 94.02418518066406, 94.97791290283203, 95.88052368164062, 96.42485046386719, 97.6080093383789, 98.19593811035156, 98.82173919677734, 99.54167938232422, 100.0]]], 'z': [45.9, 66.6], 'frames': 18427}, 'Deformation': {'x': [[0.0, 0.05, 0.1, 0.15000000000000002, 0.2, 0.25, 0.30000000000000004, 0.35000000000000003, 0.4, 0.45, 0.5, 0.55, 0.6000000000000001, 0.65, 0.7000000000000001, 0.75, 0.8, 0.8500000000000001, 0.9, 0.9500000000000001, 1.0], [0.0, 1.0, 2.0, 3.0, 4.0, 5.0, 6.0, 7.0, 8.0, 9.0, 10.0, 11.0, 12.0, 13.0, 14.0, 15.0, 16.0, 17.0, 18.0, 19.0, 20.0, 21.0, 22.0, 23.0, 24.0, 25.0, 26.0, 27.0, 28.0, 29.0, 30.0, 31.0, 32.0, 33.0, 34.0, 35.0, 36.0, 37.0, 38.0, 39.0, 40.0, 41.0, 42.0, 43.0, 44.0, 45.0, 46.0, 47.0, 48.0, 49.0, 50.0]], 'y': [[[100.0, 94.5177230834961, 89.92518615722656, 86.46566772460938, 81.81377410888672, 76.7304916381836, 71.34004974365234, 65.89459228515625, 59.372222900390625, 51.544918060302734, 40.8025016784668, 29.72743797302246, 20.552444458007812, 13.813948631286621, 8.06956672668457, 4.200923919677734, 1.876954197883606, 0.5615488290786743, 0.2784159183502197, 0.006474146153777838, 0.0]], [[0.01342068426311016, 0.9518445730209351, 1.845872163772583, 4.105225086212158, 6.748403072357178, 10.820791244506836, 13.827739715576172, 17.996315002441406, 23.136245727539062, 28.66271209716797, 34.312156677246094, 39.48464584350586, 43.68116760253906, 47.63767623901367, 51.16577911376953, 54.65225601196289, 57.49946975708008, 59.78827667236328, 62.29221725463867, 64.51929473876953, 66.59880065917969, 68.5306167602539, 70.22360229492188, 72.19061279296875, 73.84330749511719, 75.11253356933594, 76.55107879638672, 77.89207458496094, 79.02236938476562, 80.49104309082031, 81.81989288330078, 83.06257629394531, 84.12139129638672, 85.20410919189453, 86.68075561523438, 88.0628662109375, 89.13141632080078, 90.05204772949219, 90.88389587402344, 91.70323181152344, 92.41693878173828, 92.99337768554688, 93.77659606933594, 94.564697265625, 95.20160675048828, 95.83169555664062, 97.5610580444336, 98.22798919677734, 98.72058868408203, 99.3709716796875, 100.0]]], 'z': [42.7, 66.6], 'frames': 69597}, 'Fast Motion': {'x': [[0.0, 0.05, 0.1, 0.15000000000000002, 0.2, 0.25, 0.30000000000000004, 0.35000000000000003, 0.4, 0.45, 0.5, 0.55, 0.6000000000000001, 0.65, 0.7000000000000001, 0.75, 0.8, 