{"AUC": 23.1, "Precision": 29.1, "FPS": -1.0, "attribution": "{'Occlusion': {'x': [[0.0, 0.05, 0.1, 0.15000000000000002, 0.2, 0.25, 0.30000000000000004, 0.35000000000000003, 0.4, 0.45, 0.5, 0.55, 0.6000000000000001, 0.65, 0.7000000000000001, 0.75, 0.8, 0.8500000000000001, 0.9, 0.9500000000000001, 1.0], [0.0, 1.0, 2.0, 3.0, 4.0, 5.0, 6.0, 7.0, 8.0, 9.0, 10.0, 11.0, 12.0, 13.0, 14.0, 15.0, 16.0, 17.0, 18.0, 19.0, 20.0, 21.0, 22.0, 23.0, 24.0, 25.0, 26.0, 27.0, 28.0, 29.0, 30.0, 31.0, 32.0, 33.0, 34.0, 35.0, 36.0, 37.0, 38.0, 39.0, 40.0, 41.0, 42.0, 43.0, 44.0, 45.0, 46.0, 47.0, 48.0, 49.0, 50.0]], 'y': [[[100.0, 93.29859161376953, 89.35697937011719, 85.7119369506836, 81.48571014404297, 77.02886199951172, 72.64773559570312, 66.40284729003906, 58.23271179199219, 53.01506042480469, 47.59797668457031, 41.93339538574219, 35.92231750488281, 30.071029663085938, 22.221826553344727, 14.198076248168945, 7.098718166351318, 3.171961784362793, 0.9969395399093628, 0.33839309215545654, 0.0]], [[0.4091479778289795, 1.4753468036651611, 5.179512977600098, 10.097862243652344, 15.664304733276367, 21.991594314575195, 26.915773391723633, 32.92709732055664, 38.04718017578125, 42.33124542236328, 47.163841247558594, 50.902347564697266, 54.23465347290039, 57.43632888793945, 59.941436767578125, 62.63719940185547, 64.97924041748047, 66.723388671875, 68.35332489013672, 69.927978515625, 71.86038208007812, 73.3620376586914, 75.52207946777344, 77.0278549194336, 78.0718002319336, 79.27117156982422, 80.36732482910156, 81.46585845947266, 82.61275482177734, 83.39339447021484, 84.43267059326172, 85.36299133300781, 86.8490982055664, 88.04685974121094, 88.95513153076172, 89.75981140136719, 90.4870376586914, 91.21743774414062, 91.98377227783203, 92.59636688232422, 93.43492126464844, 94.26580810546875, 94.78643798828125, 95.3735122680664, 96.03593444824219, 96.76483154296875, 97.24127197265625, 97.678466796875, 98.27059936523438, 98.95555114746094, 100.0]]], 'z': [46.7, 71.9], 'frames': 49834}, 'Out Of View': {'x': [[0.0, 0.05, 0.1, 0.15000000000000002, 0.2, 0.25, 0.30000000000000004, 0.35000000000000003, 0.4, 0.45, 0.5, 0.55, 0.6000000000000001, 0.65, 0.7000000000000001, 0.75, 0.8, 0.8500000000000001, 0.9, 0.9500000000000001, 1.0], [0.0, 1.0, 2.0, 3.0, 4.0, 5.0, 6.0, 7.0, 8.0, 9.0, 10.0, 11.0, 12.0, 13.0, 14.0, 15.0, 16.0, 17.0, 18.0, 19.0, 20.0, 21.0, 22.0, 23.0, 24.0, 25.0, 26.0, 27.0, 28.0, 29.0, 30.0, 31.0, 32.0, 33.0, 34.0, 35.0, 36.0, 37.0, 38.0, 39.0, 40.0, 41.0, 42.0, 43.0, 44.0, 45.0, 46.0, 47.0, 48.0, 49.0, 50.0]], 'y': [[[100.0, 89.559814453125, 83.9004898071289, 80.14791870117188, 76.82673645019531, 65.98810577392578, 52.94081115722656, 45.107234954833984, 37.10800552368164, 31.171972274780273, 25.323131561279297, 21.624977111816406, 15.079289436340332, 12.430522918701172, 7.625814437866211, 4.319272041320801, 2.2227494716644287, 1.182106614112854, 0.4111136794090271, 0.18747231364250183, 0.0]], [[0.25996968150138855, 1.3237963914871216, 2.4285671710968018, 4.485010623931885, 8.004229545593262, 11.835149765014648, 14.574384689331055, 17.333423614501953, 20.22032928466797, 22.52871322631836, 26.142131805419922, 31.3563232421875, 34.30485916137695, 38.284141540527344, 41.10734558105469, 47.52863311767578, 49.287384033203125, 51.148807525634766, 53.25927734375, 55.964515686035156, 57.641143798828125, 59.056121826171875, 60.83212661743164, 61.96855926513672, 64.84420013427734, 66.20915985107422, 68.50379943847656, 70.05896759033203, 71.1580810546875, 73.66595458984375, 74.40961456298828, 75.34635162353516, 77.33247375488281, 78.12620544433594, 80.93025970458984, 81.69351959228516, 82.05054473876953, 83.13050079345703, 84.02236938476562, 84.8019790649414, 86.14405059814453, 87.43250274658203, 88.67933654785156, 90.0263671875, 91.212646484375, 91.74601745605469, 93.41695404052734, 95.0562973022461, 97.49762725830078, 97.97076416015625, 100.0]]], 'z': [35.9, 57.6], 'frames': 11001}, 'Camera Motion': {'x': [[0.0, 0.05, 0.1, 0.15000000000000002, 0.2, 0.25, 0.30000000000000004, 0.35000000000000003, 0.4, 0.45, 0.5, 0.55, 0.6000000000000001, 0.65, 0.7000000000000001, 0.75, 0.8, 0.8500000000000001, 0.9, 0.9500000000000001, 1.0], [0.0, 1.0, 2.0, 3.0, 4.0, 5.0, 6.0, 7.0, 8.0, 9.0, 10.0, 11.0, 12.0, 13.0, 14.0, 15.0, 16.0, 17.0, 18.0, 19.0, 20.0, 21.0, 22.0, 23.0, 24.0, 25.0, 26.0, 27.0, 28.0, 29.0, 30.0, 31.0, 32.0, 33.0, 34.0, 35.0, 36.0, 37.0, 38.0, 39.0, 40.0, 41.0, 42.0, 43.0, 44.0, 45.0, 46.0, 47.0, 48.0, 49.0, 50.0]], 'y': [[[100.0, 93.6869888305664, 88.52570343017578, 83.37193298339844, 79.2073974609375, 76.17723846435547, 71.07376861572266, 65.39362335205078, 58.48778533935547, 51.26719665527344, 44.391597747802734, 37.671661376953125, 28.2706356048584, 21.071048736572266, 13.955148696899414, 9.746977806091309, 5.200128078460693, 2.5326521396636963, 0.569403886795044, 0.0, 0.0]], [[0.028391297906637192, 0.2746581435203552, 1.3490595817565918, 4.82393741607666, 8.748749732971191, 11.450401306152344, 13.630977630615234, 17.029430389404297, 20.42962074279785, 24.325939178466797, 27.7499942779541, 32.88704299926758, 35.32801055908203, 40.32609558105469, 42.394561767578125, 45.650203704833984, 47.97237014770508, 51.29383087158203, 53.66123962402344, 56.39839172363281, 59.82798767089844, 62.732421875, 65.17013549804688, 67.34720611572266, 68.83988189697266, 70.08837127685547, 71.36102294921875, 72.8866195678711, 74.23047637939453, 75.42200469970703, 76.24769592285156, 77.13667297363281, 78.39461517333984, 80.29856872558594, 81.68562316894531, 82.46808624267578, 83.2547378540039, 84.02891540527344, 84.91493225097656, 85.59545135498047, 86.31430053710938, 87.04005432128906, 87.6332015991211, 88.22991180419922, 92.46761322021484, 93.40229797363281, 93.92051696777344, 96.07794189453125, 98.2242202758789, 99.34456634521484, 100.0]]], 'z': [44.3, 59.8], 'frames': 18427}, 'Deformation': {'x': [[0.0, 0.05, 0.1, 0.15000000000000002, 0.2, 0.25, 0.30000000000000004, 0.35000000000000003, 0.4, 0.45, 0.5, 0.55, 0.6000000000000001, 0.65, 0.7000000000000001, 0.75, 0.8, 0.8500000000000001, 0.9, 0.9500000000000001, 1.0], [0.0, 1.0, 2.0, 3.0, 4.0, 5.0, 6.0, 7.0, 8.0, 9.0, 10.0, 11.0, 12.0, 13.0, 14.0, 15.0, 16.0, 17.0, 18.0, 19.0, 20.0, 21.0, 22.0, 23.0, 24.0, 25.0, 26.0, 27.0, 28.0, 29.0, 30.0, 31.0, 32.0, 33.0, 34.0, 35.0, 36.0, 37.0, 38.0, 39.0, 40.0, 41.0, 42.0, 43.0, 44.0, 45.0, 46.0, 47.0, 48.0, 49.0, 50.0]], 'y': [[[100.0, 94.46998596191406, 91.15763854980469, 87.82333374023438, 84.12227630615234, 79.30301666259766, 72.12166595458984, 64.32329559326172, 55.48124313354492, 46.967647552490234, 38.64436340332031, 29.61381721496582, 21.264469146728516, 14.955331802368164, 9.148287773132324, 4.515651702880859, 1.6631890535354614, 0.8156388998031616, 0.09247031062841415, 0.0, 0.0]], [[0.0, 0.6614858508110046, 1.768516182899475, 4.088253974914551, 6.220028400421143, 10.881823539733887, 14.204083442687988, 18.75232696533203, 23.541154861450195, 28.54397964477539, 34.428932189941406, 38.929771423339844, 42.81773376464844, 47.68022155761719, 50.737030029296875, 54.11275100708008, 57.256256103515625, 59.70362854003906, 62.54547882080078, 64.49163818359375, 66.4616470336914, 67.95647430419922, 69.85751342773438, 71.49271392822266, 72.82789611816406, 74.15320587158203, 75.97418212890625, 77.14384460449219, 78.48490142822266, 79.6362075805664, 80.59794616699219, 81.79651641845703, 83.23194885253906, 84.2798080444336, 85.33707427978516, 86.03239440917969, 86.8263931274414, 87.73809051513672, 88.673828125, 89.4065170288086, 90.12557983398438, 93.17552947998047, 94.32257080078125, 95.02284240722656, 95.62837982177734, 96.27725982666016, 96.87733459472656, 97.81604766845703, 98.40718841552734, 98.99658203125, 100.0]]], 'z': [42.7, 66.5], 'frames': 69597}, 'Fast Motion': {'x': [[0.0, 0.05, 0.1, 0.15000000000000002, 0.2, 0.25, 0.30000000000000004, 0.35000000000000003, 0.4, 0.45, 0.5, 0.55, 0.6000000000000001, 0.65, 0.7000000000000001, 0.75, 0.8, 0.8500000000000001, 0.9, 0.9500000000000001, 1.0], [0.0, 1.0, 2.0, 3.0, 4.0, 