{"AUC": 21.3, "Precision": 26.5, "FPS": -1.0, "attribution": "{'Occlusion': {'x': [[0.0, 0.05, 0.1, 0.15000000000000002, 0.2, 0.25, 0.30000000000000004, 0.35000000000000003, 0.4, 0.45, 0.5, 0.55, 0.6000000000000001, 0.65, 0.7000000000000001, 0.75, 0.8, 0.8500000000000001, 0.9, 0.9500000000000001, 1.0], [0.0, 1.0, 2.0, 3.0, 4.0, 5.0, 6.0, 7.0, 8.0, 9.0, 10.0, 11.0, 12.0, 13.0, 14.0, 15.0, 16.0, 17.0, 18.0, 19.0, 20.0, 21.0, 22.0, 23.0, 24.0, 25.0, 26.0, 27.0, 28.0, 29.0, 30.0, 31.0, 32.0, 33.0, 34.0, 35.0, 36.0, 37.0, 38.0, 39.0, 40.0, 41.0, 42.0, 43.0, 44.0, 45.0, 46.0, 47.0, 48.0, 49.0, 50.0]], 'y': [[[100.0, 96.82805633544922, 92.86126708984375, 88.05269622802734, 83.14578247070312, 78.14628601074219, 72.52605438232422, 67.00157165527344, 59.430198669433594, 54.0896110534668, 47.98137283325195, 42.936561584472656, 36.61918640136719, 29.49694061279297, 22.24405860900879, 14.113367080688477, 7.168708801269531, 3.0999231338500977, 1.01753830909729, 0.37010136246681213, 0.0]], [[0.42852145433425903, 1.8453346490859985, 5.992867946624756, 12.208786964416504, 17.410350799560547, 23.70681381225586, 27.625518798828125, 33.835594177246094, 37.818511962890625, 41.95219039916992, 46.65421676635742, 49.78641128540039, 53.110111236572266, 56.098575592041016, 58.45342254638672, 60.34428405761719, 62.447227478027344, 64.71473693847656, 66.48699951171875, 68.79159545898438, 70.3469009399414, 72.26727294921875, 73.8094711303711, 75.19314575195312, 76.247314453125, 78.17743682861328, 79.53956604003906, 80.62018585205078, 81.92471313476562, 83.19267272949219, 84.4416275024414, 85.43490600585938, 86.42829895019531, 87.17767333984375, 88.06038665771484, 89.02290344238281, 89.88783264160156, 90.7840347290039, 91.39529418945312, 92.12337493896484, 92.79328155517578, 93.50416564941406, 94.17178344726562, 94.90118408203125, 95.48544311523438, 96.20092010498047, 97.1728286743164, 98.09056854248047, 98.71382141113281, 99.35391235351562, 100.0]]], 'z': [47.5, 70.3], 'frames': 49834}, 'Out Of View': {'x': [[0.0, 0.05, 0.1, 0.15000000000000002, 0.2, 0.25, 0.30000000000000004, 0.35000000000000003, 0.4, 0.45, 0.5, 0.55, 0.6000000000000001, 0.65, 0.7000000000000001, 0.75, 0.8, 0.8500000000000001, 0.9, 0.9500000000000001, 1.0], [0.0, 1.0, 2.0, 3.0, 4.0, 5.0, 6.0, 7.0, 8.0, 9.0, 10.0, 11.0, 12.0, 13.0, 14.0, 15.0, 16.0, 17.0, 18.0, 19.0, 20.0, 21.0, 22.0, 23.0, 24.0, 25.0, 26.0, 27.0, 28.0, 29.0, 30.0, 31.0, 32.0, 33.0, 34.0, 35.0, 36.0, 37.0, 38.0, 39.0, 40.0, 41.0, 42.0, 43.0, 44.0, 45.0, 46.0, 47.0, 48.0, 49.0, 50.0]], 'y': [[[100.0, 92.62264251708984, 85.76398468017578, 79.68614959716797, 74.93045043945312, 65.95500946044922, 55.54144287109375, 45.95343017578125, 38.50016403198242, 33.19266891479492, 23.887357711791992, 20.07090950012207, 15.070794105529785, 10.667558670043945, 6.338527679443359, 3.384932518005371, 1.9131368398666382, 0.6092751026153564, 0.2122475504875183, 0.016749462112784386, 0.0]], [[0.07041484117507935, 0.9818021059036255, 1.9031126499176025, 4.443423748016357, 7.036050319671631, 10.334898948669434, 13.233386993408203, 14.90638542175293, 20.70423126220703, 22.860309600830078, 25.418737411499023, 30.545913696289062, 32.68301773071289, 36.577369689941406, 38.54027557373047, 40.151100158691406, 42.83681869506836, 44.73994064331055, 46.89877700805664, 49.928016662597656, 52.475093841552734, 54.56301498413086, 57.779701232910156, 60.766632080078125, 62.278602600097656, 63.70919418334961, 65.74937438964844, 66.8102035522461, 68.50843811035156, 70.72712707519531, 73.74560546875, 75.17108917236328, 76.4126205444336, 78.09123992919922, 78.96935272216797, 81.66304016113281, 82.86589813232422, 84.22628021240234, 85.24369049072266, 86.75224304199219, 87.5668716430664, 88.47521209716797, 90.60354614257812, 91.51564025878906, 92.37007141113281, 93.32830047607422, 94.33686828613281, 97.40312957763672, 98.24346923828125, 98.81388092041016, 100.0]]], 'z': [35.9, 52.5], 'frames': 11001}, 'Camera Motion': {'x': [[0.0, 0.05, 0.1, 0.15000000000000002, 0.2, 0.25, 0.30000000000000004, 0.35000000000000003, 0.4, 0.45, 0.5, 0.55, 0.6000000000000001, 0.65, 0.7000000000000001, 0.75, 0.8, 0.8500000000000001, 0.9, 0.9500000000000001, 1.0], [0.0, 1.0, 2.0, 3.0, 4.0, 5.0, 6.0, 7.0, 8.0, 9.0, 10.0, 11.0, 12.0, 13.0, 14.0, 15.0, 16.0, 17.0, 18.0, 19.0, 20.0, 21.0, 22.0, 23.0, 24.0, 25.0, 26.0, 27.0, 28.0, 29.0, 30.0, 31.0, 32.0, 33.0, 34.0, 35.0, 36.0, 37.0, 38.0, 39.0, 40.0, 41.0, 42.0, 43.0, 44.0, 45.0, 46.0, 47.0, 48.0, 49.0, 50.0]], 'y': [[[100.0, 93.64557647705078, 87.32709503173828, 82.47428894042969, 79.57083129882812, 76.81524658203125, 71.94189453125, 65.77960968017578, 58.7359504699707, 53.3381462097168, 43.67967224121094, 35.426353454589844, 27.295398712158203, 19.155302047729492, 13.548324584960938, 9.415116310119629, 5.4236226081848145, 1.9268943071365356, 0.5399969816207886, 0.0, 0.0]], [[0.006556957494467497, 0.36234402656555176, 2.1970713138580322, 4.613053321838379, 8.5142240524292, 11.730382919311523, 13.389701843261719, 17.429805755615234, 21.391761779785156, 24.61154556274414, 28.700759887695312, 33.40889358520508, 35.83641052246094, 40.24515914916992, 42.73323059082031, 46.193443298339844, 48.83746337890625, 50.61185836791992, 53.827781677246094, 55.865997314453125, 57.50466537475586, 59.41860580444336, 63.01559829711914, 64.75839233398438, 66.09869384765625, 67.41851043701172, 69.62716674804688, 70.67361450195312, 71.91584777832031, 73.02528381347656, 74.52510070800781, 76.11643981933594, 77.01425170898438, 77.66513061523438, 78.87569427490234, 79.67780303955078, 80.71158599853516, 82.32341766357422, 83.38248443603516, 84.41471099853516, 85.10980224609375, 85.97856140136719, 86.88448333740234, 89.42943572998047, 90.93972778320312, 91.59424591064453, 92.68570709228516, 93.8228530883789, 95.85297393798828, 99.03925323486328, 100.0]]], 'z': [44.1, 57.5], 'frames': 18427}, 'Deformation': {'x': [[0.0, 0.05, 0.1, 0.15000000000000002, 0.2, 0.25, 0.30000000000000004, 0.35000000000000003, 0.4, 0.45, 0.5, 0.55, 0.6000000000000001, 0.65, 0.7000000000000001, 0.75, 0.8, 0.8500000000000001, 0.9, 0.9500000000000001, 1.0], [0.0, 1.0, 2.0, 3.0, 4.0, 5.0, 6.0, 7.0, 8.0, 9.0, 10.0, 11.0, 12.0, 13.0, 14.0, 15.0, 16.0, 17.0, 18.0, 19.0, 20.0, 21.0, 22.0, 23.0, 24.0, 25.0, 26.0, 27.0, 28.0, 29.0, 30.0, 31.0, 32.0, 33.0, 34.0, 35.0, 36.0, 37.0, 38.0, 39.0, 40.0, 41.0, 42.0, 43.0, 44.0, 45.0, 46.0, 47.0, 48.0, 49.0, 50.0]], 'y': [[[100.0, 95.28094482421875, 91.33808898925781, 86.4991226196289, 82.90533447265625, 78.71678161621094, 71.71465301513672, 63.89996337890625, 56.47066116333008, 47.8372802734375, 39.73697280883789, 30.78702163696289, 21.219932556152344, 14.427007675170898, 9.292832374572754, 4.369089603424072, 1.7097864151000977, 0.7143118977546692, 0.03806048631668091, 0.0, 0.0]], [[0.0037791524082422256, 0.5041632652282715, 2.0479164123535156, 4.409181118011475, 7.173918724060059, 12.074284553527832, 15.973856925964355, 21.407135009765625, 25.455543518066406, 30.771394729614258, 36.67264938354492, 41.416709899902344, 44.5184211730957, 48.141849517822266, 51.40011215209961, 54.41864013671875, 56.62137222290039, 59.13007736206055, 61.15594482421875, 63.571693420410156, 65.36834716796875, 67.22552490234375, 69.35751342773438, 71.19985961914062, 72.42037200927734, 74.09561157226562, 75.55934143066406, 76.90618896484375, 78.25748443603516, 80.23601531982422, 82.34158325195312, 83.52594757080078, 85.39295196533203, 86.63279724121094, 87.43407440185547, 88.46366119384766, 89.4364242553711, 90.1718521118164, 90.96307373046875, 91.69056701660156, 92.45053100585938, 94.42168426513672, 95.06671142578125, 95.62184143066406, 96.15687561035156, 96.72883605957031, 97.28472900390625, 97.87364959716797, 98.60225677490234, 99.14623260498047, 100.0]]], 'z': [42.7, 65.4], 'frames': 69597}, 'Fast Motion': {'x': [[0.0, 0.05, 0.1, 0.15000000000000002, 0.2, 0.25, 0.30000000000000004, 0.35000000000000003, 0.4, 0.45, 0.5, 0.55, 0.6000000000000001, 0.65, 0.7000000000000001, 0.75, 0.8, 0.8500000000000001, 