{"AUC": 30.2, "Precision": 38.4, "FPS": -1.0, "attribution": "{'Occlusion': {'x': [[0.0, 0.05, 0.1, 0.15000000000000002, 0.2, 0.25, 0.30000000000000004, 0.35000000000000003, 0.4, 0.45, 0.5, 0.55, 0.6000000000000001, 0.65, 0.7000000000000001, 0.75, 0.8, 0.8500000000000001, 0.9, 0.9500000000000001, 1.0], [0.0, 1.0, 2.0, 3.0, 4.0, 5.0, 6.0, 7.0, 8.0, 9.0, 10.0, 11.0, 12.0, 13.0, 14.0, 15.0, 16.0, 17.0, 18.0, 19.0, 20.0, 21.0, 22.0, 23.0, 24.0, 25.0, 26.0, 27.0, 28.0, 29.0, 30.0, 31.0, 32.0, 33.0, 34.0, 35.0, 36.0, 37.0, 38.0, 39.0, 40.0, 41.0, 42.0, 43.0, 44.0, 45.0, 46.0, 47.0, 48.0, 49.0, 50.0]], 'y': [[[100.0, 97.29667663574219, 94.74585723876953, 92.27921295166016, 89.10681915283203, 86.73432159423828, 83.5504150390625, 78.91016387939453, 72.4798583984375, 64.38079071044922, 55.226463317871094, 44.5545539855957, 33.26493835449219, 22.70459747314453, 13.249844551086426, 6.375787258148193, 2.653498888015747, 0.9671508073806763, 0.3313387334346771, 0.21655552089214325, 0.0]], [[0.31795552372932434, 1.2822118997573853, 3.490964412689209, 7.347766876220703, 11.665275573730469, 17.340818405151367, 21.893203735351562, 28.04153823852539, 32.57772445678711, 37.835113525390625, 42.279563903808594, 46.36739730834961, 49.913360595703125, 53.168941497802734, 56.67714309692383, 59.88572311401367, 62.30712127685547, 65.09967041015625, 67.24034881591797, 69.19281768798828, 70.9898910522461, 72.54765319824219, 74.50054168701172, 75.98272705078125, 77.6543960571289, 79.0836181640625, 80.66593170166016, 81.7704849243164, 82.8985824584961, 83.90336608886719, 84.90689849853516, 85.68949890136719, 86.60694122314453, 87.4578628540039, 88.14987182617188, 89.03720092773438, 89.90931701660156, 90.81304931640625, 91.66223907470703, 92.42784881591797, 93.42357635498047, 94.39618682861328, 95.11699676513672, 95.9254379272461, 96.39450073242188, 97.043701171875, 97.70861053466797, 98.21905517578125, 98.71827697753906, 99.61862182617188, 100.0]]], 'z': [49.5, 71.0], 'frames': 49834}, 'Out Of View': {'x': [[0.0, 0.05, 0.1, 0.15000000000000002, 0.2, 0.25, 0.30000000000000004, 0.35000000000000003, 0.4, 0.45, 0.5, 0.55, 0.6000000000000001, 0.65, 0.7000000000000001, 0.75, 0.8, 0.8500000000000001, 0.9, 0.9500000000000001, 1.0], [0.0, 1.0, 2.0, 3.0, 4.0, 5.0, 6.0, 7.0, 8.0, 9.0, 10.0, 11.0, 12.0, 13.0, 14.0, 15.0, 16.0, 17.0, 18.0, 19.0, 20.0, 21.0, 22.0, 23.0, 24.0, 25.0, 26.0, 27.0, 28.0, 29.0, 30.0, 31.0, 32.0, 33.0, 34.0, 35.0, 36.0, 37.0, 38.0, 39.0, 40.0, 41.0, 42.0, 43.0, 44.0, 45.0, 46.0, 47.0, 48.0, 49.0, 50.0]], 'y': [[[100.0, 92.4137954711914, 84.85198974609375, 75.66941833496094, 70.2208480834961, 60.95151138305664, 53.531219482421875, 45.82804489135742, 39.23152542114258, 30.88268280029297, 24.688024520874023, 18.95258903503418, 13.125832557678223, 9.059907913208008, 5.864309310913086, 3.3228914737701416, 1.3879599571228027, 0.3145216405391693, 0.03709520399570465, 0.010184829123318195, 0.0]], [[0.07347753643989563, 0.5128853917121887, 1.9640170335769653, 4.305213928222656, 6.419123649597168, 9.425267219543457, 15.494574546813965, 18.99428939819336, 22.369491577148438, 25.82375717163086, 28.350513458251953, 31.222768783569336, 33.67131805419922, 36.77980422973633, 38.76947021484375, 41.7816162109375, 44.06391525268555, 46.487388610839844, 49.483863830566406, 50.90057373046875, 52.711997985839844, 54.665557861328125, 59.319541931152344, 61.85514450073242, 63.02495574951172, 64.40059661865234, 66.65220642089844, 68.08088684082031, 69.80414581298828, 71.15190887451172, 72.84847259521484, 73.8836898803711, 76.17208099365234, 77.7655029296875, 80.58778381347656, 81.91017150878906, 83.49826049804688, 85.03462219238281, 86.47471618652344, 87.43598175048828, 88.674072265625, 90.86392974853516, 92.17601776123047, 93.15404510498047, 93.94429016113281, 95.34001159667969, 95.74838256835938, 96.63048553466797, 97.20367431640625, 98.57894134521484, 100.0]]], 'z': [34.8, 52.7], 'frames': 11001}, 'Camera Motion': {'x': [[0.0, 0.05, 0.1, 0.15000000000000002, 0.2, 0.25, 0.30000000000000004, 0.35000000000000003, 0.4, 0.45, 0.5, 0.55, 0.6000000000000001, 0.65, 0.7000000000000001, 0.75, 0.8, 0.8500000000000001, 0.9, 0.9500000000000001, 1.0], [0.0, 1.0, 2.0, 3.0, 4.0, 5.0, 6.0, 7.0, 8.0, 9.0, 10.0, 11.0, 12.0, 13.0, 14.0, 15.0, 16.0, 17.0, 18.0, 19.0, 20.0, 21.0, 22.0, 23.0, 24.0, 25.0, 26.0, 27.0, 28.0, 29.0, 30.0, 31.0, 32.0, 33.0, 34.0, 35.0, 36.0, 37.0, 38.0, 39.0, 40.0, 41.0, 42.0, 43.0, 44.0, 45.0, 46.0, 47.0, 48.0, 49.0, 50.0]], 'y': [[[100.0, 97.15299987792969, 95.16534423828125, 93.626953125, 92.10279846191406, 90.98245239257812, 89.6112289428711, 87.12147521972656, 83.95222473144531, 77.67432403564453, 69.08806610107422, 56.02192306518555, 42.02552032470703, 27.885181427001953, 15.637919425964355, 8.293256759643555, 3.4806437492370605, 1.2511464357376099, 0.15247872471809387, 0.004602342378348112, 0.0]], [[0.0, 0.4963558316230774, 1.9936070442199707, 3.8621914386749268, 7.494784355163574, 11.45390510559082, 14.344741821289062, 19.258380889892578, 23.402944564819336, 27.628049850463867, 30.688793182373047, 34.601558685302734, 37.09157180786133, 39.68544387817383, 42.90519332885742, 45.58381652832031, 47.910316467285156, 49.805179595947266, 52.33617401123047, 56.42521286010742, 58.89101028442383, 61.41160583496094, 64.18460845947266, 66.36547088623047, 68.34697723388672, 70.1594467163086, 72.19152069091797, 74.07453155517578, 75.9288330078125, 77.37603759765625, 79.03594207763672, 80.24339294433594, 81.94243621826172, 83.97010040283203, 84.76534271240234, 85.4739761352539, 86.58661651611328, 87.78483581542969, 88.77146911621094, 89.48049926757812, 91.14237213134766, 92.07781982421875, 92.67510986328125, 93.23775482177734, 93.97183990478516, 94.74153137207031, 95.69407653808594, 98.06912994384766, 98.71781921386719, 99.43002319335938, 100.0]]], 'z': [53.9, 58.9], 'frames': 18427}, 'Deformation': {'x': [[0.0, 0.05, 0.1, 0.15000000000000002, 0.2, 0.25, 0.30000000000000004, 0.35000000000000003, 0.4, 0.45, 0.5, 0.55, 0.6000000000000001, 0.65, 0.7000000000000001, 0.75, 0.8, 0.8500000000000001, 0.9, 0.9500000000000001, 1.0], [0.0, 1.0, 2.0, 3.0, 4.0, 5.0, 6.0, 7.0, 8.0, 9.0, 10.0, 11.0, 12.0, 13.0, 14.0, 15.0, 16.0, 17.0, 18.0, 19.0, 20.0, 21.0, 22.0, 23.0, 24.0, 25.0, 26.0, 27.0, 28.0, 29.0, 30.0, 31.0, 32.0, 33.0, 34.0, 35.0, 36.0, 37.0, 38.0, 39.0, 40.0, 41.0, 42.0, 43.0, 44.0, 45.0, 46.0, 47.0, 48.0, 49.0, 50.0]], 'y': [[[100.0, 97.6939697265625, 96.07964324951172, 94.65930938720703, 92.30936431884766, 89.48397064208984, 85.37056732177734, 80.01850891113281, 72.32612609863281, 62.775081634521484, 51.385719299316406, 38.574520111083984, 27.49713134765625, 17.651809692382812, 10.30620002746582, 5.269012451171875, 2.462007761001587, 0.812415599822998, 0.11760500818490982, 0.008018797263503075, 0.0]], [[0.04874284192919731, 0.7434119582176208, 2.7911453247070312, 6.062172889709473, 9.93919563293457, 15.592597007751465, 20.98063850402832, 25.613933563232422, 30.061567306518555, 34.414371490478516, 38.8703498840332, 43.50127410888672, 47.56360626220703, 50.854862213134766, 54.068111419677734, 57.336570739746094, 60.086761474609375, 62.767581939697266, 64.9175796508789, 67.00054168701172, 69.29301452636719, 70.97488403320312, 73.35607147216797, 74.89905548095703, 76.46014404296875, 77.83089447021484, 79.38777923583984, 80.76549530029297, 82.10700225830078, 83.34062957763672, 84.42452239990234, 85.36470031738281, 86.29059600830078, 87.32423400878906, 88.3259506225586, 89.10598754882812, 90.19379425048828, 92.5743179321289, 93.25045013427734, 93.83328247070312, 94.48295593261719, 95.06221771240234, 95.64144897460938, 96.19558715820312, 96.74915313720703, 97.52394104003906, 98.061767578125, 98.70767211914062, 99.16386413574219, 99.61103057861328, 100.0]]], 'z': [48.8, 69.3], 'frames': 69597}, 'Fast Motion': {'x': [[0.0, 0.05, 0.1, 0.15000000000000002, 0.2, 0.25, 0.30000000000000004, 0.35000000000000003, 0.4, 0.45, 0.5, 0.55, 0.6000000000000001, 0.65, 0.7000000000000001, 0.75, 0.8, 