{"AUC": 17.5, "Precision": 21.6, "FPS": -1.0, "attribution": "{'Occlusion': {'x': [[0.0, 0.05, 0.1, 0.15000000000000002, 0.2, 0.25, 0.30000000000000004, 0.35000000000000003, 0.4, 0.45, 0.5, 0.55, 0.6000000000000001, 0.65, 0.7000000000000001, 0.75, 0.8, 0.8500000000000001, 0.9, 0.9500000000000001, 1.0], [0.0, 1.0, 2.0, 3.0, 4.0, 5.0, 6.0, 7.0, 8.0, 9.0, 10.0, 11.0, 12.0, 13.0, 14.0, 15.0, 16.0, 17.0, 18.0, 19.0, 20.0, 21.0, 22.0, 23.0, 24.0, 25.0, 26.0, 27.0, 28.0, 29.0, 30.0, 31.0, 32.0, 33.0, 34.0, 35.0, 36.0, 37.0, 38.0, 39.0, 40.0, 41.0, 42.0, 43.0, 44.0, 45.0, 46.0, 47.0, 48.0, 49.0, 50.0]], 'y': [[[100.0, 91.13092803955078, 85.11023712158203, 81.03119659423828, 74.51567840576172, 69.76927185058594, 65.130126953125, 60.64567565917969, 56.34751892089844, 51.0078125, 44.612640380859375, 37.740211486816406, 30.58111000061035, 23.947675704956055, 16.13398551940918, 9.484027862548828, 4.806021690368652, 2.152806043624878, 0.9104925394058228, 0.430648535490036, 0.0]], [[0.5040615200996399, 1.8984055519104004, 5.257447242736816, 9.860735893249512, 13.897628784179688, 18.526229858398438, 22.274505615234375, 26.39276123046875, 30.143733978271484, 34.11022186279297, 37.69002914428711, 41.1999626159668, 44.421661376953125, 47.17692565917969, 49.78336715698242, 52.148468017578125, 54.81049346923828, 57.23600387573242, 59.65024948120117, 61.93498229980469, 64.49401092529297, 66.0971450805664, 68.30413055419922, 70.1345443725586, 71.91508483886719, 73.85050964355469, 75.24303436279297, 77.04637908935547, 78.61292266845703, 79.84043884277344, 81.15612030029297, 82.02294921875, 83.37733459472656, 84.54313659667969, 85.42945098876953, 86.56121826171875, 87.56492614746094, 88.5804672241211, 89.48328399658203, 90.35621643066406, 91.33557891845703, 92.20040130615234, 93.08770751953125, 93.9693832397461, 94.82630157470703, 95.76026916503906, 96.60365295410156, 97.57687377929688, 98.38372802734375, 99.3293228149414, 100.0]]], 'z': [43.1, 64.5], 'frames': 49834}, 'Out Of View': {'x': [[0.0, 0.05, 0.1, 0.15000000000000002, 0.2, 0.25, 0.30000000000000004, 0.35000000000000003, 0.4, 0.45, 0.5, 0.55, 0.6000000000000001, 0.65, 0.7000000000000001, 0.75, 0.8, 0.8500000000000001, 0.9, 0.9500000000000001, 1.0], [0.0, 1.0, 2.0, 3.0, 4.0, 5.0, 6.0, 7.0, 8.0, 9.0, 10.0, 11.0, 12.0, 13.0, 14.0, 15.0, 16.0, 17.0, 18.0, 19.0, 20.0, 21.0, 22.0, 23.0, 24.0, 25.0, 26.0, 27.0, 28.0, 29.0, 30.0, 31.0, 32.0, 33.0, 34.0, 35.0, 36.0, 37.0, 38.0, 39.0, 40.0, 41.0, 42.0, 43.0, 44.0, 45.0, 46.0, 47.0, 48.0, 49.0, 50.0]], 'y': [[[100.0, 88.19061279296875, 80.68344116210938, 76.92351531982422, 70.68118286132812, 65.22750091552734, 57.16071319580078, 51.11632537841797, 45.250308990478516, 40.253440856933594, 34.28715896606445, 26.525846481323242, 20.944610595703125, 14.69552230834961, 10.415617942810059, 5.9559149742126465, 1.8331938982009888, 0.9319302439689636, 0.37220126390457153, 0.020174531266093254, 0.0]], [[0.024733008816838264, 0.703547477722168, 1.7372565269470215, 3.1489827632904053, 5.614938259124756, 10.279874801635742, 14.581664085388184, 19.514421463012695, 22.569374084472656, 26.58339500427246, 29.380460739135742, 32.135128021240234, 33.550106048583984, 35.69874572753906, 40.986141204833984, 43.405616760253906, 46.960079193115234, 49.442665100097656, 52.75765609741211, 56.684417724609375, 58.77106857299805, 61.10334396362305, 65.97250366210938, 67.5302963256836, 69.76860809326172, 71.49773406982422, 73.25263977050781, 74.85017395019531, 75.66900634765625, 77.16021728515625, 79.0267562866211, 80.81940460205078, 81.80703735351562, 83.39229583740234, 84.7336196899414, 85.38273620605469, 86.70366668701172, 87.60015106201172, 88.22610473632812, 88.6783218383789, 89.54891204833984, 89.92340087890625, 90.81644439697266, 92.15296173095703, 93.27590942382812, 94.66552734375, 95.9936294555664, 97.01509857177734, 97.85511779785156, 98.95809936523438, 100.0]]], 'z': [37.7, 58.8], 'frames': 11001}, 'Camera Motion': {'x': [[0.0, 0.05, 0.1, 0.15000000000000002, 0.2, 0.25, 0.30000000000000004, 0.35000000000000003, 0.4, 0.45, 0.5, 0.55, 0.6000000000000001, 0.65, 0.7000000000000001, 0.75, 0.8, 0.8500000000000001, 0.9, 0.9500000000000001, 1.0], [0.0, 1.0, 2.0, 3.0, 4.0, 5.0, 6.0, 7.0, 8.0, 9.0, 10.0, 11.0, 12.0, 13.0, 14.0, 15.0, 16.0, 17.0, 18.0, 19.0, 20.0, 21.0, 22.0, 23.0, 24.0, 25.0, 26.0, 27.0, 28.0, 29.0, 30.0, 31.0, 32.0, 33.0, 34.0, 35.0, 36.0, 37.0, 38.0, 39.0, 40.0, 41.0, 42.0, 43.0, 44.0, 45.0, 46.0, 47.0, 48.0, 49.0, 50.0]], 'y': [[[100.0, 91.69214630126953, 85.95108032226562, 81.27679443359375, 75.77278900146484, 71.27664947509766, 66.66585540771484, 63.273948669433594, 58.11698532104492, 51.822959899902344, 46.15713882446289, 36.842689514160156, 30.643510818481445, 22.569643020629883, 14.418898582458496, 8.525083541870117, 4.081601142883301, 2.251474380493164, 0.21746838092803955, 0.0, 0.0]], [[0.01429181732237339, 0.6288415193557739, 3.6330533027648926, 5.687107086181641, 10.466797828674316, 15.371763229370117, 19.5911808013916, 24.49509048461914, 28.059043884277344, 32.783233642578125, 39.37244415283203, 41.75580978393555, 45.58152389526367, 48.0196647644043, 52.496849060058594, 54.266239166259766, 58.23375701904297, 62.472999572753906, 64.20767974853516, 65.92985534667969, 68.08445739746094, 70.05280303955078, 71.4359130859375, 73.959716796875, 75.2462387084961, 77.75052642822266, 80.29324340820312, 81.43367767333984, 82.37823486328125, 83.08444213867188, 84.71670532226562, 85.47889709472656, 86.71739959716797, 87.673095703125, 88.39832305908203, 89.7156982421875, 90.49192810058594, 91.33087921142578, 91.9874038696289, 92.76377868652344, 93.68708038330078, 94.4595718383789, 95.2206039428711, 95.8905029296875, 96.41083526611328, 97.1618423461914, 97.7347183227539, 98.3804702758789, 99.00194549560547, 99.5991439819336, 100.0]]], 'z': [43.4, 68.1], 'frames': 18427}, 'Deformation': {'x': [[0.0, 0.05, 0.1, 0.15000000000000002, 0.2, 0.25, 0.30000000000000004, 0.35000000000000003, 0.4, 0.45, 0.5, 0.55, 0.6000000000000001, 0.65, 0.7000000000000001, 0.75, 0.8, 0.8500000000000001, 0.9, 0.9500000000000001, 1.0], [0.0, 1.0, 2.0, 3.0, 4.0, 5.0, 6.0, 7.0, 8.0, 9.0, 10.0, 11.0, 12.0, 13.0, 14.0, 15.0, 16.0, 17.0, 18.0, 19.0, 20.0, 21.0, 22.0, 23.0, 24.0, 25.0, 26.0, 27.0, 28.0, 29.0, 30.0, 31.0, 32.0, 33.0, 34.0, 35.0, 36.0, 37.0, 38.0, 39.0, 40.0, 41.0, 42.0, 43.0, 44.0, 45.0, 46.0, 47.0, 48.0, 49.0, 50.0]], 'y': [[[100.0, 91.67286682128906, 85.12120819091797, 80.15013122558594, 73.68941497802734, 68.46407318115234, 61.698097229003906, 56.987060546875, 51.1060791015625, 45.418052673339844, 37.35192108154297, 29.57315444946289, 20.95472526550293, 14.388675689697266, 9.911957740783691, 5.720778465270996, 2.949476718902588, 1.3581820726394653, 0.5295337438583374, 0.10129031538963318, 0.0]], [[0.028354186564683914, 0.880180299282074, 2.729187250137329, 5.383878231048584, 8.397080421447754, 11.814932823181152, 14.975841522216797, 18.995960235595703, 23.497142791748047, 27.042329788208008, 31.00506591796875, 34.707130432128906, 37.71587371826172, 41.73324203491211, 45.5391845703125, 48.53497314453125, 51.32706832885742, 53.35521697998047, 55.942630767822266, 58.069580078125, 59.583045959472656, 61.18441390991211, 64.8147201538086, 66.67938995361328, 68.49159240722656, 70.48975372314453, 72.18803405761719, 73.85443115234375, 75.56257629394531, 76.95621490478516, 78.45501708984375, 79.81532287597656, 81.12415313720703, 82.62660217285156, 83.73159790039062, 85.23375701904297, 86.42463684082031, 87.76426696777344, 88.86918640136719, 89.68019104003906, 90.68904876708984, 91.45022583007812, 92.7465591430664, 93.61901092529297, 94.39771270751953, 95.28306579589844, 95.938232421875, 96.61185455322266, 97.22927856445312, 99.44192504882812, 100.0]]], 'z': [39.9, 59.6], 'frames': 69597}, 'Fast Motion': {'x': [[0.0, 0.05, 0.1, 0.15000000000000002, 0.2, 0.25, 0.30000000000000004, 0.35000000000000003, 0.4, 0.45, 0.5, 0.55, 0.6000000000000001, 0.65, 0.7000000000000001, 0.75, 0.8, 0.8500000000000001, 0.9, 