{"AUC": 34.4, "Precision": 47.0, "FPS": 23.82, "attribution": "{'Occlusion': {'x': [[0.0, 0.05, 0.1, 0.15000000000000002, 0.2, 0.25, 0.30000000000000004, 0.35000000000000003, 0.4, 0.45, 0.5, 0.55, 0.6000000000000001, 0.65, 0.7000000000000001, 0.75, 0.8, 0.8500000000000001, 0.9, 0.9500000000000001, 1.0], [0.0, 1.0, 2.0, 3.0, 4.0, 5.0, 6.0, 7.0, 8.0, 9.0, 10.0, 11.0, 12.0, 13.0, 14.0, 15.0, 16.0, 17.0, 18.0, 19.0, 20.0, 21.0, 22.0, 23.0, 24.0, 25.0, 26.0, 27.0, 28.0, 29.0, 30.0, 31.0, 32.0, 33.0, 34.0, 35.0, 36.0, 37.0, 38.0, 39.0, 40.0, 41.0, 42.0, 43.0, 44.0, 45.0, 46.0, 47.0, 48.0, 49.0, 50.0]], 'y': [[[100.0, 92.19444274902344, 87.6033935546875, 82.24461364746094, 78.8758544921875, 75.98407745361328, 73.16069793701172, 69.24169921875, 64.44681549072266, 59.00425338745117, 52.840675354003906, 44.38023376464844, 34.9433479309082, 25.656085968017578, 17.203763961791992, 9.63642692565918, 4.496306419372559, 1.7351962327957153, 0.470390260219574, 0.20810382068157196, 0.0]], [[0.5289238691329956, 2.3194868564605713, 7.111817359924316, 13.431689262390137, 20.5318603515625, 27.41868782043457, 32.966148376464844, 39.28804397583008, 44.692474365234375, 48.81505584716797, 52.418033599853516, 56.20502853393555, 58.83331298828125, 61.30438995361328, 63.60266876220703, 65.70093536376953, 68.12154388427734, 69.85635375976562, 71.71761322021484, 73.38856506347656, 74.88374328613281, 76.17782592773438, 77.53711700439453, 79.00542449951172, 80.66231536865234, 81.75698852539062, 83.03424835205078, 84.26583099365234, 85.3742904663086, 86.39360809326172, 87.19715118408203, 88.16959381103516, 89.23928833007812, 89.95223999023438, 90.6629867553711, 91.24644470214844, 91.76239013671875, 92.31956481933594, 92.83892822265625, 93.37591552734375, 93.89334106445312, 94.67466735839844, 95.27855682373047, 96.05953216552734, 96.60951232910156, 97.08921813964844, 97.78913116455078, 98.3821792602539, 98.89833068847656, 99.50337982177734, 100.0]]], 'z': [46.4, 74.9], 'frames': 49834}, 'Out Of View': {'x': [[0.0, 0.05, 0.1, 0.15000000000000002, 0.2, 0.25, 0.30000000000000004, 0.35000000000000003, 0.4, 0.45, 0.5, 0.55, 0.6000000000000001, 0.65, 0.7000000000000001, 0.75, 0.8, 0.8500000000000001, 0.9, 0.9500000000000001, 1.0], [0.0, 1.0, 2.0, 3.0, 4.0, 5.0, 6.0, 7.0, 8.0, 9.0, 10.0, 11.0, 12.0, 13.0, 14.0, 15.0, 16.0, 17.0, 18.0, 19.0, 20.0, 21.0, 22.0, 23.0, 24.0, 25.0, 26.0, 27.0, 28.0, 29.0, 30.0, 31.0, 32.0, 33.0, 34.0, 35.0, 36.0, 37.0, 38.0, 39.0, 40.0, 41.0, 42.0, 43.0, 44.0, 45.0, 46.0, 47.0, 48.0, 49.0, 50.0]], 'y': [[[100.0, 85.01228332519531, 80.258056640625, 76.0205307006836, 70.23294830322266, 59.87937927246094, 53.535133361816406, 46.89732360839844, 42.04963684082031, 35.88410186767578, 30.027462005615234, 22.060672760009766, 15.909521102905273, 11.024413108825684, 7.349478244781494, 3.493387222290039, 1.3985214233398438, 0.4073691666126251, 0.07754752039909363, 0.009073983877897263, 0.0]], [[0.03226301819086075, 1.1013329029083252, 4.153256893157959, 9.751280784606934, 13.995258331298828, 17.930082321166992, 21.031587600708008, 25.377744674682617, 29.505353927612305, 33.36488723754883, 37.41743087768555, 39.9431037902832, 44.02799987792969, 46.44266128540039, 48.86259460449219, 52.075531005859375, 54.21832275390625, 55.7238655090332, 57.81500244140625, 59.149539947509766, 60.479312896728516, 62.00335693359375, 63.6624755859375, 65.19915771484375, 67.03074645996094, 68.48418426513672, 69.80610656738281, 71.19589233398438, 72.34281158447266, 73.98974609375, 75.38797760009766, 76.90412902832031, 78.5650405883789, 79.88917541503906, 80.81402587890625, 82.92057037353516, 84.2892074584961, 85.6478271484375, 86.63965606689453, 88.68281555175781, 89.7410659790039, 91.00331115722656, 92.14569091796875, 93.12000274658203, 94.42485046386719, 95.60836029052734, 96.36956787109375, 97.1955337524414, 97.90645599365234, 99.0816650390625, 100.0]]], 'z': [35.3, 60.5], 'frames': 11001}, 'Camera Motion': {'x': [[0.0, 0.05, 0.1, 0.15000000000000002, 0.2, 0.25, 0.30000000000000004, 0.35000000000000003, 0.4, 0.45, 0.5, 0.55, 0.6000000000000001, 0.65, 0.7000000000000001, 0.75, 0.8, 0.8500000000000001, 0.9, 0.9500000000000001, 1.0], [0.0, 1.0, 2.0, 3.0, 4.0, 5.0, 6.0, 7.0, 8.0, 9.0, 10.0, 11.0, 12.0, 13.0, 14.0, 15.0, 16.0, 17.0, 18.0, 19.0, 20.0, 21.0, 22.0, 23.0, 24.0, 25.0, 26.0, 27.0, 28.0, 29.0, 30.0, 31.0, 32.0, 33.0, 34.0, 35.0, 36.0, 37.0, 38.0, 39.0, 40.0, 41.0, 42.0, 43.0, 44.0, 45.0, 46.0, 47.0, 48.0, 49.0, 50.0]], 'y': [[[100.0, 94.38568878173828, 91.26145935058594, 89.32540130615234, 87.91030883789062, 86.18013763427734, 84.78107452392578, 83.35542297363281, 81.43987274169922, 79.1887435913086, 75.118896484375, 68.40193939208984, 60.338706970214844, 46.39118576049805, 33.595882415771484, 22.169937133789062, 11.564746856689453, 4.224900245666504, 0.7644129395484924, 0.05583462119102478, 0.0]], [[0.16978572309017181, 1.1525471210479736, 3.4599430561065674, 8.081049919128418, 12.991775512695312, 19.456613540649414, 23.11282730102539, 29.582019805908203, 34.45100784301758, 38.729129791259766, 43.37131118774414, 46.21946334838867, 48.6169548034668, 52.238040924072266, 54.567264556884766, 57.70798873901367, 61.03358459472656, 63.13301467895508, 65.50542449951172, 67.53394317626953, 70.21891784667969, 72.08588409423828, 73.8842544555664, 77.13676452636719, 78.48613739013672, 79.6932601928711, 80.84352111816406, 82.00833129882812, 83.11676025390625, 85.02359771728516, 86.21111297607422, 87.29692077636719, 88.68165588378906, 89.5749282836914, 90.33016204833984, 91.27909851074219, 91.88729095458984, 92.69023895263672, 93.39157104492188, 94.01831817626953, 94.63655090332031, 95.32310485839844, 95.71139526367188, 96.21776580810547, 96.62553405761719, 97.02778625488281, 97.94293975830078, 98.48190307617188, 98.94013214111328, 99.73799896240234, 100.0]]], 'z': [57.2, 70.2], 'frames': 18427}, 'Deformation': {'x': [[0.0, 0.05, 0.1, 0.15000000000000002, 0.2, 0.25, 0.30000000000000004, 0.35000000000000003, 0.4, 0.45, 0.5, 0.55, 0.6000000000000001, 0.65, 0.7000000000000001, 0.75, 0.8, 0.8500000000000001, 0.9, 0.9500000000000001, 1.0], [0.0, 1.0, 2.0, 3.0, 4.0, 5.0, 6.0, 7.0, 8.0, 9.0, 10.0, 11.0, 12.0, 13.0, 14.0, 15.0, 16.0, 17.0, 18.0, 19.0, 20.0, 21.0, 22.0, 23.0, 24.0, 25.0, 26.0, 27.0, 28.0, 29.0, 30.0, 31.0, 32.0, 33.0, 34.0, 35.0, 36.0, 37.0, 38.0, 39.0, 40.0, 41.0, 42.0, 43.0, 44.0, 45.0, 46.0, 47.0, 48.0, 49.0, 50.0]], 'y': [[[100.0, 93.21194458007812, 91.30599212646484, 89.1929931640625, 86.8268814086914, 83.97827911376953, 81.16852569580078, 77.65225982666016, 72.05984497070312, 64.88507080078125, 56.78752517700195, 46.02358627319336, 35.81806564331055, 25.043794631958008, 15.73669719696045, 8.640603065490723, 4.159107685089111, 1.59385347366333, 0.3509349524974823, 0.03988717868924141, 0.0]], [[0.09800905734300613, 1.2301770448684692, 3.898611307144165, 8.703094482421875, 13.502232551574707, 19.312273025512695, 24.653648376464844, 31.575075149536133, 37.3182373046875, 42.921730041503906, 48.4063606262207, 52.586753845214844, 56.34761047363281, 59.83283996582031, 62.74275207519531, 65.3270492553711, 67.85408020019531, 69.99933624267578, 71.9426040649414, 73.48756408691406, 75.139404296875, 76.50269317626953, 78.01219177246094, 79.4056625366211, 80.59217071533203, 81.98774719238281, 83.36033630371094, 84.49512481689453, 85.44668579101562, 86.31298828125, 87.47895050048828, 88.57229614257812, 89.54931640625, 90.21437072753906, 90.90406036376953, 91.75650787353516, 92.31688690185547, 92.96796417236328, 93.46936798095703, 93.95674133300781, 94.47704315185547, 95.08975982666016, 95.59121704101562, 96.25547790527344, 96.73664093017578, 97.1354751586914, 97.60861206054688, 97.99588012695312, 99.12928009033203, 99.61563110351562, 100.0]]], 'z': [49.3, 75.1], 'frames': 69597}, 'Fast Motion': {'x': [[0.0, 0.05, 0.1, 0.15000000000000002, 0.2, 0.25, 0.30000000000000004, 0.35000000000000003, 0.4, 0.45, 0.5, 0.55, 0.6000000000000001, 0.65, 0.7000000000000001, 0.75, 0.8, 0.8500000000000001, 0.9, 