{"AUC": 24.1, "Precision": 32.1, "FPS": -1.0, "attribution": "{'Occlusion': {'x': [[0.0, 0.05, 0.1, 0.15000000000000002, 0.2, 0.25, 0.30000000000000004, 0.35000000000000003, 0.4, 0.45, 0.5, 0.55, 0.6000000000000001, 0.65, 0.7000000000000001, 0.75, 0.8, 0.8500000000000001, 0.9, 0.9500000000000001, 1.0], [0.0, 1.0, 2.0, 3.0, 4.0, 5.0, 6.0, 7.0, 8.0, 9.0, 10.0, 11.0, 12.0, 13.0, 14.0, 15.0, 16.0, 17.0, 18.0, 19.0, 20.0, 21.0, 22.0, 23.0, 24.0, 25.0, 26.0, 27.0, 28.0, 29.0, 30.0, 31.0, 32.0, 33.0, 34.0, 35.0, 36.0, 37.0, 38.0, 39.0, 40.0, 41.0, 42.0, 43.0, 44.0, 45.0, 46.0, 47.0, 48.0, 49.0, 50.0]], 'y': [[[100.0, 94.7032241821289, 89.76192474365234, 85.23306274414062, 79.9310531616211, 75.24978637695312, 70.40658569335938, 64.62828826904297, 56.572914123535156, 51.93057632446289, 46.04881286621094, 39.44073486328125, 32.63017654418945, 25.408306121826172, 17.609067916870117, 10.83605670928955, 5.296281337738037, 2.508066415786743, 1.2182320356369019, 0.3522062301635742, 0.0]], [[0.4204868674278259, 1.6393907070159912, 4.961174488067627, 10.158595085144043, 15.929987907409668, 22.417259216308594, 27.689847946166992, 34.808265686035156, 40.829689025878906, 45.73805618286133, 51.02682876586914, 54.35883331298828, 56.65936279296875, 59.04352569580078, 61.184165954589844, 64.22284698486328, 66.2701187133789, 67.99652862548828, 69.47537994384766, 71.20854187011719, 72.69670104980469, 74.06671905517578, 75.4609146118164, 77.20221710205078, 78.35506439208984, 79.16222381591797, 80.106201171875, 81.02188110351562, 82.21368408203125, 83.17152404785156, 84.12515258789062, 84.94497680664062, 85.81573486328125, 86.58087158203125, 87.41903686523438, 88.30538177490234, 89.42605590820312, 90.11039733886719, 90.73531341552734, 91.32532501220703, 92.36570739746094, 93.07998657226562, 93.83724975585938, 94.93943786621094, 95.78042602539062, 96.44635772705078, 97.1083755493164, 98.05403137207031, 98.6286849975586, 99.5677261352539, 100.0]]], 'z': [45.2, 72.7], 'frames': 49834}, 'Out Of View': {'x': [[0.0, 0.05, 0.1, 0.15000000000000002, 0.2, 0.25, 0.30000000000000004, 0.35000000000000003, 0.4, 0.45, 0.5, 0.55, 0.6000000000000001, 0.65, 0.7000000000000001, 0.75, 0.8, 0.8500000000000001, 0.9, 0.9500000000000001, 1.0], [0.0, 1.0, 2.0, 3.0, 4.0, 5.0, 6.0, 7.0, 8.0, 9.0, 10.0, 11.0, 12.0, 13.0, 14.0, 15.0, 16.0, 17.0, 18.0, 19.0, 20.0, 21.0, 22.0, 23.0, 24.0, 25.0, 26.0, 27.0, 28.0, 29.0, 30.0, 31.0, 32.0, 33.0, 34.0, 35.0, 36.0, 37.0, 38.0, 39.0, 40.0, 41.0, 42.0, 43.0, 44.0, 45.0, 46.0, 47.0, 48.0, 49.0, 50.0]], 'y': [[[100.0, 92.35661315917969, 84.43891906738281, 79.3920669555664, 73.11039733886719, 66.58953094482422, 58.02284622192383, 50.08974838256836, 40.53581237792969, 34.08565902709961, 28.59392547607422, 20.945106506347656, 13.617504119873047, 9.840367317199707, 7.185192584991455, 4.063455104827881, 2.0715503692626953, 1.378463864326477, 0.28720131516456604, 0.013828967697918415, 0.0]], [[0.029828011989593506, 0.5635761618614197, 1.545737624168396, 4.137335300445557, 7.552362442016602, 11.363696098327637, 13.994834899902344, 20.73488426208496, 26.988523483276367, 29.788124084472656, 32.40468978881836, 34.695030212402344, 37.48586654663086, 41.76097869873047, 46.26806640625, 49.205570220947266, 53.22914123535156, 59.277587890625, 62.2777214050293, 63.39716339111328, 66.00933837890625, 67.43660736083984, 68.89199829101562, 71.13204956054688, 74.31932067871094, 75.43218231201172, 76.76541900634766, 77.2671127319336, 78.38096618652344, 79.21895599365234, 81.42273712158203, 82.36412048339844, 83.32518768310547, 85.02608489990234, 85.43724060058594, 86.5416259765625, 87.16304779052734, 88.09774780273438, 88.41989135742188, 89.13338470458984, 89.47403717041016, 91.51924896240234, 92.5742416381836, 93.22531127929688, 93.94034576416016, 96.20343780517578, 97.36981964111328, 97.95159912109375, 98.6949234008789, 99.08589935302734, 100.0]]], 'z': [36.5, 66.0], 'frames': 11001}, 'Camera Motion': {'x': [[0.0, 0.05, 0.1, 0.15000000000000002, 0.2, 0.25, 0.30000000000000004, 0.35000000000000003, 0.4, 0.45, 0.5, 0.55, 0.6000000000000001, 0.65, 0.7000000000000001, 0.75, 0.8, 0.8500000000000001, 0.9, 0.9500000000000001, 1.0], [0.0, 1.0, 2.0, 3.0, 4.0, 5.0, 6.0, 7.0, 8.0, 9.0, 10.0, 11.0, 12.0, 13.0, 14.0, 15.0, 16.0, 17.0, 18.0, 19.0, 20.0, 21.0, 22.0, 23.0, 24.0, 25.0, 26.0, 27.0, 28.0, 29.0, 30.0, 31.0, 32.0, 33.0, 34.0, 35.0, 36.0, 37.0, 38.0, 39.0, 40.0, 41.0, 42.0, 43.0, 44.0, 45.0, 46.0, 47.0, 48.0, 49.0, 50.0]], 'y': [[[100.0, 93.66715240478516, 88.68247985839844, 83.36109924316406, 78.17546081542969, 74.3511734008789, 69.68949890136719, 64.72041320800781, 57.74739456176758, 49.532196044921875, 42.942527770996094, 37.219791412353516, 29.129642486572266, 23.158817291259766, 16.05562973022461, 11.091175079345703, 6.589837551116943, 3.6369822025299072, 1.0208041667938232, 0.0, 0.0]], [[0.024386825039982796, 0.37393251061439514, 3.6785695552825928, 6.0395307540893555, 9.703561782836914, 12.60072135925293, 15.1469144821167, 20.853374481201172, 24.817825317382812, 29.984045028686523, 34.749488830566406, 39.268192291259766, 42.314483642578125, 46.09247970581055, 49.99671173095703, 53.037960052490234, 55.82725524902344, 58.15623474121094, 61.714447021484375, 63.64595413208008, 65.48445892333984, 67.86113739013672, 69.50033569335938, 71.55194091796875, 74.40218353271484, 76.2405014038086, 78.41996765136719, 79.79051208496094, 80.85159301757812, 81.73660278320312, 82.45874786376953, 84.0209732055664, 85.0900650024414, 86.00531768798828, 86.7906723022461, 87.4727554321289, 87.99441528320312, 88.7573471069336, 89.4228286743164, 90.41584777832031, 91.00928497314453, 91.67025756835938, 93.50326538085938, 94.14300537109375, 94.74241638183594, 95.58393096923828, 96.13365173339844, 97.9129638671875, 98.29495239257812, 99.33805847167969, 100.0]]], 'z': [44.3, 65.5], 'frames': 18427}, 'Deformation': {'x': [[0.0, 0.05, 0.1, 0.15000000000000002, 0.2, 0.25, 0.30000000000000004, 0.35000000000000003, 0.4, 0.45, 0.5, 0.55, 0.6000000000000001, 0.65, 0.7000000000000001, 0.75, 0.8, 0.8500000000000001, 0.9, 0.9500000000000001, 1.0], [0.0, 1.0, 2.0, 3.0, 4.0, 5.0, 6.0, 7.0, 8.0, 9.0, 10.0, 11.0, 12.0, 13.0, 14.0, 15.0, 16.0, 17.0, 18.0, 19.0, 20.0, 21.0, 22.0, 23.0, 24.0, 25.0, 26.0, 27.0, 28.0, 29.0, 30.0, 31.0, 32.0, 33.0, 34.0, 35.0, 36.0, 37.0, 38.0, 39.0, 40.0, 41.0, 42.0, 43.0, 44.0, 45.0, 46.0, 47.0, 48.0, 49.0, 50.0]], 'y': [[[100.0, 93.9559326171875, 89.35894012451172, 85.0206298828125, 81.05382537841797, 76.85782623291016, 70.55409240722656, 63.91597366333008, 55.517662048339844, 46.15913772583008, 36.302188873291016, 26.49546241760254, 18.974143981933594, 11.363936424255371, 6.56049919128418, 3.349738597869873, 1.2230956554412842, 0.4040093719959259, 0.10385894030332565, 0.0010791911045089364, 0.0]], [[0.02016519382596016, 0.28543898463249207, 1.3452264070510864, 3.4217140674591064, 6.792113780975342, 10.50481128692627, 14.088414192199707, 20.261680603027344, 24.092697143554688, 28.787187576293945, 33.905975341796875, 39.721649169921875, 43.049964904785156, 46.88790512084961, 50.248260498046875, 53.355743408203125, 56.476749420166016, 59.316688537597656, 62.1023063659668, 64.36260986328125, 66.376220703125, 68.23045349121094, 70.31519317626953, 71.7078857421875, 73.81241607666016, 75.29857635498047, 76.82723236083984, 78.2591552734375, 79.64134216308594, 80.67084503173828, 81.6937484741211, 83.08460998535156, 84.33134460449219, 85.18412780761719, 85.96778869628906, 86.81056213378906, 88.07686614990234, 89.45633697509766, 90.1270523071289, 91.10708618164062, 91.90228271484375, 92.54117584228516, 93.36173248291016, 94.05461883544922, 94.90779876708984, 95.98709106445312, 96.62794494628906, 98.30563354492188, 98.82904815673828, 99.43949890136719, 100.0]]], 'z': [41.3, 66.4], 'frames': 69597}, 'Fast Motion': {'x': [[0.0, 0.05, 0.1, 0.15000000000000002, 0.2, 0.25, 0.30000000000000004, 0.35000000000000003, 0.4, 0.45, 0.5, 0.55, 0.6000000000000001, 0.65, 0.7000000000000001, 0.75, 0.8, 0.8500000000000001,