{"AUC": 36.0, "Precision": 48.1, "FPS": 23.7, "attribution": "{'Occlusion': {'x': [[0.0, 0.05, 0.1, 0.15000000000000002, 0.2, 0.25, 0.30000000000000004, 0.35000000000000003, 0.4, 0.45, 0.5, 0.55, 0.6000000000000001, 0.65, 0.7000000000000001, 0.75, 0.8, 0.8500000000000001, 0.9, 0.9500000000000001, 1.0], [0.0, 1.0, 2.0, 3.0, 4.0, 5.0, 6.0, 7.0, 8.0, 9.0, 10.0, 11.0, 12.0, 13.0, 14.0, 15.0, 16.0, 17.0, 18.0, 19.0, 20.0, 21.0, 22.0, 23.0, 24.0, 25.0, 26.0, 27.0, 28.0, 29.0, 30.0, 31.0, 32.0, 33.0, 34.0, 35.0, 36.0, 37.0, 38.0, 39.0, 40.0, 41.0, 42.0, 43.0, 44.0, 45.0, 46.0, 47.0, 48.0, 49.0, 50.0]], 'y': [[[100.0, 96.783203125, 93.70366668701172, 91.20076751708984, 88.54019927978516, 85.25774383544922, 81.69486999511719, 77.43438720703125, 71.88074493408203, 65.83329772949219, 57.35117721557617, 49.36380386352539, 39.74043273925781, 29.521900177001953, 20.217039108276367, 12.338136672973633, 6.39698600769043, 2.189833879470825, 0.5948460698127747, 0.19352012872695923, 0.0]], [[0.30155718326568604, 1.6988065242767334, 6.264931678771973, 12.033703804016113, 18.888465881347656, 26.450511932373047, 32.56157302856445, 38.21937942504883, 43.081085205078125, 47.948917388916016, 51.947998046875, 55.38241958618164, 58.321868896484375, 61.46637725830078, 63.75530242919922, 65.839599609375, 68.33631134033203, 70.45072937011719, 72.23992156982422, 73.95846557617188, 75.8035659790039, 77.2698974609375, 78.67675018310547, 79.92671203613281, 81.04669189453125, 82.30337524414062, 83.4344711303711, 84.42034912109375, 85.29997253417969, 86.25267028808594, 87.52737426757812, 88.34532165527344, 89.37386322021484, 90.07450103759766, 90.93286895751953, 91.82225799560547, 92.6746826171875, 93.27497863769531, 93.87000274658203, 94.51776123046875, 95.0234603881836, 95.64683532714844, 96.2813491821289, 96.7143325805664, 97.14254760742188, 97.68939971923828, 98.09656524658203, 98.48892974853516, 98.89521789550781, 99.52134704589844, 100.0]]], 'z': [51.0, 75.8], 'frames': 49834}, 'Out Of View': {'x': [[0.0, 0.05, 0.1, 0.15000000000000002, 0.2, 0.25, 0.30000000000000004, 0.35000000000000003, 0.4, 0.45, 0.5, 0.55, 0.6000000000000001, 0.65, 0.7000000000000001, 0.75, 0.8, 0.8500000000000001, 0.9, 0.9500000000000001, 1.0], [0.0, 1.0, 2.0, 3.0, 4.0, 5.0, 6.0, 7.0, 8.0, 9.0, 10.0, 11.0, 12.0, 13.0, 14.0, 15.0, 16.0, 17.0, 18.0, 19.0, 20.0, 21.0, 22.0, 23.0, 24.0, 25.0, 26.0, 27.0, 28.0, 29.0, 30.0, 31.0, 32.0, 33.0, 34.0, 35.0, 36.0, 37.0, 38.0, 39.0, 40.0, 41.0, 42.0, 43.0, 44.0, 45.0, 46.0, 47.0, 48.0, 49.0, 50.0]], 'y': [[[100.0, 92.71356964111328, 86.94580841064453, 80.23873138427734, 74.75794982910156, 68.33641815185547, 58.290367126464844, 51.85444259643555, 47.285457611083984, 39.8521842956543, 31.808992385864258, 25.87604522705078, 20.561824798583984, 12.917634963989258, 8.794486045837402, 4.180250644683838, 1.990006923675537, 0.3539147973060608, 0.02353285439312458, 0.00783061794936657, 0.0]], [[0.02988661266863346, 0.6363352537155151, 3.9017748832702637, 7.375725269317627, 11.461565971374512, 15.42678165435791, 19.538793563842773, 23.92715835571289, 27.738916397094727, 32.45940399169922, 37.78251647949219, 41.334144592285156, 44.52117156982422, 47.208831787109375, 49.20613479614258, 52.277130126953125, 54.940147399902344, 56.3786506652832, 57.697669982910156, 58.75081253051758, 60.62706756591797, 62.11750411987305, 63.39540481567383, 64.49633026123047, 66.07192993164062, 67.42816162109375, 68.61872100830078, 70.41535949707031, 71.96060943603516, 73.47470092773438, 74.60597229003906, 77.18283081054688, 78.6026382446289, 80.40187072753906, 82.92410278320312, 84.61149597167969, 85.77806091308594, 86.84379577636719, 87.51485443115234, 88.77684783935547, 90.62753295898438, 91.4654312133789, 92.12977600097656, 93.51850128173828, 94.49085235595703, 95.3849105834961, 96.11380767822266, 96.99649810791016, 97.86766052246094, 99.02633666992188, 100.0]]], 'z': [38.4, 60.6], 'frames': 11001}, 'Camera Motion': {'x': [[0.0, 0.05, 0.1, 0.15000000000000002, 0.2, 0.25, 0.30000000000000004, 0.35000000000000003, 0.4, 0.45, 0.5, 0.55, 0.6000000000000001, 0.65, 0.7000000000000001, 0.75, 0.8, 0.8500000000000001, 0.9, 0.9500000000000001, 1.0], [0.0, 1.0, 2.0, 3.0, 4.0, 5.0, 6.0, 7.0, 8.0, 9.0, 10.0, 11.0, 12.0, 13.0, 14.0, 15.0, 16.0, 17.0, 18.0, 19.0, 20.0, 21.0, 22.0, 23.0, 24.0, 25.0, 26.0, 27.0, 28.0, 29.0, 30.0, 31.0, 32.0, 33.0, 34.0, 35.0, 36.0, 37.0, 38.0, 39.0, 40.0, 41.0, 42.0, 43.0, 44.0, 45.0, 46.0, 47.0, 48.0, 49.0, 50.0]], 'y': [[[100.0, 97.94928741455078, 96.1095962524414, 95.11006164550781, 94.2943344116211, 93.23759460449219, 91.86393737792969, 90.42959594726562, 87.96963500976562, 84.04512023925781, 78.07432556152344, 69.86080169677734, 59.498924255371094, 46.32390594482422, 34.36688995361328, 21.433366775512695, 11.203167915344238, 4.0604472160339355, 0.8963158130645752, 0.16877122223377228, 0.0]], [[0.05825953558087349, 0.6557657718658447, 4.244506359100342, 8.18997859954834, 13.5054292678833, 19.141220092773438, 24.403879165649414, 30.049190521240234, 35.350833892822266, 40.2709846496582, 44.46513366699219, 47.23149108886719, 50.06576156616211, 53.375770568847656, 55.96283721923828, 59.235572814941406, 62.114532470703125, 64.55122375488281, 67.10899353027344, 69.27791595458984, 71.08199310302734, 72.47978973388672, 74.3612060546875, 76.10661315917969, 77.79719543457031, 78.95585632324219, 80.69058227539062, 81.67864990234375, 83.0968017578125, 84.16667938232422, 85.17888641357422, 87.69792175292969, 88.63560485839844, 89.84217834472656, 90.52279663085938, 91.36119842529297, 91.8568344116211, 92.44283294677734, 93.33015441894531, 94.3075180053711, 94.70938110351562, 95.2861328125, 95.6886978149414, 96.77032470703125, 97.70706939697266, 98.31442260742188, 98.65702819824219, 98.99059295654297, 99.31333923339844, 99.66935729980469, 100.0]]], 'z': [59.9, 71.1], 'frames': 18427}, 'Deformation': {'x': [[0.0, 0.05, 0.1, 0.15000000000000002, 0.2, 0.25, 0.30000000000000004, 0.35000000000000003, 0.4, 0.45, 0.5, 0.55, 0.6000000000000001, 0.65, 0.7000000000000001, 0.75, 0.8, 0.8500000000000001, 0.9, 0.9500000000000001, 1.0], [0.0, 1.0, 2.0, 3.0, 4.0, 5.0, 6.0, 7.0, 8.0, 9.0, 10.0, 11.0, 12.0, 13.0, 14.0, 15.0, 16.0, 17.0, 18.0, 19.0, 20.0, 21.0, 22.0, 23.0, 24.0, 25.0, 26.0, 27.0, 28.0, 29.0, 30.0, 31.0, 32.0, 33.0, 34.0, 35.0, 36.0, 37.0, 38.0, 39.0, 40.0, 41.0, 42.0, 43.0, 44.0, 45.0, 46.0, 47.0, 48.0, 49.0, 50.0]], 'y': [[[100.0, 97.16653442382812, 95.24063110351562, 92.62718200683594, 89.74309539794922, 85.58515167236328, 82.34207916259766, 77.88021850585938, 72.74931335449219, 65.22804260253906, 56.43936538696289, 47.227821350097656, 34.68042755126953, 23.29815673828125, 13.981117248535156, 7.222415447235107, 3.293895721435547, 1.0569889545440674, 0.18628734350204468, 0.018007218837738037, 0.0]], [[0.039239682257175446, 0.726395845413208, 3.1049838066101074, 6.7086076736450195, 10.924083709716797, 16.245342254638672, 20.800838470458984, 26.76752281188965, 31.711021423339844, 37.11328125, 43.117855072021484, 47.91208267211914, 51.62123489379883, 55.544822692871094, 58.739845275878906, 61.73705291748047, 64.62210083007812, 67.0955810546875, 69.27835845947266, 71.45262908935547, 73.42143249511719, 74.97913360595703, 76.39248657226562, 77.72042846679688, 79.19020080566406, 80.3297119140625, 82.08760833740234, 83.16976928710938, 84.25074005126953, 85.81956481933594, 86.91669464111328, 87.81958770751953, 88.60462951660156, 89.421875, 90.12033081054688, 91.00804901123047, 91.70555877685547, 92.40467834472656, 92.97550964355469, 93.43096923828125, 94.08358001708984, 94.74564361572266, 95.23982238769531, 95.7812271118164, 96.24208068847656, 96.98005676269531, 97.4687271118164, 98.03105163574219, 99.1379623413086, 99.57735443115234, 100.0]]], 'z': [49.8, 73.4], 'frames': 69597}, 'Fast Motion': {'x': [[0.0, 0.05, 0.1, 0.15000000000000002, 0.2, 0.25, 0.30000000000000004, 0.35000000000000003, 0.4, 0.45, 0.5, 0.55, 0.6000000000000001, 0.65, 0.7000000000000001, 0.75, 0.8, 0.8500000000000001, 0.9, 