{"AUC": 27.7, "Precision": 35.2, "FPS": -1.0, "attribution": "{'Occlusion': {'x': [[0.0, 0.05, 0.1, 0.15000000000000002, 0.2, 0.25, 0.30000000000000004, 0.35000000000000003, 0.4, 0.45, 0.5, 0.55, 0.6000000000000001, 0.65, 0.7000000000000001, 0.75, 0.8, 0.8500000000000001, 0.9, 0.9500000000000001, 1.0], [0.0, 1.0, 2.0, 3.0, 4.0, 5.0, 6.0, 7.0, 8.0, 9.0, 10.0, 11.0, 12.0, 13.0, 14.0, 15.0, 16.0, 17.0, 18.0, 19.0, 20.0, 21.0, 22.0, 23.0, 24.0, 25.0, 26.0, 27.0, 28.0, 29.0, 30.0, 31.0, 32.0, 33.0, 34.0, 35.0, 36.0, 37.0, 38.0, 39.0, 40.0, 41.0, 42.0, 43.0, 44.0, 45.0, 46.0, 47.0, 48.0, 49.0, 50.0]], 'y': [[[100.0, 91.290283203125, 86.2925796508789, 83.41394805908203, 80.79601287841797, 77.92923736572266, 75.29435729980469, 72.17343139648438, 68.7864761352539, 65.03191375732422, 60.446136474609375, 54.1966552734375, 45.88505554199219, 36.243350982666016, 25.81382179260254, 15.471323013305664, 8.159119606018066, 3.726957082748413, 0.9260775446891785, 0.32410573959350586, 0.0]], [[0.49012336134910583, 2.016315221786499, 5.874682903289795, 12.0846529006958, 17.808687210083008, 25.563461303710938, 30.709856033325195, 37.16868209838867, 42.55329513549805, 46.638118743896484, 50.566131591796875, 54.36861038208008, 57.057594299316406, 60.34821319580078, 63.17033004760742, 65.329833984375, 67.98590850830078, 69.7221908569336, 71.30447387695312, 73.30329132080078, 75.17998504638672, 76.6943130493164, 78.24165344238281, 79.53968048095703, 80.68099212646484, 82.0898666381836, 83.07984161376953, 84.10396575927734, 85.19287109375, 86.18981170654297, 87.30513763427734, 88.21172332763672, 89.1621322631836, 90.26702117919922, 91.19335174560547, 92.08740234375, 92.68184661865234, 93.79240417480469, 94.3657455444336, 95.07537841796875, 95.45832824707031, 95.8449478149414, 96.37823486328125, 96.83403015136719, 97.35089874267578, 97.9366683959961, 98.34793853759766, 98.69406127929688, 99.08573150634766, 99.62284088134766, 100.0]]], 'z': [50.1, 75.2], 'frames': 49834}, 'Out Of View': {'x': [[0.0, 0.05, 0.1, 0.15000000000000002, 0.2, 0.25, 0.30000000000000004, 0.35000000000000003, 0.4, 0.45, 0.5, 0.55, 0.6000000000000001, 0.65, 0.7000000000000001, 0.75, 0.8, 0.8500000000000001, 0.9, 0.9500000000000001, 1.0], [0.0, 1.0, 2.0, 3.0, 4.0, 5.0, 6.0, 7.0, 8.0, 9.0, 10.0, 11.0, 12.0, 13.0, 14.0, 15.0, 16.0, 17.0, 18.0, 19.0, 20.0, 21.0, 22.0, 23.0, 24.0, 25.0, 26.0, 27.0, 28.0, 29.0, 30.0, 31.0, 32.0, 33.0, 34.0, 35.0, 36.0, 37.0, 38.0, 39.0, 40.0, 41.0, 42.0, 43.0, 44.0, 45.0, 46.0, 47.0, 48.0, 49.0, 50.0]], 'y': [[[100.0, 90.94969940185547, 82.4055404663086, 76.52631378173828, 70.34596252441406, 64.07527923583984, 59.56455612182617, 54.80305099487305, 49.498985290527344, 44.580543518066406, 38.79801559448242, 31.79740333557129, 24.36867332458496, 18.148784637451172, 13.377950668334961, 6.004499435424805, 2.141763925552368, 1.290500283241272, 0.09285895526409149, 0.08039790391921997, 0.0]], [[0.09143983572721481, 0.7208989858627319, 1.4916483163833618, 4.135003566741943, 7.1536054611206055, 11.236434936523438, 14.229886054992676, 17.603565216064453, 21.081626892089844, 24.73105239868164, 29.06157684326172, 31.55445671081543, 34.53010940551758, 36.81022644042969, 40.69807052612305, 42.82394027709961, 44.54014587402344, 46.808712005615234, 50.07463073730469, 53.308868408203125, 55.38938522338867, 59.0109748840332, 61.40846633911133, 64.658203125, 66.71697235107422, 68.27960968017578, 70.71435546875, 71.55877685546875, 72.89299011230469, 73.3901138305664, 74.6001205444336, 75.62812805175781, 76.98014068603516, 78.02208709716797, 79.98341369628906, 81.78431701660156, 83.17449951171875, 87.03382873535156, 88.34945678710938, 90.80071258544922, 91.78889465332031, 93.47714233398438, 94.3848876953125, 95.63614654541016, 96.42597198486328, 97.25188446044922, 97.72389221191406, 98.41143035888672, 99.14881896972656, 99.50225830078125, 100.0]]], 'z': [39.5, 55.4], 'frames': 11001}, 'Camera Motion': {'x': [[0.0, 0.05, 0.1, 0.15000000000000002, 0.2, 0.25, 0.30000000000000004, 0.35000000000000003, 0.4, 0.45, 0.5, 0.55, 0.6000000000000001, 0.65, 0.7000000000000001, 0.75, 0.8, 0.8500000000000001, 0.9, 0.9500000000000001, 1.0], [0.0, 1.0, 2.0, 3.0, 4.0, 5.0, 6.0, 7.0, 8.0, 9.0, 10.0, 11.0, 12.0, 13.0, 14.0, 15.0, 16.0, 17.0, 18.0, 19.0, 20.0, 21.0, 22.0, 23.0, 24.0, 25.0, 26.0, 27.0, 28.0, 29.0, 30.0, 31.0, 32.0, 33.0, 34.0, 35.0, 36.0, 37.0, 38.0, 39.0, 40.0, 41.0, 42.0, 43.0, 44.0, 45.0, 46.0, 47.0, 48.0, 49.0, 50.0]], 'y': [[[100.0, 93.54530334472656, 89.4902572631836, 86.18094635009766, 84.49215698242188, 81.07234954833984, 79.29151916503906, 76.78556823730469, 74.02778625488281, 70.08849334716797, 65.255126953125, 58.54420471191406, 48.10182189941406, 37.77097702026367, 28.047578811645508, 16.61221694946289, 8.628110885620117, 3.638540267944336, 0.7855011224746704, 0.19879524409770966, 0.0]], [[0.016124695539474487, 0.5192749500274658, 3.958608627319336, 7.324073314666748, 12.638036727905273, 18.30234146118164, 23.53445053100586, 29.693689346313477, 35.84380340576172, 40.05885314941406, 43.69643020629883, 47.74811553955078, 50.595664978027344, 54.93996047973633, 58.75885009765625, 61.47539138793945, 66.44662475585938, 68.49884796142578, 70.47169494628906, 73.16192626953125, 75.02764892578125, 77.07168579101562, 78.65312957763672, 80.02828979492188, 81.39640045166016, 82.76238250732422, 84.20606994628906, 85.36692810058594, 86.26111602783203, 87.08187866210938, 88.13652801513672, 88.9277572631836, 89.98809814453125, 90.72872161865234, 91.51261901855469, 93.45394897460938, 93.86932373046875, 94.43760681152344, 94.99551391601562, 95.92766571044922, 96.38803100585938, 96.8381118774414, 97.24629211425781, 97.5978775024414, 98.03163146972656, 98.37596130371094, 98.76514434814453, 99.08763122558594, 99.2975082397461, 99.66636657714844, 100.0]]], 'z': [52.5, 75.0], 'frames': 18427}, 'Deformation': {'x': [[0.0, 0.05, 0.1, 0.15000000000000002, 0.2, 0.25, 0.30000000000000004, 0.35000000000000003, 0.4, 0.45, 0.5, 0.55, 0.6000000000000001, 0.65, 0.7000000000000001, 0.75, 0.8, 0.8500000000000001, 0.9, 0.9500000000000001, 1.0], [0.0, 1.0, 2.0, 3.0, 4.0, 5.0, 6.0, 7.0, 8.0, 9.0, 10.0, 11.0, 12.0, 13.0, 14.0, 15.0, 16.0, 17.0, 18.0, 19.0, 20.0, 21.0, 22.0, 23.0, 24.0, 25.0, 26.0, 27.0, 28.0, 29.0, 30.0, 31.0, 32.0, 33.0, 34.0, 35.0, 36.0, 37.0, 38.0, 39.0, 40.0, 41.0, 42.0, 43.0, 44.0, 45.0, 46.0, 47.0, 48.0, 49.0, 50.0]], 'y': [[[100.0, 93.96278381347656, 89.92395782470703, 87.38359832763672, 84.74651336669922, 82.40232849121094, 79.71566009521484, 74.33338928222656, 69.17475128173828, 62.45603561401367, 52.62061309814453, 41.691104888916016, 31.336509704589844, 21.13756561279297, 13.313679695129395, 6.434166431427002, 2.6984875202178955, 1.0184917449951172, 0.1568423956632614, 0.020645927637815475, 0.0]], [[0.01654157228767872, 0.6680504679679871, 1.949450969696045, 3.85732364654541, 6.589564800262451, 10.661511421203613, 14.064894676208496, 18.77344512939453, 24.344972610473633, 31.33928680419922, 36.41078186035156, 40.951881408691406, 45.08292770385742, 49.68495559692383, 53.727806091308594, 57.42986297607422, 61.04184341430664, 63.89002227783203, 66.2969970703125, 69.17052459716797, 71.38229370117188, 73.73536682128906, 75.33739471435547, 77.02046966552734, 79.19940948486328, 81.29053497314453, 82.64545440673828, 83.5706558227539, 84.59227752685547, 85.56391143798828, 86.58950805664062, 87.57429504394531, 88.50959777832031, 89.35675811767578, 90.1996078491211, 91.00967407226562, 91.71263885498047, 92.4968490600586, 93.08821868896484, 93.60987854003906, 94.2361831665039, 95.86190032958984, 96.38544464111328, 96.9588851928711, 97.44142150878906, 97.92886352539062, 98.3664779663086, 98.9059066772461, 99.29625701904297, 99.67704772949219, 100.0]]], 'z': [47.4, 71.4], 'frames': 69597}, 'Fast Motion': {'x': [[0.0, 0.05, 0.1, 0.15000000000000002, 0.2, 0.25, 0.30000000000000004, 0.35000000000000003, 0.4, 0.45, 0.5, 0.55, 0.6000000000000001, 0.65, 0.7000000000000001, 0.75, 0.8, 0.8500000000000001, 0.9, 