{"AUC": 32.6, "Precision": 43.6, "FPS": -1.0, "attribution": "{'Occlusion': {'x': [[0.0, 0.05, 0.1, 0.15000000000000002, 0.2, 0.25, 0.30000000000000004, 0.35000000000000003, 0.4, 0.45, 0.5, 0.55, 0.6000000000000001, 0.65, 0.7000000000000001, 0.75, 0.8, 0.8500000000000001, 0.9, 0.9500000000000001, 1.0], [0.0, 1.0, 2.0, 3.0, 4.0, 5.0, 6.0, 7.0, 8.0, 9.0, 10.0, 11.0, 12.0, 13.0, 14.0, 15.0, 16.0, 17.0, 18.0, 19.0, 20.0, 21.0, 22.0, 23.0, 24.0, 25.0, 26.0, 27.0, 28.0, 29.0, 30.0, 31.0, 32.0, 33.0, 34.0, 35.0, 36.0, 37.0, 38.0, 39.0, 40.0, 41.0, 42.0, 43.0, 44.0, 45.0, 46.0, 47.0, 48.0, 49.0, 50.0]], 'y': [[[100.0, 84.09771728515625, 78.8139419555664, 74.49696350097656, 71.3487319946289, 67.79960632324219, 63.902313232421875, 60.05015563964844, 54.968292236328125, 49.79693603515625, 42.85814666748047, 35.800697326660156, 27.949356079101562, 20.765548706054688, 14.181816101074219, 8.007832527160645, 4.177944660186768, 1.6681677103042603, 0.4671923816204071, 0.1758316457271576, 0.0]], [[0.569314181804657, 2.0008201599121094, 6.436290740966797, 12.57772159576416, 19.30166244506836, 25.46345329284668, 30.70083236694336, 36.23423385620117, 40.417396545410156, 44.50475311279297, 48.69297790527344, 52.011085510253906, 54.598121643066406, 57.01465606689453, 59.07617950439453, 61.112422943115234, 63.79778289794922, 65.880126953125, 67.66703796386719, 69.37857818603516, 71.13594818115234, 72.9719009399414, 74.92095184326172, 76.35565185546875, 77.71393585205078, 79.54615020751953, 81.17276763916016, 82.55131530761719, 83.79084777832031, 84.87330627441406, 85.9807357788086, 87.3313217163086, 88.30815887451172, 89.2033920288086, 90.06195068359375, 90.74852752685547, 91.52815246582031, 92.29802703857422, 92.96910095214844, 93.62459564208984, 94.37950134277344, 94.99104309082031, 95.5384750366211, 96.33755493164062, 97.08959197998047, 97.68347930908203, 98.1577377319336, 98.660400390625, 99.10881805419922, 99.5052261352539, 100.0]]], 'z': [41.0, 71.1], 'frames': 49834}, 'Out Of View': {'x': [[0.0, 0.05, 0.1, 0.15000000000000002, 0.2, 0.25, 0.30000000000000004, 0.35000000000000003, 0.4, 0.45, 0.5, 0.55, 0.6000000000000001, 0.65, 0.7000000000000001, 0.75, 0.8, 0.8500000000000001, 0.9, 0.9500000000000001, 1.0], [0.0, 1.0, 2.0, 3.0, 4.0, 5.0, 6.0, 7.0, 8.0, 9.0, 10.0, 11.0, 12.0, 13.0, 14.0, 15.0, 16.0, 17.0, 18.0, 19.0, 20.0, 21.0, 22.0, 23.0, 24.0, 25.0, 26.0, 27.0, 28.0, 29.0, 30.0, 31.0, 32.0, 33.0, 34.0, 35.0, 36.0, 37.0, 38.0, 39.0, 40.0, 41.0, 42.0, 43.0, 44.0, 45.0, 46.0, 47.0, 48.0, 49.0, 50.0]], 'y': [[[100.0, 70.30555725097656, 63.91144561767578, 59.025848388671875, 55.41535186767578, 49.5250244140625, 43.0124626159668, 38.23219680786133, 32.4046630859375, 26.10133934020996, 22.02994728088379, 17.186017990112305, 12.047962188720703, 7.586437225341797, 5.155419826507568, 2.888169765472412, 0.9679729342460632, 0.3127388060092926, 0.05566420033574104, 0.007083881180733442, 0.0]], [[0.10430324822664261, 0.7453474402427673, 4.575318336486816, 7.272667407989502, 11.313009262084961, 16.568063735961914, 20.916799545288086, 25.50994110107422, 29.132484436035156, 32.531211853027344, 36.026397705078125, 39.3148307800293, 41.307926177978516, 43.71353530883789, 46.594078063964844, 48.97377395629883, 51.38509750366211, 54.412818908691406, 57.022743225097656, 59.088279724121094, 60.20596694946289, 61.65665817260742, 62.93433380126953, 64.16087341308594, 66.0069808959961, 67.64083862304688, 68.82074737548828, 70.09894561767578, 71.94773864746094, 73.13101959228516, 75.45053100585938, 76.45062255859375, 77.43032836914062, 78.91840362548828, 81.75234985351562, 83.87471008300781, 84.86244201660156, 85.94566345214844, 87.08182525634766, 89.05650329589844, 90.75898742675781, 91.6746826171875, 93.93020629882812, 94.79905700683594, 95.8666000366211, 96.41890716552734, 96.97124481201172, 97.73863220214844, 98.29806518554688, 99.19090270996094, 100.0]]], 'z': [28.9, 60.2], 'frames': 11001}, 'Camera Motion': {'x': [[0.0, 0.05, 0.1, 0.15000000000000002, 0.2, 0.25, 0.30000000000000004, 0.35000000000000003, 0.4, 0.45, 0.5, 0.55, 0.6000000000000001, 0.65, 0.7000000000000001, 0.75, 0.8, 0.8500000000000001, 0.9, 0.9500000000000001, 1.0], [0.0, 1.0, 2.0, 3.0, 4.0, 5.0, 6.0, 7.0, 8.0, 9.0, 10.0, 11.0, 12.0, 13.0, 14.0, 15.0, 16.0, 17.0, 18.0, 19.0, 20.0, 21.0, 22.0, 23.0, 24.0, 25.0, 26.0, 27.0, 28.0, 29.0, 30.0, 31.0, 32.0, 33.0, 34.0, 35.0, 36.0, 37.0, 38.0, 39.0, 40.0, 41.0, 42.0, 43.0, 44.0, 45.0, 46.0, 47.0, 48.0, 49.0, 50.0]], 'y': [[[100.0, 87.76045227050781, 84.43905639648438, 81.48699188232422, 79.92668914794922, 78.45539093017578, 76.35433959960938, 75.12443542480469, 73.27642822265625, 70.3255386352539, 66.06975555419922, 59.57822799682617, 52.1763801574707, 40.158817291259766, 29.756826400756836, 18.74783706665039, 9.800475120544434, 3.610394239425659, 0.8371140956878662, 0.051877256482839584, 0.0]], [[0.07041191309690475, 0.9942397475242615, 4.0319108963012695, 8.05183219909668, 12.469925880432129, 17.665977478027344, 21.812156677246094, 27.328678131103516, 31.771146774291992, 37.14436721801758, 40.640357971191406, 43.581398010253906, 47.387351989746094, 50.71395492553711, 53.00547409057617, 56.5218391418457, 59.00918197631836, 61.135894775390625, 63.522552490234375, 65.83393096923828, 68.31523895263672, 70.21501922607422, 72.48238372802734, 76.14590454101562, 77.5938720703125, 79.72076416015625, 81.31290435791016, 82.40616607666016, 83.55806732177734, 84.75252532958984, 85.66556549072266, 86.626708984375, 87.55429077148438, 88.73908233642578, 89.76537322998047, 90.64776611328125, 91.76277923583984, 92.61613464355469, 93.19608306884766, 93.73582458496094, 94.20823669433594, 94.73938751220703, 95.36531829833984, 95.96959686279297, 96.43778991699219, 97.36421966552734, 97.94280242919922, 98.56932830810547, 99.1046142578125, 99.54244232177734, 100.0]]], 'z': [51.8, 68.3], 'frames': 18427}, 'Deformation': {'x': [[0.0, 0.05, 0.1, 0.15000000000000002, 0.2, 0.25, 0.30000000000000004, 0.35000000000000003, 0.4, 0.45, 0.5, 0.55, 0.6000000000000001, 0.65, 0.7000000000000001, 0.75, 0.8, 0.8500000000000001, 0.9, 0.9500000000000001, 1.0], [0.0, 1.0, 2.0, 3.0, 4.0, 5.0, 6.0, 7.0, 8.0, 9.0, 10.0, 11.0, 12.0, 13.0, 14.0, 15.0, 16.0, 17.0, 18.0, 19.0, 20.0, 21.0, 22.0, 23.0, 24.0, 25.0, 26.0, 27.0, 28.0, 29.0, 30.0, 31.0, 32.0, 33.0, 34.0, 35.0, 36.0, 37.0, 38.0, 39.0, 40.0, 41.0, 42.0, 43.0, 44.0, 45.0, 46.0, 47.0, 48.0, 49.0, 50.0]], 'y': [[[100.0, 85.04342651367188, 82.22178649902344, 79.65784454345703, 77.41321563720703, 74.06854248046875, 71.28732299804688, 67.77923583984375, 62.8552360534668, 56.3476448059082, 49.237972259521484, 40.34770202636719, 29.992984771728516, 21.278547286987305, 13.2615385055542, 7.303717613220215, 3.3990931510925293, 1.1425302028656006, 0.23124806582927704, 0.005971126724034548, 0.0]], [[0.046214114874601364, 1.044205904006958, 3.7682268619537354, 8.069228172302246, 13.0247163772583, 18.45347023010254, 23.93330192565918, 30.079570770263672, 35.29896545410156, 40.581077575683594, 45.22562026977539, 49.40156936645508, 52.86821746826172, 56.49354553222656, 59.20587158203125, 61.69355392456055, 64.12157440185547, 66.51242065429688, 68.45172882080078, 70.39754486083984, 72.03756713867188, 73.63020324707031, 75.31192779541016, 76.95357513427734, 78.33509826660156, 80.12797546386719, 81.54473114013672, 82.53593444824219, 83.85513305664062, 85.1753921508789, 86.50570678710938, 87.40958404541016, 88.18818664550781, 89.05790710449219, 89.86792755126953, 90.77218627929688, 91.6573257446289, 92.39276885986328, 93.07659149169922, 93.73101806640625, 94.2682113647461, 94.83488464355469, 95.33999633789062, 95.91890716552734, 96.39628601074219, 96.98048400878906, 97.38996887207031, 98.62751007080078, 99.09445190429688, 99.62693786621094, 100.0]]], 'z': [43.9, 72.0], 'frames': 69597}, 'Fast Motion': {'x': [[0.0, 0.05, 0.1, 0.15000000000000002, 0.2, 0.25, 0.30000000000000004, 0.35000000000000003, 0.4, 0.45, 0.5, 0.55, 0.6000000000000001, 0.65, 0.7000000000000001, 0.75, 0.8, 