{"AUC": 28.0, "Precision": 34.9, "FPS": -1.0, "attribution": "{'Occlusion': {'x': [[0.0, 0.05, 0.1, 0.15000000000000002, 0.2, 0.25, 0.30000000000000004, 0.35000000000000003, 0.4, 0.45, 0.5, 0.55, 0.6000000000000001, 0.65, 0.7000000000000001, 0.75, 0.8, 0.8500000000000001, 0.9, 0.9500000000000001, 1.0], [0.0, 1.0, 2.0, 3.0, 4.0, 5.0, 6.0, 7.0, 8.0, 9.0, 10.0, 11.0, 12.0, 13.0, 14.0, 15.0, 16.0, 17.0, 18.0, 19.0, 20.0, 21.0, 22.0, 23.0, 24.0, 25.0, 26.0, 27.0, 28.0, 29.0, 30.0, 31.0, 32.0, 33.0, 34.0, 35.0, 36.0, 37.0, 38.0, 39.0, 40.0, 41.0, 42.0, 43.0, 44.0, 45.0, 46.0, 47.0, 48.0, 49.0, 50.0]], 'y': [[[100.0, 96.61823272705078, 93.36164093017578, 89.98703002929688, 87.47903442382812, 84.87899017333984, 82.22506713867188, 79.21502685546875, 75.11223602294922, 70.63943481445312, 64.99268341064453, 56.641883850097656, 47.4268798828125, 37.189579010009766, 27.165761947631836, 15.959243774414062, 8.550335884094238, 3.639751672744751, 0.8949016332626343, 0.36059027910232544, 0.0]], [[0.3863402307033539, 1.6730374097824097, 5.712492942810059, 11.33315372467041, 18.778366088867188, 26.10414695739746, 31.42024040222168, 36.81534957885742, 41.836578369140625, 46.33565902709961, 50.02015686035156, 54.034912109375, 57.049530029296875, 60.2250862121582, 62.93866729736328, 65.10507202148438, 67.52713012695312, 69.34810638427734, 70.96485137939453, 72.40019226074219, 73.92350006103516, 75.23619842529297, 76.74022674560547, 78.04222106933594, 79.10545349121094, 80.09349822998047, 81.0058822631836, 81.88697814941406, 82.80339050292969, 83.60929107666016, 84.86539459228516, 85.96470642089844, 86.977783203125, 87.99180603027344, 88.76781463623047, 89.81858825683594, 90.71549224853516, 91.45233917236328, 92.13269805908203, 92.84903717041016, 93.5611343383789, 94.22911071777344, 95.0614013671875, 95.60281372070312, 96.1932601928711, 96.76171875, 97.39716339111328, 98.22328186035156, 98.90382385253906, 99.49649810791016, 100.0]]], 'z': [53.4, 73.9], 'frames': 49834}, 'Out Of View': {'x': [[0.0, 0.05, 0.1, 0.15000000000000002, 0.2, 0.25, 0.30000000000000004, 0.35000000000000003, 0.4, 0.45, 0.5, 0.55, 0.6000000000000001, 0.65, 0.7000000000000001, 0.75, 0.8, 0.8500000000000001, 0.9, 0.9500000000000001, 1.0], [0.0, 1.0, 2.0, 3.0, 4.0, 5.0, 6.0, 7.0, 8.0, 9.0, 10.0, 11.0, 12.0, 13.0, 14.0, 15.0, 16.0, 17.0, 18.0, 19.0, 20.0, 21.0, 22.0, 23.0, 24.0, 25.0, 26.0, 27.0, 28.0, 29.0, 30.0, 31.0, 32.0, 33.0, 34.0, 35.0, 36.0, 37.0, 38.0, 39.0, 40.0, 41.0, 42.0, 43.0, 44.0, 45.0, 46.0, 47.0, 48.0, 49.0, 50.0]], 'y': [[[100.0, 90.4305191040039, 85.07975006103516, 79.8791275024414, 75.15878295898438, 70.63528442382812, 66.03076171875, 61.466278076171875, 54.78395080566406, 49.51117706298828, 44.71314239501953, 33.8947868347168, 23.542863845825195, 16.325170516967773, 11.908893585205078, 8.64687442779541, 3.476607322692871, 1.5079532861709595, 0.9090985059738159, 0.07708082348108292, 0.0]], [[0.013789467513561249, 0.6032072901725769, 2.326253890991211, 4.525874137878418, 6.7178955078125, 13.317123413085938, 16.04629135131836, 23.164411544799805, 26.195980072021484, 29.257797241210938, 34.62136459350586, 38.3421516418457, 41.81675720214844, 46.02717590332031, 48.16156005859375, 49.324527740478516, 52.84181213378906, 53.802005767822266, 56.14793395996094, 57.48492431640625, 59.30830383300781, 62.53215026855469, 64.22120666503906, 67.17604064941406, 68.37065887451172, 72.02738952636719, 72.75080871582031, 73.53509521484375, 74.38943481445312, 75.50849151611328, 76.52003479003906, 77.14825439453125, 79.63783264160156, 80.81108093261719, 83.5556640625, 85.02790069580078, 86.12808227539062, 87.30374908447266, 88.30577087402344, 89.62606048583984, 90.62547302246094, 91.05802917480469, 91.6240463256836, 92.4767837524414, 95.62155151367188, 96.40409851074219, 96.92765808105469, 98.42740631103516, 98.93780517578125, 99.55491638183594, 100.0]]], 'z': [41.8, 59.3], 'frames': 11001}, 'Camera Motion': {'x': [[0.0, 0.05, 0.1, 0.15000000000000002, 0.2, 0.25, 0.30000000000000004, 0.35000000000000003, 0.4, 0.45, 0.5, 0.55, 0.6000000000000001, 0.65, 0.7000000000000001, 0.75, 0.8, 0.8500000000000001, 0.9, 0.9500000000000001, 1.0], [0.0, 1.0, 2.0, 3.0, 4.0, 5.0, 6.0, 7.0, 8.0, 9.0, 10.0, 11.0, 12.0, 13.0, 14.0, 15.0, 16.0, 17.0, 18.0, 19.0, 20.0, 21.0, 22.0, 23.0, 24.0, 25.0, 26.0, 27.0, 28.0, 29.0, 30.0, 31.0, 32.0, 33.0, 34.0, 35.0, 36.0, 37.0, 38.0, 39.0, 40.0, 41.0, 42.0, 43.0, 44.0, 45.0, 46.0, 47.0, 48.0, 49.0, 50.0]], 'y': [[[100.0, 97.24514770507812, 95.67179870605469, 93.4550552368164, 88.806884765625, 85.43546295166016, 82.92185974121094, 80.44530487060547, 77.70684814453125, 74.18230438232422, 67.9759521484375, 60.32123565673828, 50.54343795776367, 38.28435516357422, 26.877817153930664, 16.09455680847168, 8.16451358795166, 2.8545305728912354, 0.7174612283706665, 0.0519973561167717, 0.0]], [[0.013399840332567692, 0.4309636056423187, 2.8393120765686035, 7.484038829803467, 11.826597213745117, 15.826529502868652, 19.70465850830078, 23.31497573852539, 27.770307540893555, 34.713260650634766, 38.35225296020508, 43.285606384277344, 45.884700775146484, 49.5285758972168, 54.43971252441406, 57.415802001953125, 60.457275390625, 62.77752685546875, 64.48654174804688, 67.27897644042969, 70.08305358886719, 71.6527099609375, 74.07997131347656, 75.73828887939453, 76.9567642211914, 78.05811309814453, 79.10010528564453, 79.92347717285156, 80.59211730957031, 81.43408203125, 82.30848693847656, 83.30950927734375, 84.32206726074219, 85.12294006347656, 86.69647979736328, 87.66720581054688, 88.48313903808594, 91.17277526855469, 92.20083618164062, 92.84827423095703, 93.83003997802734, 94.60474395751953, 95.45654296875, 95.99352264404297, 96.34027862548828, 96.83362579345703, 97.46585845947266, 98.16694641113281, 98.64735412597656, 99.29173278808594, 100.0]]], 'z': [54.7, 70.1], 'frames': 18427}, 'Deformation': {'x': [[0.0, 0.05, 0.1, 0.15000000000000002, 0.2, 0.25, 0.30000000000000004, 0.35000000000000003, 0.4, 0.45, 0.5, 0.55, 0.6000000000000001, 0.65, 0.7000000000000001, 0.75, 0.8, 0.8500000000000001, 0.9, 0.9500000000000001, 1.0], [0.0, 1.0, 2.0, 3.0, 4.0, 5.0, 6.0, 7.0, 8.0, 9.0, 10.0, 11.0, 12.0, 13.0, 14.0, 15.0, 16.0, 17.0, 18.0, 19.0, 20.0, 21.0, 22.0, 23.0, 24.0, 25.0, 26.0, 27.0, 28.0, 29.0, 30.0, 31.0, 32.0, 33.0, 34.0, 35.0, 36.0, 37.0, 38.0, 39.0, 40.0, 41.0, 42.0, 43.0, 44.0, 45.0, 46.0, 47.0, 48.0, 49.0, 50.0]], 'y': [[[100.0, 96.93212890625, 93.24069213867188, 89.9159164428711, 85.92341613769531, 82.39449310302734, 78.86811828613281, 73.4416732788086, 67.94847869873047, 60.17644500732422, 50.761024475097656, 40.498451232910156, 29.732677459716797, 19.893301010131836, 11.952384948730469, 6.071969985961914, 2.409188747406006, 0.9053018093109131, 0.284341961145401, 0.013934210874140263, 0.0]], [[0.00889301672577858, 0.5556315779685974, 2.242713451385498, 4.594446182250977, 7.49183464050293, 12.279162406921387, 16.05935287475586, 20.6605224609375, 25.793514251708984, 31.38532257080078, 36.950279235839844, 41.20052719116211, 44.768184661865234, 48.4454460144043, 51.70018768310547, 54.793540954589844, 57.48368453979492, 59.82748794555664, 62.12056350708008, 64.16838073730469, 66.45040893554688, 68.8502197265625, 70.92941284179688, 73.22120666503906, 74.59929656982422, 76.10382080078125, 77.67051696777344, 79.35845947265625, 80.3245620727539, 81.7269058227539, 82.84842681884766, 83.89021301269531, 84.79010772705078, 86.23563385009766, 87.29539489746094, 88.24053192138672, 89.10072326660156, 89.87283325195312, 90.56011199951172, 92.02886199951172, 92.5723648071289, 94.36044311523438, 95.0555648803711, 96.04544830322266, 96.66316223144531, 97.27157592773438, 97.89115142822266, 98.46688842773438, 99.0594482421875, 99.5957260131836, 100.0]]], 'z': [47.2, 66.5], 'frames': 69597}, 'Fast Motion': {'x': [[0.0, 0.05, 0.1, 0.15000000000000002, 0.2, 0.25, 0.30000000000000004, 0.35000000000000003, 0.4, 0.45, 0.5, 0.55, 0.6000000000000001, 0.65, 0.7000000000000001, 0.75, 0.8, 0.8500000000000001, 0.9, 0.9500000000000001, 