{"AUC": 19.6, "Precision": 25.3, "FPS": -1.0, "attribution": "{'Occlusion': {'x': [[0.0, 0.05, 0.1, 0.15000000000000002, 0.2, 0.25, 0.30000000000000004, 0.35000000000000003, 0.4, 0.45, 0.5, 0.55, 0.6000000000000001, 0.65, 0.7000000000000001, 0.75, 0.8, 0.8500000000000001, 0.9, 0.9500000000000001, 1.0], [0.0, 1.0, 2.0, 3.0, 4.0, 5.0, 6.0, 7.0, 8.0, 9.0, 10.0, 11.0, 12.0, 13.0, 14.0, 15.0, 16.0, 17.0, 18.0, 19.0, 20.0, 21.0, 22.0, 23.0, 24.0, 25.0, 26.0, 27.0, 28.0, 29.0, 30.0, 31.0, 32.0, 33.0, 34.0, 35.0, 36.0, 37.0, 38.0, 39.0, 40.0, 41.0, 42.0, 43.0, 44.0, 45.0, 46.0, 47.0, 48.0, 49.0, 50.0]], 'y': [[[100.0, 92.58140563964844, 87.37014770507812, 82.7672119140625, 77.389404296875, 71.12837982177734, 65.16649627685547, 57.94368362426758, 48.21968078613281, 42.612937927246094, 36.17891311645508, 30.19266128540039, 24.469560623168945, 19.92242431640625, 14.443941116333008, 8.568132400512695, 4.355713844299316, 1.932457447052002, 0.7452062368392944, 0.3711620271205902, 0.0]], [[0.5366018414497375, 1.3339680433273315, 4.148344039916992, 7.9862823486328125, 13.704877853393555, 19.29697608947754, 23.459819793701172, 27.650924682617188, 31.738237380981445, 35.015384674072266, 38.05891036987305, 41.50415802001953, 43.95844268798828, 47.03941345214844, 50.522666931152344, 53.88650131225586, 55.925514221191406, 57.7888298034668, 60.54756546020508, 62.63517761230469, 64.47339630126953, 66.22613525390625, 67.43875122070312, 69.02107238769531, 70.65518188476562, 71.81632995605469, 73.27397155761719, 74.9307861328125, 76.38273620605469, 77.66500091552734, 78.95416259765625, 81.03598022460938, 82.06082153320312, 83.21759796142578, 84.32791137695312, 85.36736297607422, 86.20874786376953, 87.5202865600586, 88.79214477539062, 90.10696411132812, 91.00772857666016, 92.14105987548828, 93.02536010742188, 94.28231048583984, 95.24176025390625, 96.00983428955078, 96.8250503540039, 97.6396255493164, 98.43030548095703, 99.15135192871094, 100.0]]], 'z': [41.3, 64.5], 'frames': 49834}, 'Out Of View': {'x': [[0.0, 0.05, 0.1, 0.15000000000000002, 0.2, 0.25, 0.30000000000000004, 0.35000000000000003, 0.4, 0.45, 0.5, 0.55, 0.6000000000000001, 0.65, 0.7000000000000001, 0.75, 0.8, 0.8500000000000001, 0.9, 0.9500000000000001, 1.0], [0.0, 1.0, 2.0, 3.0, 4.0, 5.0, 6.0, 7.0, 8.0, 9.0, 10.0, 11.0, 12.0, 13.0, 14.0, 15.0, 16.0, 17.0, 18.0, 19.0, 20.0, 21.0, 22.0, 23.0, 24.0, 25.0, 26.0, 27.0, 28.0, 29.0, 30.0, 31.0, 32.0, 33.0, 34.0, 35.0, 36.0, 37.0, 38.0, 39.0, 40.0, 41.0, 42.0, 43.0, 44.0, 45.0, 46.0, 47.0, 48.0, 49.0, 50.0]], 'y': [[[100.0, 89.9830551147461, 79.52082824707031, 73.00721740722656, 66.82130432128906, 59.747440338134766, 50.43566131591797, 42.17290496826172, 33.142189025878906, 24.378002166748047, 18.614028930664062, 13.119856834411621, 11.124982833862305, 8.590816497802734, 6.131910800933838, 3.4871625900268555, 2.159442663192749, 0.604792058467865, 0.24111460149288177, 0.01679525524377823, 0.0]], [[0.039652299135923386, 0.733228325843811, 1.7529630661010742, 3.259061574935913, 6.57496976852417, 9.993237495422363, 12.885241508483887, 15.25135326385498, 17.78164291381836, 20.652822494506836, 23.230375289916992, 26.61846351623535, 29.622211456298828, 34.174495697021484, 37.186302185058594, 40.988243103027344, 43.30267333984375, 44.49150466918945, 47.12336730957031, 49.536075592041016, 51.542484283447266, 52.84082794189453, 54.23919677734375, 55.78057098388672, 57.18587112426758, 58.77517318725586, 60.952423095703125, 62.60445022583008, 64.26175689697266, 66.62165832519531, 67.86180114746094, 69.0367431640625, 73.0021743774414, 76.05531311035156, 76.6773910522461, 78.82524871826172, 80.08653259277344, 81.7623291015625, 82.60823059082031, 83.77520751953125, 84.95868682861328, 86.23426818847656, 89.04324340820312, 89.86138916015625, 92.61224365234375, 93.73078918457031, 94.67513275146484, 96.6638412475586, 97.36048889160156, 97.86442565917969, 100.0]]], 'z': [32.5, 51.5], 'frames': 11001}, 'Camera Motion': {'x': [[0.0, 0.05, 0.1, 0.15000000000000002, 0.2, 0.25, 0.30000000000000004, 0.35000000000000003, 0.4, 0.45, 0.5, 0.55, 0.6000000000000001, 0.65, 0.7000000000000001, 0.75, 0.8, 0.8500000000000001, 0.9, 0.9500000000000001, 1.0], [0.0, 1.0, 2.0, 3.0, 4.0, 5.0, 6.0, 7.0, 8.0, 9.0, 10.0, 11.0, 12.0, 13.0, 14.0, 15.0, 16.0, 17.0, 18.0, 19.0, 20.0, 21.0, 22.0, 23.0, 24.0, 25.0, 26.0, 27.0, 28.0, 29.0, 30.0, 31.0, 32.0, 33.0, 34.0, 35.0, 36.0, 37.0, 38.0, 39.0, 40.0, 41.0, 42.0, 43.0, 44.0, 45.0, 46.0, 47.0, 48.0, 49.0, 50.0]], 'y': [[[100.0, 91.25715637207031, 83.0813980102539, 77.6933822631836, 71.71160888671875, 67.56790924072266, 62.16986846923828, 56.019752502441406, 48.07547378540039, 41.12739181518555, 31.17704963684082, 24.466623306274414, 18.375614166259766, 13.550589561462402, 10.556730270385742, 6.482987880706787, 3.4730262756347656, 1.221680998802185, 0.29833540320396423, 0.0, 0.0]], [[0.0, 0.09228213876485825, 0.49263572692871094, 1.64579176902771, 4.115461349487305, 6.624651908874512, 8.688963890075684, 9.953621864318848, 13.314242362976074, 15.206621170043945, 17.201427459716797, 22.599985122680664, 25.373319625854492, 29.092470169067383, 31.238492965698242, 33.83712387084961, 35.895626068115234, 37.64285659790039, 39.92865753173828, 43.18560791015625, 46.520591735839844, 49.190792083740234, 53.00218963623047, 55.7911376953125, 56.616146087646484, 59.33060073852539, 62.25611114501953, 65.47115325927734, 68.06721496582031, 69.92356872558594, 71.54906463623047, 73.81295776367188, 75.15355682373047, 76.55976867675781, 77.7632827758789, 79.45487213134766, 80.47032165527344, 81.88150024414062, 83.01907348632812, 83.63037872314453, 84.75357055664062, 88.86654663085938, 90.19998168945312, 90.86235046386719, 91.73114013671875, 93.77472686767578, 94.4219970703125, 95.42550659179688, 97.33686065673828, 99.20584869384766, 100.0]]], 'z': [38.5, 46.5], 'frames': 18427}, 'Deformation': {'x': [[0.0, 0.05, 0.1, 0.15000000000000002, 0.2, 0.25, 0.30000000000000004, 0.35000000000000003, 0.4, 0.45, 0.5, 0.55, 0.6000000000000001, 0.65, 0.7000000000000001, 0.75, 0.8, 0.8500000000000001, 0.9, 0.9500000000000001, 1.0], [0.0, 1.0, 2.0, 3.0, 4.0, 5.0, 6.0, 7.0, 8.0, 9.0, 10.0, 11.0, 12.0, 13.0, 14.0, 15.0, 16.0, 17.0, 18.0, 19.0, 20.0, 21.0, 22.0, 23.0, 24.0, 25.0, 26.0, 27.0, 28.0, 29.0, 30.0, 31.0, 32.0, 33.0, 34.0, 35.0, 36.0, 37.0, 38.0, 39.0, 40.0, 41.0, 42.0, 43.0, 44.0, 45.0, 46.0, 47.0, 48.0, 49.0, 50.0]], 'y': [[[100.0, 93.36598205566406, 88.47453308105469, 84.82898712158203, 80.83517456054688, 75.376220703125, 67.86173248291016, 58.38534164428711, 49.991111755371094, 41.71045684814453, 33.378787994384766, 25.348735809326172, 17.753787994384766, 11.706816673278809, 6.3182220458984375, 2.4898107051849365, 0.8432661890983582, 0.25242316722869873, 0.020180677995085716, 0.0, 0.0]], [[0.044302769005298615, 0.37545791268348694, 1.1976693868637085, 2.630916118621826, 4.89143180847168, 9.303966522216797, 13.84286117553711, 18.5034236907959, 22.986371994018555, 27.351242065429688, 33.47241973876953, 37.28839874267578, 40.51258850097656, 44.520416259765625, 47.9614143371582, 50.87907791137695, 53.30153274536133, 55.739288330078125, 58.24219512939453, 60.58949661254883, 62.68684387207031, 65.19062042236328, 67.04212188720703, 68.98870086669922, 70.61405944824219, 71.96923828125, 73.7022933959961, 75.10130310058594, 76.65596771240234, 77.86283111572266, 79.24620819091797, 80.64385986328125, 81.84857177734375, 83.04777526855469, 84.11743927001953, 85.29583740234375, 86.30403900146484, 87.81227111816406, 89.5452651977539, 90.67367553710938, 91.74508666992188, 92.75785827636719, 93.81916809082031, 94.6771240234375, 95.46070098876953, 96.12294006347656, 97.10672760009766, 98.11500549316406, 98.78146362304688, 99.367919921875, 100.0]]], 'z': [39.9, 62.7], 'frames': 69597}, 'Fast Motion': {'x': [[0.0, 0.05, 0.1, 0.15000000000000002, 0.2, 0.25, 0.30000000000000004, 0.35000000000000003, 0.4, 0.45, 0.5, 0.55, 0.6000000000000001, 0.65, 0.7000000000000001, 0.75, 0.8, 0.8500000000000001, 0.9, 