{"AUC": 38.3, "Precision": 52.5, "FPS": 13.69, "attribution": "{'Occlusion': {'x': [[0.0, 0.05, 0.1, 0.15000000000000002, 0.2, 0.25, 0.30000000000000004, 0.35000000000000003, 0.4, 0.45, 0.5, 0.55, 0.6000000000000001, 0.65, 0.7000000000000001, 0.75, 0.8, 0.8500000000000001, 0.9, 0.9500000000000001, 1.0], [0.0, 1.0, 2.0, 3.0, 4.0, 5.0, 6.0, 7.0, 8.0, 9.0, 10.0, 11.0, 12.0, 13.0, 14.0, 15.0, 16.0, 17.0, 18.0, 19.0, 20.0, 21.0, 22.0, 23.0, 24.0, 25.0, 26.0, 27.0, 28.0, 29.0, 30.0, 31.0, 32.0, 33.0, 34.0, 35.0, 36.0, 37.0, 38.0, 39.0, 40.0, 41.0, 42.0, 43.0, 44.0, 45.0, 46.0, 47.0, 48.0, 49.0, 50.0]], 'y': [[[100.0, 95.51297760009766, 92.71307373046875, 90.3565673828125, 88.41948699951172, 86.92759704589844, 84.7758560180664, 81.91805267333984, 77.73053741455078, 72.95189666748047, 66.48306274414062, 57.86240768432617, 47.54710006713867, 36.276222229003906, 25.206378936767578, 15.170659065246582, 7.739602565765381, 3.1334478855133057, 0.8550093770027161, 0.19556251168251038, 0.0]], [[0.3274204432964325, 2.2746942043304443, 7.279623985290527, 15.620723724365234, 24.00384521484375, 32.2126579284668, 38.92672348022461, 46.174034118652344, 51.79921340942383, 56.491172790527344, 60.60922622680664, 64.31056213378906, 67.16764831542969, 69.9998779296875, 72.61795806884766, 74.79644012451172, 76.85250854492188, 78.38529205322266, 79.87025451660156, 81.3269271850586, 82.66055297851562, 83.8115005493164, 84.96855926513672, 86.15786743164062, 87.1766128540039, 88.16688537597656, 89.05489349365234, 89.6955337524414, 90.45760345458984, 91.44190216064453, 92.12168884277344, 92.82701110839844, 93.71857452392578, 94.41413879394531, 94.9709701538086, 95.45784759521484, 95.76387786865234, 96.20940399169922, 96.57418823242188, 96.9188003540039, 97.19725799560547, 97.43421936035156, 97.7333755493164, 97.97489166259766, 98.30813598632812, 98.61100006103516, 98.96102142333984, 99.27937316894531, 99.52635192871094, 99.7574462890625, 100.0]]], 'z': [53.9, 82.7], 'frames': 49834}, 'Out Of View': {'x': [[0.0, 0.05, 0.1, 0.15000000000000002, 0.2, 0.25, 0.30000000000000004, 0.35000000000000003, 0.4, 0.45, 0.5, 0.55, 0.6000000000000001, 0.65, 0.7000000000000001, 0.75, 0.8, 0.8500000000000001, 0.9, 0.9500000000000001, 1.0], [0.0, 1.0, 2.0, 3.0, 4.0, 5.0, 6.0, 7.0, 8.0, 9.0, 10.0, 11.0, 12.0, 13.0, 14.0, 15.0, 16.0, 17.0, 18.0, 19.0, 20.0, 21.0, 22.0, 23.0, 24.0, 25.0, 26.0, 27.0, 28.0, 29.0, 30.0, 31.0, 32.0, 33.0, 34.0, 35.0, 36.0, 37.0, 38.0, 39.0, 40.0, 41.0, 42.0, 43.0, 44.0, 45.0, 46.0, 47.0, 48.0, 49.0, 50.0]], 'y': [[[100.0, 87.6473159790039, 78.70455169677734, 71.7500228881836, 65.66461944580078, 60.64398956298828, 54.539764404296875, 49.9061393737793, 43.30105209350586, 36.98578643798828, 31.632247924804688, 27.06857681274414, 20.140737533569336, 13.414752960205078, 9.269474983215332, 5.135653495788574, 2.148008346557617, 0.9008780121803284, 0.19487707316875458, 0.00682405149564147, 0.0]], [[0.053255677223205566, 0.9391400218009949, 6.688540458679199, 10.731937408447266, 16.084012985229492, 21.50176239013672, 26.305809020996094, 31.42510986328125, 34.743621826171875, 39.30796432495117, 43.72884750366211, 47.142906188964844, 49.9954833984375, 52.866756439208984, 54.917762756347656, 57.69853591918945, 59.181396484375, 60.966217041015625, 64.13643646240234, 66.01163482666016, 67.77897644042969, 69.72134399414062, 71.17240905761719, 72.32372283935547, 74.04011535644531, 75.0457534790039, 76.28230285644531, 77.35231018066406, 78.88404083251953, 79.70530700683594, 80.99603271484375, 82.08047485351562, 84.03144836425781, 85.57797241210938, 86.86367797851562, 87.9999771118164, 88.48945617675781, 89.5083236694336, 90.60684204101562, 91.84183502197266, 92.45355987548828, 92.9281997680664, 93.86764526367188, 94.6600570678711, 95.42753601074219, 95.89089965820312, 97.57495880126953, 98.1667251586914, 98.54137420654297, 99.17382049560547, 100.0]]], 'z': [36.1, 67.8], 'frames': 11001}, 'Camera Motion': {'x': [[0.0, 0.05, 0.1, 0.15000000000000002, 0.2, 0.25, 0.30000000000000004, 0.35000000000000003, 0.4, 0.45, 0.5, 0.55, 0.6000000000000001, 0.65, 0.7000000000000001, 0.75, 0.8, 0.8500000000000001, 0.9, 0.9500000000000001, 1.0], [0.0, 1.0, 2.0, 3.0, 4.0, 5.0, 6.0, 7.0, 8.0, 9.0, 10.0, 11.0, 12.0, 13.0, 14.0, 15.0, 16.0, 17.0, 18.0, 19.0, 20.0, 21.0, 22.0, 23.0, 24.0, 25.0, 26.0, 27.0, 28.0, 29.0, 30.0, 31.0, 32.0, 33.0, 34.0, 35.0, 36.0, 37.0, 38.0, 39.0, 40.0, 41.0, 42.0, 43.0, 44.0, 45.0, 46.0, 47.0, 48.0, 49.0, 50.0]], 'y': [[[100.0, 96.89334869384766, 95.00273895263672, 93.90206146240234, 93.1216812133789, 91.6236572265625, 90.66431427001953, 89.7000961303711, 88.1694564819336, 85.49824523925781, 80.83367156982422, 74.31114959716797, 66.02198028564453, 55.22248077392578, 42.89838409423828, 29.4831600189209, 15.629185676574707, 6.77470588684082, 1.8992820978164673, 0.1818702518939972, 0.0]], [[0.2694994807243347, 1.6849240064620972, 4.600128173828125, 9.25179386138916, 15.0574369430542, 20.91806983947754, 27.62240219116211, 34.07478713989258, 39.50296401977539, 43.76247024536133, 48.23583221435547, 52.22746658325195, 55.22072219848633, 58.6474723815918, 60.800968170166016, 63.67654800415039, 66.82601165771484, 70.12261962890625, 72.34188079833984, 74.25628662109375, 75.84539031982422, 77.35428619384766, 79.37256622314453, 81.3623275756836, 82.32591247558594, 83.97162628173828, 85.02313232421875, 86.0266342163086, 87.0396499633789, 88.35017395019531, 89.05352020263672, 90.0845947265625, 92.53263854980469, 93.3381576538086, 93.88987731933594, 94.61817932128906, 95.07923889160156, 95.67623138427734, 96.08194732666016, 96.55158233642578, 96.97503662109375, 97.39507293701172, 97.6849594116211, 97.95353698730469, 98.2601547241211, 98.56280517578125, 99.09613037109375, 99.3414306640625, 99.60832214355469, 99.7480239868164, 100.0]]], 'z': [61.8, 75.8], 'frames': 18427}, 'Deformation': {'x': [[0.0, 0.05, 0.1, 0.15000000000000002, 0.2, 0.25, 0.30000000000000004, 0.35000000000000003, 0.4, 0.45, 0.5, 0.55, 0.6000000000000001, 0.65, 0.7000000000000001, 0.75, 0.8, 0.8500000000000001, 0.9, 0.9500000000000001, 1.0], [0.0, 1.0, 2.0, 3.0, 4.0, 5.0, 6.0, 7.0, 8.0, 9.0, 10.0, 11.0, 12.0, 13.0, 14.0, 15.0, 16.0, 17.0, 18.0, 19.0, 20.0, 21.0, 22.0, 23.0, 24.0, 25.0, 26.0, 27.0, 28.0, 29.0, 30.0, 31.0, 32.0, 33.0, 34.0, 35.0, 36.0, 37.0, 38.0, 39.0, 40.0, 41.0, 42.0, 43.0, 44.0, 45.0, 46.0, 47.0, 48.0, 49.0, 50.0]], 'y': [[[100.0, 95.51624298095703, 93.92466735839844, 92.23404693603516, 89.98518371582031, 88.18229675292969, 86.1594009399414, 83.27401733398438, 78.78284454345703, 72.3636703491211, 65.16609191894531, 55.384971618652344, 42.976139068603516, 30.585256576538086, 19.830293655395508, 11.455288887023926, 5.694126129150391, 2.4304871559143066, 0.7856355905532837, 0.058133289217948914, 0.0]], [[0.08691475540399551, 1.177337408065796, 4.1224846839904785, 9.446778297424316, 15.367427825927734, 22.459012985229492, 28.909027099609375, 36.12105941772461, 41.95137405395508, 48.321189880371094, 53.41802215576172, 57.83251953125, 61.210693359375, 64.640380859375, 67.17471313476562, 69.68135070800781, 72.15928649902344, 74.3904800415039, 76.31549072265625, 78.06697845458984, 79.79006958007812, 81.11053466796875, 82.67562866210938, 83.9200210571289, 84.98008728027344, 86.10253143310547, 87.25933837890625, 88.1758804321289, 88.92787170410156, 89.65779113769531, 90.90120697021484, 91.80082702636719, 92.56449890136719, 93.47274017333984, 94.03413391113281, 94.68475341796875, 95.14372253417969, 95.66081237792969, 96.07013702392578, 96.44013977050781, 96.82119750976562, 97.1369857788086, 97.5509033203125, 97.9720458984375, 98.18926239013672, 98.47576904296875, 99.00702667236328, 99.28746795654297, 99.53292846679688, 99.74639892578125, 100.0]]], 'z': [53.1, 79.8], 'frames': 69597}, 'Fast Motion': {'x': [[0.0, 0.05, 0.1, 0.15000000000000002, 0.2, 0.25, 0.30000000000000004, 0.35000000000000003, 0.4, 0.45, 0.5, 0.55, 0.6000000000000001, 0.65, 0.7000000000000001, 0.75, 0.8, 0.8500000000000001, 0.9, 0.9500000000000001, 