{"AUC": 39.6, "Precision": 55.8, "FPS": 11.25, "attribution": "{'Occlusion': {'x': [[0.0, 0.05, 0.1, 0.15000000000000002, 0.2, 0.25, 0.30000000000000004, 0.35000000000000003, 0.4, 0.45, 0.5, 0.55, 0.6000000000000001, 0.65, 0.7000000000000001, 0.75, 0.8, 0.8500000000000001, 0.9, 0.9500000000000001, 1.0], [0.0, 1.0, 2.0, 3.0, 4.0, 5.0, 6.0, 7.0, 8.0, 9.0, 10.0, 11.0, 12.0, 13.0, 14.0, 15.0, 16.0, 17.0, 18.0, 19.0, 20.0, 21.0, 22.0, 23.0, 24.0, 25.0, 26.0, 27.0, 28.0, 29.0, 30.0, 31.0, 32.0, 33.0, 34.0, 35.0, 36.0, 37.0, 38.0, 39.0, 40.0, 41.0, 42.0, 43.0, 44.0, 45.0, 46.0, 47.0, 48.0, 49.0, 50.0]], 'y': [[[100.0, 95.40613555908203, 94.14161682128906, 92.92457580566406, 91.43829345703125, 89.66220092773438, 87.0921401977539, 83.27810668945312, 78.1590347290039, 72.23200225830078, 65.05760955810547, 55.50566482543945, 44.93873596191406, 34.16506576538086, 23.892093658447266, 14.520051956176758, 6.916008949279785, 2.7682716846466064, 0.7817126512527466, 0.18339750170707703, 0.0]], [[0.36156702041625977, 2.768538236618042, 7.730771064758301, 15.746598243713379, 23.88973617553711, 32.90486145019531, 40.15676498413086, 47.19483947753906, 52.98468017578125, 58.078609466552734, 62.38567352294922, 65.85250854492188, 68.82734680175781, 71.89649963378906, 74.24421691894531, 76.49486541748047, 78.52869415283203, 80.32596588134766, 81.86572265625, 83.35147857666016, 84.8006820678711, 86.3858642578125, 87.84953308105469, 88.80607604980469, 90.18670654296875, 91.167724609375, 92.12271881103516, 93.04928588867188, 93.76390075683594, 94.35633087158203, 94.920166015625, 95.38839721679688, 95.85946655273438, 96.18154907226562, 96.56912994384766, 97.00225830078125, 97.25416564941406, 97.56242370605469, 97.8256607055664, 98.11065673828125, 98.3533935546875, 98.54657745361328, 98.70604705810547, 98.91617584228516, 99.07091522216797, 99.23638153076172, 99.40642547607422, 99.56519317626953, 99.7041244506836, 99.86965942382812, 100.0]]], 'z': [54.0, 84.8], 'frames': 49834}, 'Out Of View': {'x': [[0.0, 0.05, 0.1, 0.15000000000000002, 0.2, 0.25, 0.30000000000000004, 0.35000000000000003, 0.4, 0.45, 0.5, 0.55, 0.6000000000000001, 0.65, 0.7000000000000001, 0.75, 0.8, 0.8500000000000001, 0.9, 0.9500000000000001, 1.0], [0.0, 1.0, 2.0, 3.0, 4.0, 5.0, 6.0, 7.0, 8.0, 9.0, 10.0, 11.0, 12.0, 13.0, 14.0, 15.0, 16.0, 17.0, 18.0, 19.0, 20.0, 21.0, 22.0, 23.0, 24.0, 25.0, 26.0, 27.0, 28.0, 29.0, 30.0, 31.0, 32.0, 33.0, 34.0, 35.0, 36.0, 37.0, 38.0, 39.0, 40.0, 41.0, 42.0, 43.0, 44.0, 45.0, 46.0, 47.0, 48.0, 49.0, 50.0]], 'y': [[[100.0, 89.98124694824219, 84.16899108886719, 80.70081329345703, 76.07359313964844, 70.11164093017578, 65.09650421142578, 59.0140266418457, 52.4344367980957, 45.4714469909668, 39.42925262451172, 31.09063720703125, 23.66548728942871, 15.127433776855469, 9.005267143249512, 4.777211666107178, 2.3808789253234863, 0.8265526294708252, 0.18895861506462097, 0.10149940103292465, 0.0]], [[0.0653858408331871, 2.4317755699157715, 5.194742679595947, 9.720952033996582, 14.641237258911133, 21.570838928222656, 26.00013542175293, 31.30646324157715, 35.54049301147461, 39.74649429321289, 43.18513107299805, 46.7508430480957, 50.44731903076172, 53.09827423095703, 56.102325439453125, 58.56163024902344, 62.0910758972168, 63.91761779785156, 65.88316345214844, 68.0372314453125, 70.10379791259766, 72.03081512451172, 73.59435272216797, 74.89476013183594, 76.09918212890625, 78.13700103759766, 78.99131774902344, 80.50543212890625, 81.28778076171875, 82.05802154541016, 83.29116821289062, 84.50852966308594, 86.65153503417969, 87.49353790283203, 89.43231964111328, 90.25301361083984, 90.90087127685547, 91.87992858886719, 92.69274139404297, 93.6935806274414, 94.38063049316406, 95.0119400024414, 95.39151763916016, 95.91161346435547, 96.3297348022461, 97.34712982177734, 97.76042938232422, 98.23228454589844, 98.89669799804688, 99.43902587890625, 100.0]]], 'z': [40.5, 70.1], 'frames': 11001}, 'Camera Motion': {'x': [[0.0, 0.05, 0.1, 0.15000000000000002, 0.2, 0.25, 0.30000000000000004, 0.35000000000000003, 0.4, 0.45, 0.5, 0.55, 0.6000000000000001, 0.65, 0.7000000000000001, 0.75, 0.8, 0.8500000000000001, 0.9, 0.9500000000000001, 1.0], [0.0, 1.0, 2.0, 3.0, 4.0, 5.0, 6.0, 7.0, 8.0, 9.0, 10.0, 11.0, 12.0, 13.0, 14.0, 15.0, 16.0, 17.0, 18.0, 19.0, 20.0, 21.0, 22.0, 23.0, 24.0, 25.0, 26.0, 27.0, 28.0, 29.0, 30.0, 31.0, 32.0, 33.0, 34.0, 35.0, 36.0, 37.0, 38.0, 39.0, 40.0, 41.0, 42.0, 43.0, 44.0, 45.0, 46.0, 47.0, 48.0, 49.0, 50.0]], 'y': [[[100.0, 94.2857894897461, 92.86671447753906, 91.31307983398438, 90.8958969116211, 90.24320220947266, 89.14772033691406, 88.37045288085938, 86.37860870361328, 83.80805969238281, 80.03642272949219, 73.58354187011719, 63.880775451660156, 51.80373764038086, 39.21910858154297, 24.828245162963867, 13.26318359375, 5.976687908172607, 1.948594093322754, 0.1363440603017807, 0.0]], [[0.032717060297727585, 0.963504433631897, 4.800544261932373, 9.505472183227539, 14.619359016418457, 20.552167892456055, 26.670276641845703, 34.001014709472656, 37.94792175292969, 42.14423751831055, 46.18675231933594, 50.22389221191406, 53.25843811035156, 56.88650131225586, 59.90542221069336, 62.130558013916016, 64.97981262207031, 67.64140319824219, 69.78853607177734, 72.15887451171875, 74.42742919921875, 77.56346130371094, 79.45478057861328, 81.1151123046875, 82.20311737060547, 83.57936096191406, 84.80692291259766, 85.87881469726562, 86.790771484375, 87.64180755615234, 88.72453308105469, 89.78439331054688, 90.59623718261719, 91.88079071044922, 92.64009857177734, 93.32796478271484, 94.0327377319336, 94.58767700195312, 94.97322845458984, 95.47052001953125, 95.8092041015625, 96.17743682861328, 97.62701416015625, 98.18346405029297, 98.65347290039062, 98.86579895019531, 99.09326171875, 99.3785171508789, 99.59728240966797, 99.78569793701172, 100.0]]], 'z': [60.1, 74.4], 'frames': 18427}, 'Deformation': {'x': [[0.0, 0.05, 0.1, 0.15000000000000002, 0.2, 0.25, 0.30000000000000004, 0.35000000000000003, 0.4, 0.45, 0.5, 0.55, 0.6000000000000001, 0.65, 0.7000000000000001, 0.75, 0.8, 0.8500000000000001, 0.9, 0.9500000000000001, 1.0], [0.0, 1.0, 2.0, 3.0, 4.0, 5.0, 6.0, 7.0, 8.0, 9.0, 10.0, 11.0, 12.0, 13.0, 14.0, 15.0, 16.0, 17.0, 18.0, 19.0, 20.0, 21.0, 22.0, 23.0, 24.0, 25.0, 26.0, 27.0, 28.0, 29.0, 30.0, 31.0, 32.0, 33.0, 34.0, 35.0, 36.0, 37.0, 38.0, 39.0, 40.0, 41.0, 42.0, 43.0, 44.0, 45.0, 46.0, 47.0, 48.0, 49.0, 50.0]], 'y': [[[100.0, 95.77569580078125, 94.49563598632812, 93.48516845703125, 91.77435302734375, 89.64324188232422, 87.59039306640625, 84.55204772949219, 78.89449310302734, 71.5053482055664, 62.354576110839844, 51.85247802734375, 40.87125778198242, 29.461074829101562, 19.479902267456055, 11.163143157958984, 5.624582767486572, 2.2906060218811035, 0.6465688943862915, 0.074045829474926, 0.0]], [[0.14111971855163574, 1.3489336967468262, 4.639736652374268, 10.465365409851074, 16.294404983520508, 23.445568084716797, 30.095306396484375, 37.79345703125, 43.860252380371094, 50.6080207824707, 55.65662384033203, 59.903018951416016, 63.42201232910156, 67.07807159423828, 69.82734680175781, 72.41143798828125, 75.04031372070312, 77.07679748535156, 78.78152465820312, 80.71255493164062, 82.65728759765625, 84.28932189941406, 85.67485809326172, 86.81328582763672, 87.6539306640625, 88.98358154296875, 89.91766357421875, 90.73798370361328, 91.48091125488281, 92.14070129394531, 92.74237823486328, 93.6418685913086, 94.21311950683594, 94.69490814208984, 95.36254119873047, 95.91687774658203, 96.3035659790039, 96.68587493896484, 97.04998016357422, 97.35468292236328, 97.60035705566406, 97.85198211669922, 98.13807678222656, 98.39241790771484, 98.65240478515625, 98.96162414550781, 99.24189758300781, 99.46035766601562, 99.66632843017578, 99.8201675415039, 100.0]]], 'z': [52.9, 82.7], 'frames': 69597}, 'Fast Motion': {'x': [[0.0, 0.05, 0.1, 0.15000000000000002, 0.2, 0.25, 0.30000000000000004, 0.35000000000000003, 0.4, 0.45, 0.5, 0.55, 0.6000000000000001, 0.65, 0.7000000000000001, 0.75, 0.8, 0.8500000000000001, 0.9, 0.9500000000000001, 