{"AUC": 38.6, "Precision": 53.1, "FPS": 54.45, "attribution": "{'Occlusion': {'x': [[0.0, 0.05, 0.1, 0.15000000000000002, 0.2, 0.25, 0.30000000000000004, 0.35000000000000003, 0.4, 0.45, 0.5, 0.55, 0.6000000000000001, 0.65, 0.7000000000000001, 0.75, 0.8, 0.8500000000000001, 0.9, 0.9500000000000001, 1.0], [0.0, 1.0, 2.0, 3.0, 4.0, 5.0, 6.0, 7.0, 8.0, 9.0, 10.0, 11.0, 12.0, 13.0, 14.0, 15.0, 16.0, 17.0, 18.0, 19.0, 20.0, 21.0, 22.0, 23.0, 24.0, 25.0, 26.0, 27.0, 28.0, 29.0, 30.0, 31.0, 32.0, 33.0, 34.0, 35.0, 36.0, 37.0, 38.0, 39.0, 40.0, 41.0, 42.0, 43.0, 44.0, 45.0, 46.0, 47.0, 48.0, 49.0, 50.0]], 'y': [[[100.0, 94.77911376953125, 91.72016143798828, 89.26368713378906, 86.93653869628906, 85.11093139648438, 83.14682006835938, 80.42427062988281, 76.69920349121094, 72.02278900146484, 65.6569595336914, 57.64516067504883, 47.678550720214844, 36.73966598510742, 25.261396408081055, 15.259952545166016, 7.841886043548584, 3.212999105453491, 0.8536148071289062, 0.20683126151561737, 0.0]], [[0.3225547671318054, 2.351040840148926, 8.100568771362305, 15.867392539978027, 23.419668197631836, 31.67433738708496, 38.95280456542969, 46.218868255615234, 51.718666076660156, 56.52699279785156, 60.65630340576172, 64.22161865234375, 67.56928253173828, 70.52381134033203, 72.60865783691406, 75.03043365478516, 76.81534576416016, 78.54454803466797, 80.14766693115234, 81.77363586425781, 82.90129852294922, 84.09335327148438, 85.2970199584961, 86.38296508789062, 87.5546646118164, 88.50859832763672, 89.26909637451172, 89.98706817626953, 90.80203247070312, 91.4671630859375, 92.23756408691406, 92.88826751708984, 93.41047668457031, 94.16739654541016, 94.6825180053711, 95.02589416503906, 95.43262481689453, 95.87976837158203, 96.22888946533203, 96.58382415771484, 96.87084197998047, 97.2269515991211, 97.54359436035156, 97.89944458007812, 98.17513275146484, 98.41118621826172, 98.78748321533203, 99.1207275390625, 99.39688110351562, 99.6845932006836, 100.0]]], 'z': [53.4, 82.9], 'frames': 49834}, 'Out Of View': {'x': [[0.0, 0.05, 0.1, 0.15000000000000002, 0.2, 0.25, 0.30000000000000004, 0.35000000000000003, 0.4, 0.45, 0.5, 0.55, 0.6000000000000001, 0.65, 0.7000000000000001, 0.75, 0.8, 0.8500000000000001, 0.9, 0.9500000000000001, 1.0], [0.0, 1.0, 2.0, 3.0, 4.0, 5.0, 6.0, 7.0, 8.0, 9.0, 10.0, 11.0, 12.0, 13.0, 14.0, 15.0, 16.0, 17.0, 18.0, 19.0, 20.0, 21.0, 22.0, 23.0, 24.0, 25.0, 26.0, 27.0, 28.0, 29.0, 30.0, 31.0, 32.0, 33.0, 34.0, 35.0, 36.0, 37.0, 38.0, 39.0, 40.0, 41.0, 42.0, 43.0, 44.0, 45.0, 46.0, 47.0, 48.0, 49.0, 50.0]], 'y': [[[100.0, 84.86194610595703, 75.00564575195312, 67.56002807617188, 62.17377853393555, 56.57643127441406, 51.85198974609375, 47.16163635253906, 41.96723556518555, 35.999671936035156, 31.480138778686523, 26.897525787353516, 20.430809020996094, 13.7328519821167, 9.003984451293945, 4.69407844543457, 2.254011631011963, 0.7857266068458557, 0.1872367113828659, 0.012491177767515182, 0.0]], [[0.06935354322195053, 1.1165400743484497, 7.013964653015137, 11.178886413574219, 14.628179550170898, 19.710092544555664, 24.005157470703125, 29.840293884277344, 34.88593292236328, 39.06187438964844, 42.781829833984375, 46.684993743896484, 49.59681701660156, 52.44172286987305, 55.59001541137695, 57.28467559814453, 61.8110466003418, 64.37556457519531, 65.77696228027344, 67.69973754882812, 70.31648254394531, 72.5755386352539, 73.95819091796875, 75.1414566040039, 76.10730743408203, 77.24803161621094, 78.27754211425781, 79.69882202148438, 80.4427719116211, 81.5728759765625, 82.81816101074219, 83.47808837890625, 84.19853973388672, 84.96475219726562, 86.56120300292969, 87.65219116210938, 88.39876556396484, 90.10196685791016, 90.62615203857422, 91.24666595458984, 91.94251251220703, 93.53407287597656, 93.93981170654297, 94.67913818359375, 95.4001693725586, 96.5391845703125, 97.0567855834961, 97.78045654296875, 98.54014587402344, 99.3805923461914, 100.0]]], 'z': [34.9, 70.3], 'frames': 11001}, 'Camera Motion': {'x': [[0.0, 0.05, 0.1, 0.15000000000000002, 0.2, 0.25, 0.30000000000000004, 0.35000000000000003, 0.4, 0.45, 0.5, 0.55, 0.6000000000000001, 0.65, 0.7000000000000001, 0.75, 0.8, 0.8500000000000001, 0.9, 0.9500000000000001, 1.0], [0.0, 1.0, 2.0, 3.0, 4.0, 5.0, 6.0, 7.0, 8.0, 9.0, 10.0, 11.0, 12.0, 13.0, 14.0, 15.0, 16.0, 17.0, 18.0, 19.0, 20.0, 21.0, 22.0, 23.0, 24.0, 25.0, 26.0, 27.0, 28.0, 29.0, 30.0, 31.0, 32.0, 33.0, 34.0, 35.0, 36.0, 37.0, 38.0, 39.0, 40.0, 41.0, 42.0, 43.0, 44.0, 45.0, 46.0, 47.0, 48.0, 49.0, 50.0]], 'y': [[[100.0, 95.2298355102539, 92.87598419189453, 91.743408203125, 91.06261444091797, 90.18165588378906, 89.56350708007812, 88.60376739501953, 87.27554321289062, 83.54495239257812, 79.7493896484375, 74.23400115966797, 65.431884765625, 54.38228225708008, 41.163108825683594, 27.716970443725586, 16.33977699279785, 7.4103803634643555, 2.3042798042297363, 0.17361710965633392, 0.0]], [[0.018183989450335503, 1.334332823753357, 4.525832653045654, 9.164020538330078, 14.84247875213623, 20.98556900024414, 27.357704162597656, 33.72024154663086, 38.17174530029297, 43.242408752441406, 46.658111572265625, 50.02074432373047, 53.136287689208984, 56.76399612426758, 59.158241271972656, 61.65481948852539, 64.25489044189453, 67.48233795166016, 69.85177612304688, 71.71875, 73.59258270263672, 74.90894317626953, 77.02172088623047, 78.42768096923828, 79.687255859375, 81.01437377929688, 82.40740203857422, 83.65471649169922, 84.89134979248047, 85.99530792236328, 86.84336853027344, 87.57022857666016, 88.98316955566406, 90.79981231689453, 91.97468566894531, 92.62386322021484, 93.0817642211914, 93.70094299316406, 94.23794555664062, 94.66124725341797, 95.0271987915039, 95.55382537841797, 95.80458068847656, 97.42147064208984, 97.80271911621094, 98.65260314941406, 98.90505981445312, 99.12982177734375, 99.62450408935547, 99.84131622314453, 100.0]]], 'z': [60.9, 73.6], 'frames': 18427}, 'Deformation': {'x': [[0.0, 0.05, 0.1, 0.15000000000000002, 0.2, 0.25, 0.30000000000000004, 0.35000000000000003, 0.4, 0.45, 0.5, 0.55, 0.6000000000000001, 0.65, 0.7000000000000001, 0.75, 0.8, 0.8500000000000001, 0.9, 0.9500000000000001, 1.0], [0.0, 1.0, 2.0, 3.0, 4.0, 5.0, 6.0, 7.0, 8.0, 9.0, 10.0, 11.0, 12.0, 13.0, 14.0, 15.0, 16.0, 17.0, 18.0, 19.0, 20.0, 21.0, 22.0, 23.0, 24.0, 25.0, 26.0, 27.0, 28.0, 29.0, 30.0, 31.0, 32.0, 33.0, 34.0, 35.0, 36.0, 37.0, 38.0, 39.0, 40.0, 41.0, 42.0, 43.0, 44.0, 45.0, 46.0, 47.0, 48.0, 49.0, 50.0]], 'y': [[[100.0, 94.92284393310547, 93.2855224609375, 91.73724365234375, 89.53286743164062, 87.70308685302734, 85.89035034179688, 82.80522918701172, 78.58065795898438, 71.90463256835938, 64.54596710205078, 54.666805267333984, 43.155582427978516, 31.219295501708984, 20.563549041748047, 11.749266624450684, 5.892672538757324, 2.482292652130127, 0.7328072190284729, 0.07604257762432098, 0.0]], [[0.08102861791849136, 1.1774297952651978, 4.328389644622803, 9.16342830657959, 15.254202842712402, 22.277244567871094, 28.853086471557617, 36.17894744873047, 42.630226135253906, 47.921756744384766, 54.0025634765625, 57.78474044799805, 61.46055603027344, 64.56426239013672, 67.40917205810547, 69.99141693115234, 72.3945541381836, 74.64221954345703, 76.63652801513672, 78.49223327636719, 80.00765991210938, 81.26701354980469, 82.71450805664062, 84.1315689086914, 85.26200866699219, 86.36129760742188, 87.51456451416016, 88.24668884277344, 89.29801940917969, 90.29825592041016, 91.04206848144531, 91.86051940917969, 92.44644165039062, 92.96492767333984, 93.97396087646484, 94.56426239013672, 95.01714324951172, 95.48164367675781, 95.9774169921875, 96.45196533203125, 96.74454498291016, 97.11079406738281, 97.41642761230469, 97.7492904663086, 98.07048797607422, 98.55943298339844, 98.88525390625, 99.19208526611328, 99.52903747558594, 99.76666259765625, 100.0]]], 'z': [52.9, 80.0], 'frames': 69597}, 'Fast Motion': {'x': [[0.0, 0.05, 0.1, 0.15000000000000002, 0.2, 0.25, 0.30000000000000004, 0.35000000000000003, 0.4, 0.45, 0.5, 0.55, 0.6000000000000001, 0.65, 0.7000000000000001, 0.75, 0.8, 0.8500000000000001, 0.9, 