{"AUC": 34.7, "Precision": 46.1, "FPS": -1.0, "attribution": "{'Occlusion': {'x': [[0.0, 0.05, 0.1, 0.15000000000000002, 0.2, 0.25, 0.30000000000000004, 0.35000000000000003, 0.4, 0.45, 0.5, 0.55, 0.6000000000000001, 0.65, 0.7000000000000001, 0.75, 0.8, 0.8500000000000001, 0.9, 0.9500000000000001, 1.0], [0.0, 1.0, 2.0, 3.0, 4.0, 5.0, 6.0, 7.0, 8.0, 9.0, 10.0, 11.0, 12.0, 13.0, 14.0, 15.0, 16.0, 17.0, 18.0, 19.0, 20.0, 21.0, 22.0, 23.0, 24.0, 25.0, 26.0, 27.0, 28.0, 29.0, 30.0, 31.0, 32.0, 33.0, 34.0, 35.0, 36.0, 37.0, 38.0, 39.0, 40.0, 41.0, 42.0, 43.0, 44.0, 45.0, 46.0, 47.0, 48.0, 49.0, 50.0]], 'y': [[[100.0, 94.21554565429688, 90.6279525756836, 88.14715576171875, 86.38630676269531, 84.73188018798828, 82.66616821289062, 79.84318542480469, 75.63692474365234, 70.8404769897461, 64.66320037841797, 56.33628463745117, 46.083168029785156, 34.89507293701172, 23.334285736083984, 13.711859703063965, 6.118164539337158, 2.277198314666748, 0.5733137726783752, 0.24014003574848175, 0.0]], [[0.41806894540786743, 1.8351752758026123, 5.797060489654541, 11.306336402893066, 17.821914672851562, 24.769868850708008, 30.638975143432617, 37.228271484375, 43.524559020996094, 48.84623336791992, 53.786067962646484, 57.71215057373047, 60.583316802978516, 64.31905364990234, 66.80094146728516, 69.10826873779297, 71.13541412353516, 73.07067108154297, 74.6475830078125, 76.11529541015625, 77.8828125, 78.99467468261719, 80.47064208984375, 81.4420166015625, 82.4365234375, 83.45777893066406, 84.48741149902344, 85.26249694824219, 86.31251525878906, 87.02791595458984, 87.86933898925781, 88.64851379394531, 89.45003509521484, 90.31389617919922, 90.91209411621094, 91.4735107421875, 92.05763244628906, 92.54615020751953, 93.23523712158203, 93.8065185546875, 94.56957244873047, 95.20458984375, 95.84809112548828, 96.4971923828125, 97.04888916015625, 97.49695587158203, 98.06507873535156, 98.642578125, 99.05496215820312, 99.48673248291016, 100.0]]], 'z': [52.4, 77.9], 'frames': 49834}, 'Out Of View': {'x': [[0.0, 0.05, 0.1, 0.15000000000000002, 0.2, 0.25, 0.30000000000000004, 0.35000000000000003, 0.4, 0.45, 0.5, 0.55, 0.6000000000000001, 0.65, 0.7000000000000001, 0.75, 0.8, 0.8500000000000001, 0.9, 0.9500000000000001, 1.0], [0.0, 1.0, 2.0, 3.0, 4.0, 5.0, 6.0, 7.0, 8.0, 9.0, 10.0, 11.0, 12.0, 13.0, 14.0, 15.0, 16.0, 17.0, 18.0, 19.0, 20.0, 21.0, 22.0, 23.0, 24.0, 25.0, 26.0, 27.0, 28.0, 29.0, 30.0, 31.0, 32.0, 33.0, 34.0, 35.0, 36.0, 37.0, 38.0, 39.0, 40.0, 41.0, 42.0, 43.0, 44.0, 45.0, 46.0, 47.0, 48.0, 49.0, 50.0]], 'y': [[[100.0, 89.91842651367188, 84.1501235961914, 79.41873168945312, 74.36636352539062, 68.6632308959961, 63.07791519165039, 56.710330963134766, 50.95840835571289, 42.77090072631836, 37.721153259277344, 32.287940979003906, 24.07054328918457, 15.998917579650879, 9.981485366821289, 4.816725254058838, 2.3155922889709473, 0.7306312918663025, 0.19088071584701538, 0.016818635165691376, 0.0]], [[0.009310106746852398, 0.33183327317237854, 1.346613883972168, 3.9211370944976807, 6.911919116973877, 13.23725700378418, 16.14933967590332, 20.72220230102539, 24.1495418548584, 28.328636169433594, 31.528043746948242, 33.63924789428711, 35.94886779785156, 39.691261291503906, 41.75336837768555, 44.51587677001953, 47.467525482177734, 49.95698928833008, 52.92437744140625, 55.69910430908203, 58.506935119628906, 60.241825103759766, 62.37896728515625, 64.2750473022461, 66.45262908935547, 67.64906311035156, 69.48906707763672, 70.89606475830078, 72.84414672851562, 74.34759521484375, 76.54011535644531, 78.10528564453125, 80.40159606933594, 82.39319610595703, 83.8282699584961, 85.09009552001953, 86.0492935180664, 87.45111083984375, 88.74406433105469, 89.88446044921875, 90.62907409667969, 92.21826171875, 93.28604125976562, 93.89508056640625, 94.61570739746094, 95.35635375976562, 96.04627227783203, 96.44898223876953, 98.24337005615234, 99.14295196533203, 100.0]]], 'z': [39.9, 58.5], 'frames': 11001}, 'Camera Motion': {'x': [[0.0, 0.05, 0.1, 0.15000000000000002, 0.2, 0.25, 0.30000000000000004, 0.35000000000000003, 0.4, 0.45, 0.5, 0.55, 0.6000000000000001, 0.65, 0.7000000000000001, 0.75, 0.8, 0.8500000000000001, 0.9, 0.9500000000000001, 1.0], [0.0, 1.0, 2.0, 3.0, 4.0, 5.0, 6.0, 7.0, 8.0, 9.0, 10.0, 11.0, 12.0, 13.0, 14.0, 15.0, 16.0, 17.0, 18.0, 19.0, 20.0, 21.0, 22.0, 23.0, 24.0, 25.0, 26.0, 27.0, 28.0, 29.0, 30.0, 31.0, 32.0, 33.0, 34.0, 35.0, 36.0, 37.0, 38.0, 39.0, 40.0, 41.0, 42.0, 43.0, 44.0, 45.0, 46.0, 47.0, 48.0, 49.0, 50.0]], 'y': [[[100.0, 95.23098754882812, 92.50602722167969, 91.33061981201172, 90.05370330810547, 88.9911117553711, 87.70047760009766, 85.96345520019531, 82.89208984375, 79.96525573730469, 74.0711669921875, 65.82997131347656, 56.5902099609375, 42.34335708618164, 27.897829055786133, 16.570636749267578, 8.454345703125, 3.326427936553955, 1.3393868207931519, 0.05742651969194412, 0.0]], [[0.2366340011358261, 0.915298342704773, 3.290637493133545, 8.263956069946289, 12.548659324645996, 16.836660385131836, 21.127323150634766, 28.32154083251953, 33.18210983276367, 38.42304992675781, 42.40565490722656, 45.81817626953125, 48.36246109008789, 52.024658203125, 54.97185516357422, 57.91557312011719, 60.51123809814453, 63.914154052734375, 65.67501068115234, 68.34254455566406, 70.43180847167969, 72.73856353759766, 74.53226470947266, 76.49638366699219, 77.87751007080078, 79.01161193847656, 80.2455062866211, 81.2430648803711, 82.5137710571289, 83.46752166748047, 84.16703796386719, 85.37283325195312, 86.3271484375, 88.73546600341797, 89.22139739990234, 89.82442474365234, 91.12779235839844, 91.6566162109375, 92.927490234375, 93.65867614746094, 94.2409439086914, 94.96624755859375, 95.50875091552734, 96.17643737792969, 96.7826156616211, 97.6052474975586, 97.97881317138672, 98.39356994628906, 98.93228149414062, 99.404052734375, 100.0]]], 'z': [56.7, 70.4], 'frames': 18427}, 'Deformation': {'x': [[0.0, 0.05, 0.1, 0.15000000000000002, 0.2, 0.25, 0.30000000000000004, 0.35000000000000003, 0.4, 0.45, 0.5, 0.55, 0.6000000000000001, 0.65, 0.7000000000000001, 0.75, 0.8, 0.8500000000000001, 0.9, 0.9500000000000001, 1.0], [0.0, 1.0, 2.0, 3.0, 4.0, 5.0, 6.0, 7.0, 8.0, 9.0, 10.0, 11.0, 12.0, 13.0, 14.0, 15.0, 16.0, 17.0, 18.0, 19.0, 20.0, 21.0, 22.0, 23.0, 24.0, 25.0, 26.0, 27.0, 28.0, 29.0, 30.0, 31.0, 32.0, 33.0, 34.0, 35.0, 36.0, 37.0, 38.0, 39.0, 40.0, 41.0, 42.0, 43.0, 44.0, 45.0, 46.0, 47.0, 48.0, 49.0, 50.0]], 'y': [[[100.0, 95.57270050048828, 92.46650695800781, 90.76416015625, 89.29613494873047, 87.11863708496094, 84.15040588378906, 79.1671142578125, 73.76634979248047, 66.67227935791016, 58.22050476074219, 46.790653228759766, 33.832889556884766, 22.854816436767578, 13.732640266418457, 7.039055824279785, 3.2821402549743652, 0.7823368310928345, 0.13724800944328308, 0.016233569011092186, 0.0]], [[0.03359898552298546, 0.4116370677947998, 1.873346209526062, 5.075967788696289, 8.686067581176758, 13.673562049865723, 17.699478149414062, 24.294038772583008, 30.660512924194336, 36.65898895263672, 42.318702697753906, 46.958560943603516, 50.94260025024414, 55.00633239746094, 58.358280181884766, 61.18778991699219, 64.0268325805664, 66.61071014404297, 69.0419921875, 70.92308044433594, 72.91947174072266, 74.57495880126953, 76.26670837402344, 77.8983154296875, 79.1009292602539, 80.4567642211914, 81.65225982666016, 82.62940216064453, 83.84346771240234, 84.794921875, 85.63172149658203, 86.52701568603516, 87.29718017578125, 88.6333999633789, 89.36824035644531, 90.1789779663086, 91.0032958984375, 91.59972381591797, 92.26895141601562, 92.86241912841797, 94.11466979980469, 94.83000183105469, 95.30792236328125, 95.88912963867188, 96.43634796142578, 96.98326873779297, 97.83905029296875, 98.43558502197266, 98.90000915527344, 99.41887664794922, 100.0]]], 'z': [49.8, 72.9], 'frames': 69597}, 'Fast Motion': {'x': [[0.0, 0.05, 0.1, 0.15000000000000002, 0.2, 0.25, 0.30000000000000004, 0.35000000000000003, 0.4, 0.45, 0.5, 0.55, 0.6000000000000001, 0.65, 0.7000000000000001, 0.75, 0.8, 0.8500000000000001, 0.9, 0.9500000000000001, 1.0], [0.0, 1.0, 