{"AUC": 32.4, "Precision": 40.8, "FPS": 139.22, "attribution": "{'Occlusion': {'x': [[0.0, 0.05, 0.1, 0.15000000000000002, 0.2, 0.25, 0.30000000000000004, 0.35000000000000003, 0.4, 0.45, 0.5, 0.55, 0.6000000000000001, 0.65, 0.7000000000000001, 0.75, 0.8, 0.8500000000000001, 0.9, 0.9500000000000001, 1.0], [0.0, 1.0, 2.0, 3.0, 4.0, 5.0, 6.0, 7.0, 8.0, 9.0, 10.0, 11.0, 12.0, 13.0, 14.0, 15.0, 16.0, 17.0, 18.0, 19.0, 20.0, 21.0, 22.0, 23.0, 24.0, 25.0, 26.0, 27.0, 28.0, 29.0, 30.0, 31.0, 32.0, 33.0, 34.0, 35.0, 36.0, 37.0, 38.0, 39.0, 40.0, 41.0, 42.0, 43.0, 44.0, 45.0, 46.0, 47.0, 48.0, 49.0, 50.0]], 'y': [[[100.0, 95.65235137939453, 93.0045394897461, 89.76237487792969, 85.91012573242188, 82.58755493164062, 78.83195495605469, 74.84075927734375, 70.57633209228516, 66.19221496582031, 59.94639587402344, 51.858551025390625, 42.25253677368164, 32.33583450317383, 22.216651916503906, 13.689793586730957, 6.493300437927246, 2.704177141189575, 0.9421325922012329, 0.2373344451189041, 0.0]], [[0.3666970729827881, 1.804682970046997, 5.409996032714844, 10.89018440246582, 17.12617301940918, 24.186155319213867, 29.50984001159668, 35.834075927734375, 40.67627716064453, 45.859886169433594, 49.68873596191406, 53.25533676147461, 56.577064514160156, 59.59625244140625, 62.167503356933594, 65.03707885742188, 67.10160827636719, 69.18425750732422, 71.49457550048828, 73.29857635498047, 74.88032531738281, 76.36941528320312, 77.76834869384766, 79.08100891113281, 80.91232299804688, 81.91050720214844, 83.08113098144531, 84.1571273803711, 85.19642639160156, 86.13410186767578, 86.98779296875, 87.88228607177734, 88.63214111328125, 89.43716430664062, 90.24461364746094, 91.02072143554688, 91.82411193847656, 92.61387634277344, 93.46659088134766, 94.24000549316406, 94.72738647460938, 95.27824401855469, 96.04653930664062, 96.55697631835938, 97.03915405273438, 97.49100494384766, 97.86128234863281, 98.40251159667969, 98.93013000488281, 99.43790435791016, 100.0]]], 'z': [51.0, 74.9], 'frames': 49834}, 'Out Of View': {'x': [[0.0, 0.05, 0.1, 0.15000000000000002, 0.2, 0.25, 0.30000000000000004, 0.35000000000000003, 0.4, 0.45, 0.5, 0.55, 0.6000000000000001, 0.65, 0.7000000000000001, 0.75, 0.8, 0.8500000000000001, 0.9, 0.9500000000000001, 1.0], [0.0, 1.0, 2.0, 3.0, 4.0, 5.0, 6.0, 7.0, 8.0, 9.0, 10.0, 11.0, 12.0, 13.0, 14.0, 15.0, 16.0, 17.0, 18.0, 19.0, 20.0, 21.0, 22.0, 23.0, 24.0, 25.0, 26.0, 27.0, 28.0, 29.0, 30.0, 31.0, 32.0, 33.0, 34.0, 35.0, 36.0, 37.0, 38.0, 39.0, 40.0, 41.0, 42.0, 43.0, 44.0, 45.0, 46.0, 47.0, 48.0, 49.0, 50.0]], 'y': [[[100.0, 92.5455551147461, 84.84086608886719, 79.31720733642578, 72.6502685546875, 66.46407318115234, 61.273677825927734, 54.797698974609375, 49.96786880493164, 44.629459381103516, 38.13102722167969, 31.463289260864258, 24.24783706665039, 16.948984146118164, 10.953848838806152, 6.639794826507568, 3.1203887462615967, 0.7799703478813171, 0.31326824426651, 0.07515893876552582, 0.0]], [[0.13412541151046753, 0.8125196099281311, 3.394415855407715, 5.908868789672852, 8.352322578430176, 12.28593635559082, 17.06713104248047, 21.212173461914062, 26.20387077331543, 30.2220458984375, 35.57938766479492, 38.075477600097656, 41.706546783447266, 44.184112548828125, 46.98515319824219, 48.948219299316406, 51.45429229736328, 53.94508361816406, 55.99240493774414, 59.22275161743164, 61.132205963134766, 64.687255859375, 66.23628234863281, 67.31700897216797, 68.81123352050781, 69.84861755371094, 71.22564697265625, 72.4254150390625, 74.05010223388672, 76.0970687866211, 77.46372985839844, 78.97254180908203, 80.85716247558594, 82.05448150634766, 83.285888671875, 84.89669036865234, 86.56730651855469, 87.77816772460938, 88.81818389892578, 89.91399383544922, 90.89363098144531, 91.6251449584961, 92.83246612548828, 93.74986267089844, 94.43401336669922, 96.02515411376953, 96.6871566772461, 97.61100006103516, 98.3073959350586, 99.2522964477539, 100.0]]], 'z': [40.0, 61.1], 'frames': 11001}, 'Camera Motion': {'x': [[0.0, 0.05, 0.1, 0.15000000000000002, 0.2, 0.25, 0.30000000000000004, 0.35000000000000003, 0.4, 0.45, 0.5, 0.55, 0.6000000000000001, 0.65, 0.7000000000000001, 0.75, 0.8, 0.8500000000000001, 0.9, 0.9500000000000001, 1.0], [0.0, 1.0, 2.0, 3.0, 4.0, 5.0, 6.0, 7.0, 8.0, 9.0, 10.0, 11.0, 12.0, 13.0, 14.0, 15.0, 16.0, 17.0, 18.0, 19.0, 20.0, 21.0, 22.0, 23.0, 24.0, 25.0, 26.0, 27.0, 28.0, 29.0, 30.0, 31.0, 32.0, 33.0, 34.0, 35.0, 36.0, 37.0, 38.0, 39.0, 40.0, 41.0, 42.0, 43.0, 44.0, 45.0, 46.0, 47.0, 48.0, 49.0, 50.0]], 'y': [[[100.0, 96.20521545410156, 93.92472839355469, 91.96322631835938, 89.65182495117188, 87.12326049804688, 84.3151626586914, 81.5904312133789, 79.00768280029297, 74.04740142822266, 69.09840393066406, 59.71791076660156, 49.04391098022461, 37.49853515625, 25.857940673828125, 13.918599128723145, 6.953183650970459, 2.5269012451171875, 0.9079387187957764, 0.048391375690698624, 0.0]], [[0.06962572038173676, 0.6285445690155029, 2.9549217224121094, 5.906247138977051, 9.179991722106934, 14.592972755432129, 17.999422073364258, 24.122072219848633, 27.913921356201172, 32.70066452026367, 36.690345764160156, 40.563636779785156, 43.17475509643555, 46.439239501953125, 48.49803161621094, 51.8040771484375, 55.17685317993164, 57.365386962890625, 59.09108352661133, 61.745567321777344, 64.19984436035156, 66.22731018066406, 67.87628936767578, 69.5208740234375, 70.83375549316406, 72.39070129394531, 74.32410430908203, 75.74514770507812, 77.22122955322266, 78.39141845703125, 79.42528533935547, 80.5477523803711, 81.66734313964844, 83.28289031982422, 84.00972747802734, 84.99980926513672, 86.00617980957031, 86.77758026123047, 88.22561645507812, 90.79814147949219, 91.6805648803711, 93.33091735839844, 93.9558334350586, 94.64016723632812, 95.49520874023438, 96.3647232055664, 97.17805480957031, 97.7847671508789, 98.1927490234375, 99.54519653320312, 100.0]]], 'z': [54.4, 64.2], 'frames': 18427}, 'Deformation': {'x': [[0.0, 0.05, 0.1, 0.15000000000000002, 0.2, 0.25, 0.30000000000000004, 0.35000000000000003, 0.4, 0.45, 0.5, 0.55, 0.6000000000000001, 0.65, 0.7000000000000001, 0.75, 0.8, 0.8500000000000001, 0.9, 0.9500000000000001, 1.0], [0.0, 1.0, 2.0, 3.0, 4.0, 5.0, 6.0, 7.0, 8.0, 9.0, 10.0, 11.0, 12.0, 13.0, 14.0, 15.0, 16.0, 17.0, 18.0, 19.0, 20.0, 21.0, 22.0, 23.0, 24.0, 25.0, 26.0, 27.0, 28.0, 29.0, 30.0, 31.0, 32.0, 33.0, 34.0, 35.0, 36.0, 37.0, 38.0, 39.0, 40.0, 41.0, 42.0, 43.0, 44.0, 45.0, 46.0, 47.0, 48.0, 49.0, 50.0]], 'y': [[[100.0, 96.83405303955078, 94.68657684326172, 92.52108001708984, 90.4011001586914, 87.10485076904297, 83.20606994628906, 78.08329772949219, 71.9277572631836, 62.95966339111328, 52.771507263183594, 39.92904281616211, 28.299760818481445, 18.605485916137695, 10.873122215270996, 5.197403907775879, 2.123460531234741, 0.7742719054222107, 0.21760745346546173, 0.005973781459033489, 0.0]], [[0.019403964281082153, 0.39307257533073425, 1.5458741188049316, 4.201446533203125, 7.7913970947265625, 12.257668495178223, 16.761642456054688, 21.655345916748047, 26.8583984375, 31.699302673339844, 36.70490264892578, 42.745399475097656, 47.28001022338867, 50.932861328125, 53.961830139160156, 56.97305679321289, 59.94414520263672, 62.44636917114258, 64.52935791015625, 66.9359359741211, 69.0376205444336, 71.06282043457031, 72.69483947753906, 74.19415283203125, 75.73323822021484, 77.29461669921875, 78.51197052001953, 79.58998107910156, 80.875244140625, 82.00907897949219, 83.1533203125, 84.152587890625, 85.16693115234375, 86.21852111816406, 87.70874786376953, 88.58602905273438, 90.75019073486328, 91.52566528320312, 92.36949920654297, 93.16726684570312, 93.8314208984375, 94.43905639648438, 94.96724700927734, 95.47341918945312, 96.35482025146484, 97.18984985351562, 97.66958618164062, 98.4842300415039, 99.020751953125, 99.52313995361328, 100.0]]], 'z': [48.4, 69.0], 'frames': 69597}, 'Fast Motion': {'x': [[0.0, 0.05, 0.1, 0.15000000000000002, 0.2, 0.25, 0.30000000000000004, 0.35000000000000003, 0.4, 0.45, 0.5, 0.55, 0.6000000000000001, 0.65, 0.7000000000000001, 0.75, 0.8, 0.8500000000000001, 0.9, 