{"AUC": 33.6, "Precision": 44.0, "FPS": -1.0, "attribution": "{'Occlusion': {'x': [[0.0, 0.05, 0.1, 0.15000000000000002, 0.2, 0.25, 0.30000000000000004, 0.35000000000000003, 0.4, 0.45, 0.5, 0.55, 0.6000000000000001, 0.65, 0.7000000000000001, 0.75, 0.8, 0.8500000000000001, 0.9, 0.9500000000000001, 1.0], [0.0, 1.0, 2.0, 3.0, 4.0, 5.0, 6.0, 7.0, 8.0, 9.0, 10.0, 11.0, 12.0, 13.0, 14.0, 15.0, 16.0, 17.0, 18.0, 19.0, 20.0, 21.0, 22.0, 23.0, 24.0, 25.0, 26.0, 27.0, 28.0, 29.0, 30.0, 31.0, 32.0, 33.0, 34.0, 35.0, 36.0, 37.0, 38.0, 39.0, 40.0, 41.0, 42.0, 43.0, 44.0, 45.0, 46.0, 47.0, 48.0, 49.0, 50.0]], 'y': [[[100.0, 96.14347076416016, 92.66905975341797, 89.84423828125, 86.36778259277344, 82.58830261230469, 79.60041046142578, 75.0348892211914, 70.55352020263672, 64.64264678955078, 57.13962936401367, 48.072357177734375, 38.28828811645508, 28.262767791748047, 18.986597061157227, 11.298064231872559, 6.193324565887451, 2.1038546562194824, 0.5395620465278625, 0.21779069304466248, 0.0]], [[0.4102327525615692, 1.7801631689071655, 5.629201889038086, 11.307734489440918, 16.444286346435547, 22.76683235168457, 28.259456634521484, 33.63201141357422, 38.30752182006836, 42.471004486083984, 46.55190658569336, 49.842979431152344, 53.04325866699219, 55.94327926635742, 58.37260437011719, 60.53396987915039, 62.681068420410156, 64.8871078491211, 67.12062072753906, 68.96571350097656, 70.90620422363281, 72.71112823486328, 74.40040588378906, 76.13410186767578, 77.73892974853516, 79.2856674194336, 80.56255340576172, 81.88262176513672, 83.3245620727539, 84.73018646240234, 85.708984375, 86.6601333618164, 87.80538177490234, 88.75425720214844, 89.720947265625, 90.5399169921875, 91.2355728149414, 92.07994079589844, 92.73778533935547, 93.42375183105469, 94.191162109375, 94.7702865600586, 95.53760528564453, 96.25772857666016, 96.89095306396484, 97.57231140136719, 98.06344604492188, 98.46902465820312, 98.95805358886719, 99.47900390625, 100.0]]], 'z': [49.9, 70.9], 'frames': 49834}, 'Out Of View': {'x': [[0.0, 0.05, 0.1, 0.15000000000000002, 0.2, 0.25, 0.30000000000000004, 0.35000000000000003, 0.4, 0.45, 0.5, 0.55, 0.6000000000000001, 0.65, 0.7000000000000001, 0.75, 0.8, 0.8500000000000001, 0.9, 0.9500000000000001, 1.0], [0.0, 1.0, 2.0, 3.0, 4.0, 5.0, 6.0, 7.0, 8.0, 9.0, 10.0, 11.0, 12.0, 13.0, 14.0, 15.0, 16.0, 17.0, 18.0, 19.0, 20.0, 21.0, 22.0, 23.0, 24.0, 25.0, 26.0, 27.0, 28.0, 29.0, 30.0, 31.0, 32.0, 33.0, 34.0, 35.0, 36.0, 37.0, 38.0, 39.0, 40.0, 41.0, 42.0, 43.0, 44.0, 45.0, 46.0, 47.0, 48.0, 49.0, 50.0]], 'y': [[[100.0, 93.54049682617188, 87.12039947509766, 82.09712219238281, 77.83822631835938, 68.47662353515625, 59.80510711669922, 52.46266555786133, 44.81963348388672, 37.71477508544922, 29.95975685119629, 22.9597110748291, 15.843592643737793, 10.170620918273926, 6.406922817230225, 3.3108744621276855, 1.567606806755066, 0.8621827960014343, 0.15994374454021454, 0.008657315745949745, 0.0]], [[0.049400828778743744, 0.5544618368148804, 2.007640838623047, 7.113757133483887, 10.037454605102539, 13.573267936706543, 17.50269317626953, 21.779504776000977, 25.077072143554688, 28.010478973388672, 30.618202209472656, 33.22316360473633, 35.85154342651367, 38.84861373901367, 41.390438079833984, 43.42286682128906, 45.394989013671875, 48.00933074951172, 49.677982330322266, 52.38941955566406, 54.18125534057617, 56.27757263183594, 58.183433532714844, 59.36692428588867, 61.262916564941406, 63.6464729309082, 65.52481079101562, 66.97615051269531, 68.7608871459961, 70.64599609375, 73.1873779296875, 75.74756622314453, 77.0584716796875, 78.765869140625, 80.09327697753906, 82.68640899658203, 83.73107147216797, 84.85381317138672, 86.1777114868164, 87.46109008789062, 88.34078216552734, 89.41962432861328, 90.4476318359375, 91.74398803710938, 94.86782836914062, 95.6949691772461, 96.51129150390625, 97.6408920288086, 98.17928314208984, 98.99740600585938, 100.0]]], 'z': [37.9, 54.2], 'frames': 11001}, 'Camera Motion': {'x': [[0.0, 0.05, 0.1, 0.15000000000000002, 0.2, 0.25, 0.30000000000000004, 0.35000000000000003, 0.4, 0.45, 0.5, 0.55, 0.6000000000000001, 0.65, 0.7000000000000001, 0.75, 0.8, 0.8500000000000001, 0.9, 0.9500000000000001, 1.0], [0.0, 1.0, 2.0, 3.0, 4.0, 5.0, 6.0, 7.0, 8.0, 9.0, 10.0, 11.0, 12.0, 13.0, 14.0, 15.0, 16.0, 17.0, 18.0, 19.0, 20.0, 21.0, 22.0, 23.0, 24.0, 25.0, 26.0, 27.0, 28.0, 29.0, 30.0, 31.0, 32.0, 33.0, 34.0, 35.0, 36.0, 37.0, 38.0, 39.0, 40.0, 41.0, 42.0, 43.0, 44.0, 45.0, 46.0, 47.0, 48.0, 49.0, 50.0]], 'y': [[[100.0, 97.81114959716797, 95.70610046386719, 93.63758850097656, 91.61807250976562, 89.55408477783203, 88.37965393066406, 85.62535095214844, 82.52973937988281, 78.33427429199219, 73.64884948730469, 65.16026306152344, 55.11472702026367, 43.77387619018555, 30.43651580810547, 20.168983459472656, 10.861528396606445, 3.958061695098877, 0.6543246507644653, 0.055971577763557434, 0.0]], [[0.04055286571383476, 1.5788092613220215, 4.063938617706299, 7.845052242279053, 11.537607192993164, 17.167375564575195, 21.851917266845703, 26.272785186767578, 31.663434982299805, 34.57422637939453, 37.88159942626953, 41.455875396728516, 44.331912994384766, 47.557281494140625, 50.38284683227539, 52.79837417602539, 55.91602325439453, 58.97369384765625, 61.52666091918945, 63.31550598144531, 65.3677749633789, 67.41677856445312, 70.19120788574219, 72.27449035644531, 74.00364685058594, 76.1786880493164, 77.75299835205078, 79.00498962402344, 80.68128204345703, 82.11837768554688, 82.95860290527344, 83.77738189697266, 84.57506561279297, 86.18480682373047, 87.0255126953125, 88.01010131835938, 88.767333984375, 89.51648712158203, 91.09829711914062, 93.51911163330078, 94.18289947509766, 94.61276245117188, 95.11003112792969, 95.77815246582031, 96.53207397460938, 97.2225341796875, 98.06013488769531, 98.591064453125, 98.96097564697266, 99.49864196777344, 100.0]]], 'z': [57.5, 65.4], 'frames': 18427}, 'Deformation': {'x': [[0.0, 0.05, 0.1, 0.15000000000000002, 0.2, 0.25, 0.30000000000000004, 0.35000000000000003, 0.4, 0.45, 0.5, 0.55, 0.6000000000000001, 0.65, 0.7000000000000001, 0.75, 0.8, 0.8500000000000001, 0.9, 0.9500000000000001, 1.0], [0.0, 1.0, 2.0, 3.0, 4.0, 5.0, 6.0, 7.0, 8.0, 9.0, 10.0, 11.0, 12.0, 13.0, 14.0, 15.0, 16.0, 17.0, 18.0, 19.0, 20.0, 21.0, 22.0, 23.0, 24.0, 25.0, 26.0, 27.0, 28.0, 29.0, 30.0, 31.0, 32.0, 33.0, 34.0, 35.0, 36.0, 37.0, 38.0, 39.0, 40.0, 41.0, 42.0, 43.0, 44.0, 45.0, 46.0, 47.0, 48.0, 49.0, 50.0]], 'y': [[[100.0, 96.81993865966797, 94.5536880493164, 92.85478210449219, 90.80170440673828, 87.77281188964844, 84.3365249633789, 80.52515411376953, 74.73619842529297, 66.57502746582031, 58.12875747680664, 46.98554611206055, 34.61632537841797, 23.995332717895508, 14.204047203063965, 7.277019500732422, 3.091339111328125, 0.923262357711792, 0.2070758044719696, 0.005193082150071859, 0.0]], [[0.06763087213039398, 1.0456875562667847, 3.4751460552215576, 6.969356536865234, 11.465155601501465, 16.687713623046875, 21.20532989501953, 28.15702247619629, 33.56633758544922, 39.72771453857422, 44.83494186401367, 48.853546142578125, 52.25436782836914, 55.9699592590332, 58.930450439453125, 61.86791229248047, 64.39202880859375, 66.8095932006836, 69.21479797363281, 71.2280044555664, 73.09315490722656, 74.8707046508789, 76.34098052978516, 77.60708618164062, 79.12937927246094, 80.46022033691406, 81.8641357421875, 83.08112335205078, 84.2221450805664, 85.2176742553711, 86.11309051513672, 86.96703338623047, 87.85431671142578, 88.71833038330078, 89.51386260986328, 90.25199890136719, 90.82300567626953, 92.5235824584961, 93.06861877441406, 93.68192291259766, 94.47993469238281, 95.26697540283203, 95.77495574951172, 96.47030639648438, 97.1601791381836, 97.70679473876953, 98.158935546875, 98.66329193115234, 99.05824279785156, 99.46485900878906, 100.0]]], 'z': [50.4, 73.1], 'frames': 69597}, 'Fast Motion': {'x': [[0.0, 0.05, 0.1, 0.15000000000000002, 0.2, 0.25, 0.30000000000000004, 0.35000000000000003, 0.4, 0.45, 0.5, 0.55, 0.6000000000000001, 0.65, 0.7000000000000001, 0.75, 0.8, 0.8500000000000001, 0.9, 