{"AUC": 34.8, "Precision": 46.4, "FPS": -1.0, "attribution": "{'Occlusion': {'x': [[0.0, 0.05, 0.1, 0.15000000000000002, 0.2, 0.25, 0.30000000000000004, 0.35000000000000003, 0.4, 0.45, 0.5, 0.55, 0.6000000000000001, 0.65, 0.7000000000000001, 0.75, 0.8, 0.8500000000000001, 0.9, 0.9500000000000001, 1.0], [0.0, 1.0, 2.0, 3.0, 4.0, 5.0, 6.0, 7.0, 8.0, 9.0, 10.0, 11.0, 12.0, 13.0, 14.0, 15.0, 16.0, 17.0, 18.0, 19.0, 20.0, 21.0, 22.0, 23.0, 24.0, 25.0, 26.0, 27.0, 28.0, 29.0, 30.0, 31.0, 32.0, 33.0, 34.0, 35.0, 36.0, 37.0, 38.0, 39.0, 40.0, 41.0, 42.0, 43.0, 44.0, 45.0, 46.0, 47.0, 48.0, 49.0, 50.0]], 'y': [[[100.0, 97.60904693603516, 95.27192687988281, 92.76036834716797, 90.771728515625, 88.48040771484375, 85.76567840576172, 81.58251190185547, 76.55642700195312, 68.97278594970703, 60.210140228271484, 50.672489166259766, 40.8100471496582, 29.591283798217773, 20.286378860473633, 12.09129810333252, 6.268057346343994, 1.948734164237976, 0.5660719871520996, 0.2305777221918106, 0.0]], [[0.32319939136505127, 2.299675703048706, 7.671634674072266, 13.569042205810547, 19.41910743713379, 25.981149673461914, 31.49689483642578, 37.584964752197266, 42.84221649169922, 47.902305603027344, 52.258934020996094, 55.4499626159668, 57.947547912597656, 60.7259521484375, 62.99884796142578, 65.23344421386719, 66.96228790283203, 68.80348205566406, 70.34150695800781, 71.8641128540039, 73.42274475097656, 74.91625213623047, 76.18619537353516, 77.406005859375, 78.64176940917969, 79.76042938232422, 81.07502746582031, 82.38877868652344, 83.29792785644531, 84.14125061035156, 85.28052520751953, 86.32524108886719, 87.46910858154297, 88.29368591308594, 89.11663818359375, 89.99586486816406, 90.76937866210938, 91.6432876586914, 92.34298706054688, 92.99443054199219, 93.62128448486328, 94.4435806274414, 95.1544418334961, 95.70711517333984, 96.56094360351562, 97.25603485107422, 97.89102935791016, 98.42384338378906, 99.0406265258789, 99.55230712890625, 100.0]]], 'z': [52.4, 73.4], 'frames': 49834}, 'Out Of View': {'x': [[0.0, 0.05, 0.1, 0.15000000000000002, 0.2, 0.25, 0.30000000000000004, 0.35000000000000003, 0.4, 0.45, 0.5, 0.55, 0.6000000000000001, 0.65, 0.7000000000000001, 0.75, 0.8, 0.8500000000000001, 0.9, 0.9500000000000001, 1.0], [0.0, 1.0, 2.0, 3.0, 4.0, 5.0, 6.0, 7.0, 8.0, 9.0, 10.0, 11.0, 12.0, 13.0, 14.0, 15.0, 16.0, 17.0, 18.0, 19.0, 20.0, 21.0, 22.0, 23.0, 24.0, 25.0, 26.0, 27.0, 28.0, 29.0, 30.0, 31.0, 32.0, 33.0, 34.0, 35.0, 36.0, 37.0, 38.0, 39.0, 40.0, 41.0, 42.0, 43.0, 44.0, 45.0, 46.0, 47.0, 48.0, 49.0, 50.0]], 'y': [[[100.0, 93.89447784423828, 88.30183410644531, 82.91770935058594, 76.3022232055664, 71.2186279296875, 62.372650146484375, 54.25861358642578, 45.35758972167969, 37.45854568481445, 29.384098052978516, 22.118436813354492, 16.968063354492188, 12.117609024047852, 7.5135817527771, 3.994486093521118, 1.433121681213379, 0.5705543756484985, 0.044535089284181595, 0.00924492347985506, 0.0]], [[0.03971448540687561, 0.3487710952758789, 2.7324655055999756, 5.72598934173584, 9.760676383972168, 12.955425262451172, 18.16253662109375, 21.679725646972656, 26.508607864379883, 30.708003997802734, 33.60563659667969, 36.49763107299805, 39.299129486083984, 43.00727844238281, 45.21875, 47.068233489990234, 48.94926071166992, 50.39111328125, 51.41631317138672, 52.975101470947266, 56.72278594970703, 57.61576461791992, 59.18824768066406, 60.452850341796875, 61.467681884765625, 63.292724609375, 65.01728057861328, 67.13170623779297, 68.8111572265625, 71.03791809082031, 73.09282684326172, 75.27091217041016, 77.46406555175781, 78.71854400634766, 79.47767639160156, 81.51436614990234, 83.6779556274414, 85.93013000488281, 87.67143249511719, 89.54972839355469, 90.62245178222656, 91.61779022216797, 93.02974700927734, 94.29524230957031, 95.14141082763672, 95.9475326538086, 96.9278564453125, 97.61923217773438, 98.42999267578125, 99.26280212402344, 100.0]]], 'z': [38.4, 56.7], 'frames': 11001}, 'Camera Motion': {'x': [[0.0, 0.05, 0.1, 0.15000000000000002, 0.2, 0.25, 0.30000000000000004, 0.35000000000000003, 0.4, 0.45, 0.5, 0.55, 0.6000000000000001, 0.65, 0.7000000000000001, 0.75, 0.8, 0.8500000000000001, 0.9, 0.9500000000000001, 1.0], [0.0, 1.0, 2.0, 3.0, 4.0, 5.0, 6.0, 7.0, 8.0, 9.0, 10.0, 11.0, 12.0, 13.0, 14.0, 15.0, 16.0, 17.0, 18.0, 19.0, 20.0, 21.0, 22.0, 23.0, 24.0, 25.0, 26.0, 27.0, 28.0, 29.0, 30.0, 31.0, 32.0, 33.0, 34.0, 35.0, 36.0, 37.0, 38.0, 39.0, 40.0, 41.0, 42.0, 43.0, 44.0, 45.0, 46.0, 47.0, 48.0, 49.0, 50.0]], 'y': [[[100.0, 98.4299545288086, 97.54147338867188, 96.66144561767578, 95.87725067138672, 95.34959411621094, 93.82526397705078, 92.42375183105469, 89.92382049560547, 87.1361312866211, 80.66108703613281, 74.02507781982422, 63.55276870727539, 51.43283462524414, 35.48097610473633, 21.38155746459961, 11.721721649169922, 4.9257612228393555, 1.3657552003860474, 0.08759420365095139, 0.0]], [[0.176371231675148, 1.1221317052841187, 4.06313943862915, 7.377829551696777, 12.600049018859863, 18.705358505249023, 22.592206954956055, 28.45387077331543, 34.056453704833984, 37.28514862060547, 40.56426239013672, 43.99687957763672, 46.733184814453125, 49.58555221557617, 51.8005256652832, 54.662872314453125, 57.98381423950195, 60.164485931396484, 62.666194915771484, 64.7803955078125, 66.97522735595703, 68.88524627685547, 71.3525619506836, 72.85631561279297, 75.30397033691406, 76.83735656738281, 78.39289093017578, 81.748046875, 83.43296813964844, 84.65247344970703, 86.15718841552734, 87.24840545654297, 88.21701049804688, 89.32538604736328, 89.96643829345703, 90.96208190917969, 91.52536010742188, 92.42015838623047, 93.4273681640625, 94.10155487060547, 94.82071685791016, 95.43753051757812, 96.18630981445312, 96.89604949951172, 97.34983825683594, 97.83531188964844, 98.33007049560547, 98.80498504638672, 99.13331604003906, 99.5712661743164, 100.0]]], 'z': [61.5, 67.0], 'frames': 18427}, 'Deformation': {'x': [[0.0, 0.05, 0.1, 0.15000000000000002, 0.2, 0.25, 0.30000000000000004, 0.35000000000000003, 0.4, 0.45, 0.5, 0.55, 0.6000000000000001, 0.65, 0.7000000000000001, 0.75, 0.8, 0.8500000000000001, 0.9, 0.9500000000000001, 1.0], [0.0, 1.0, 2.0, 3.0, 4.0, 5.0, 6.0, 7.0, 8.0, 9.0, 10.0, 11.0, 12.0, 13.0, 14.0, 15.0, 16.0, 17.0, 18.0, 19.0, 20.0, 21.0, 22.0, 23.0, 24.0, 25.0, 26.0, 27.0, 28.0, 29.0, 30.0, 31.0, 32.0, 33.0, 34.0, 35.0, 36.0, 37.0, 38.0, 39.0, 40.0, 41.0, 42.0, 43.0, 44.0, 45.0, 46.0, 47.0, 48.0, 49.0, 50.0]], 'y': [[[100.0, 98.26118469238281, 96.47322082519531, 95.1021728515625, 93.467529296875, 91.72984313964844, 87.80643463134766, 83.76119995117188, 79.12980651855469, 72.062744140625, 62.90290451049805, 50.91831588745117, 38.68861389160156, 27.473419189453125, 16.952381134033203, 9.281858444213867, 4.3435773849487305, 1.5569807291030884, 0.4046200215816498, 0.024775492027401924, 0.0]], [[0.04758232459425926, 0.9019090533256531, 3.5572032928466797, 7.7673234939575195, 12.116090774536133, 18.575777053833008, 23.575889587402344, 29.915794372558594, 35.90422058105469, 41.55628204345703, 47.16996383666992, 52.72477340698242, 56.47751235961914, 60.51473617553711, 63.706809997558594, 66.3040542602539, 68.5159683227539, 70.78981018066406, 72.587646484375, 74.42936706542969, 76.18049621582031, 77.4661636352539, 78.99542236328125, 80.14997100830078, 81.50431823730469, 82.61932373046875, 84.02043914794922, 85.03506469726562, 85.9043197631836, 86.90276336669922, 87.82044982910156, 89.0611801147461, 89.88397979736328, 90.5528335571289, 91.24116516113281, 91.81660461425781, 92.43466186523438, 93.1651382446289, 93.73780822753906, 94.319580078125, 94.81040954589844, 95.29529571533203, 95.87572479248047, 96.33656311035156, 96.72080993652344, 97.922607421875, 98.2711410522461, 98.74175262451172, 99.2386703491211, 99.63587188720703, 100.0]]], 'z': [52.9, 76.2], 'frames': 69597}, 'Fast Motion': {'x': [[0.0, 0.05, 0.1, 0.15000000000000002, 0.2, 0.25, 0.30000000000000004, 0.35000000000000003, 0.4, 0.45, 0.5, 0.55, 0.6000000000000001, 0.65, 0.7000000000000001, 0.75, 0.8, 0.8500000000000001, 0.9, 0.9500000000000001, 