{"AUC": 37.2, "Precision": 51.7, "FPS": 51.11, "attribution": "{'Occlusion': {'x': [[0.0, 0.05, 0.1, 0.15000000000000002, 0.2, 0.25, 0.30000000000000004, 0.35000000000000003, 0.4, 0.45, 0.5, 0.55, 0.6000000000000001, 0.65, 0.7000000000000001, 0.75, 0.8, 0.8500000000000001, 0.9, 0.9500000000000001, 1.0], [0.0, 1.0, 2.0, 3.0, 4.0, 5.0, 6.0, 7.0, 8.0, 9.0, 10.0, 11.0, 12.0, 13.0, 14.0, 15.0, 16.0, 17.0, 18.0, 19.0, 20.0, 21.0, 22.0, 23.0, 24.0, 25.0, 26.0, 27.0, 28.0, 29.0, 30.0, 31.0, 32.0, 33.0, 34.0, 35.0, 36.0, 37.0, 38.0, 39.0, 40.0, 41.0, 42.0, 43.0, 44.0, 45.0, 46.0, 47.0, 48.0, 49.0, 50.0]], 'y': [[[100.0, 97.2908706665039, 95.0234146118164, 93.00982666015625, 90.69966125488281, 88.40998077392578, 85.75537872314453, 82.235107421875, 77.48492431640625, 71.027587890625, 62.54483413696289, 53.90210723876953, 43.90633010864258, 33.93928527832031, 23.562938690185547, 14.437161445617676, 7.208505153656006, 2.785294532775879, 0.8295527696609497, 0.21257519721984863, 0.0]], [[0.40061870217323303, 2.3875133991241455, 7.653818130493164, 15.352614402770996, 22.939193725585938, 30.939722061157227, 37.37608337402344, 43.842681884765625, 49.03323745727539, 54.03068542480469, 58.7181510925293, 62.26559829711914, 65.10148620605469, 67.69056701660156, 69.96404266357422, 72.09425354003906, 74.51814270019531, 76.2754135131836, 77.64862823486328, 79.5325698852539, 81.01969146728516, 82.23825073242188, 83.69286346435547, 84.57830047607422, 85.823486328125, 86.76405334472656, 87.61991882324219, 88.44097900390625, 89.23896026611328, 89.97240447998047, 90.71417236328125, 91.43760681152344, 92.06396484375, 92.8894271850586, 93.5829849243164, 93.95304870605469, 94.56761932373047, 95.04264068603516, 95.6100845336914, 96.17605590820312, 96.71256256103516, 97.2533187866211, 97.5476303100586, 97.9173812866211, 98.2361831665039, 98.59162139892578, 98.89318084716797, 99.16307067871094, 99.434326171875, 99.67063903808594, 100.0]]], 'z': [53.5, 81.0], 'frames': 49834}, 'Out Of View': {'x': [[0.0, 0.05, 0.1, 0.15000000000000002, 0.2, 0.25, 0.30000000000000004, 0.35000000000000003, 0.4, 0.45, 0.5, 0.55, 0.6000000000000001, 0.65, 0.7000000000000001, 0.75, 0.8, 0.8500000000000001, 0.9, 0.9500000000000001, 1.0], [0.0, 1.0, 2.0, 3.0, 4.0, 5.0, 6.0, 7.0, 8.0, 9.0, 10.0, 11.0, 12.0, 13.0, 14.0, 15.0, 16.0, 17.0, 18.0, 19.0, 20.0, 21.0, 22.0, 23.0, 24.0, 25.0, 26.0, 27.0, 28.0, 29.0, 30.0, 31.0, 32.0, 33.0, 34.0, 35.0, 36.0, 37.0, 38.0, 39.0, 40.0, 41.0, 42.0, 43.0, 44.0, 45.0, 46.0, 47.0, 48.0, 49.0, 50.0]], 'y': [[[100.0, 91.11345672607422, 84.38163757324219, 79.27420043945312, 73.50828552246094, 65.90138244628906, 59.77689743041992, 52.40324020385742, 47.10971450805664, 40.352420806884766, 34.542110443115234, 25.176807403564453, 19.49167823791504, 14.040410995483398, 9.044922828674316, 5.654783725738525, 2.257925271987915, 1.0509644746780396, 0.2600052058696747, 0.007662377320230007, 0.0]], [[0.046757299453020096, 3.1090121269226074, 5.005706787109375, 10.450718879699707, 13.675764083862305, 18.707801818847656, 23.297874450683594, 28.10003662109375, 31.379079818725586, 36.644100189208984, 42.48717498779297, 46.10393524169922, 48.374576568603516, 51.32352828979492, 53.191314697265625, 55.589599609375, 57.42108154296875, 60.02658462524414, 62.05416488647461, 63.54484558105469, 64.37820434570312, 65.57920837402344, 66.8394775390625, 68.84840393066406, 70.58148193359375, 71.65196228027344, 72.99195098876953, 74.1590347290039, 75.39826202392578, 76.55376434326172, 78.11141967773438, 79.5827865600586, 80.57726287841797, 81.95089721679688, 83.79137420654297, 84.76348876953125, 85.4982681274414, 86.60225677490234, 88.06771850585938, 89.73274993896484, 90.88754272460938, 91.49723815917969, 92.68363952636719, 93.23560333251953, 94.27943420410156, 95.0390853881836, 95.93798828125, 96.7005386352539, 97.6164779663086, 99.49251556396484, 100.0]]], 'z': [38.3, 64.4], 'frames': 11001}, 'Camera Motion': {'x': [[0.0, 0.05, 0.1, 0.15000000000000002, 0.2, 0.25, 0.30000000000000004, 0.35000000000000003, 0.4, 0.45, 0.5, 0.55, 0.6000000000000001, 0.65, 0.7000000000000001, 0.75, 0.8, 0.8500000000000001, 0.9, 0.9500000000000001, 1.0], [0.0, 1.0, 2.0, 3.0, 4.0, 5.0, 6.0, 7.0, 8.0, 9.0, 10.0, 11.0, 12.0, 13.0, 14.0, 15.0, 16.0, 17.0, 18.0, 19.0, 20.0, 21.0, 22.0, 23.0, 24.0, 25.0, 26.0, 27.0, 28.0, 29.0, 30.0, 31.0, 32.0, 33.0, 34.0, 35.0, 36.0, 37.0, 38.0, 39.0, 40.0, 41.0, 42.0, 43.0, 44.0, 45.0, 46.0, 47.0, 48.0, 49.0, 50.0]], 'y': [[[100.0, 97.98760986328125, 96.54289245605469, 95.4840087890625, 94.39909362792969, 93.47633361816406, 92.33045196533203, 91.29322814941406, 89.716552734375, 86.76664733886719, 82.28137969970703, 76.40608978271484, 66.17347717285156, 54.95516586303711, 40.34538269042969, 26.225534439086914, 15.320764541625977, 6.243866443634033, 1.8800486326217651, 0.1210608184337616, 0.0]], [[0.08070997148752213, 1.0200576782226562, 3.818535327911377, 8.714180946350098, 13.199584007263184, 18.377023696899414, 24.930564880371094, 31.085071563720703, 35.37001419067383, 40.350791931152344, 45.07907485961914, 48.538612365722656, 51.592044830322266, 54.78014373779297, 57.23015213012695, 60.18145751953125, 63.00470733642578, 65.70020294189453, 67.84454345703125, 70.4625244140625, 72.58213806152344, 74.03230285644531, 76.33741760253906, 78.84513854980469, 81.31829833984375, 82.88899230957031, 84.17439270019531, 85.3268051147461, 86.10699462890625, 87.17327880859375, 87.97679138183594, 88.6726303100586, 89.38644409179688, 90.18999481201172, 91.10480499267578, 92.10320281982422, 92.78723907470703, 93.98261260986328, 94.71160125732422, 95.49524688720703, 96.36305236816406, 96.89835357666016, 97.32144165039062, 97.59817504882812, 97.97234344482422, 98.20353698730469, 98.54586791992188, 98.82173919677734, 99.08096313476562, 99.75267028808594, 100.0]]], 'z': [62.3, 72.6], 'frames': 18427}, 'Deformation': {'x': [[0.0, 0.05, 0.1, 0.15000000000000002, 0.2, 0.25, 0.30000000000000004, 0.35000000000000003, 0.4, 0.45, 0.5, 0.55, 0.6000000000000001, 0.65, 0.7000000000000001, 0.75, 0.8, 0.8500000000000001, 0.9, 0.9500000000000001, 1.0], [0.0, 1.0, 2.0, 3.0, 4.0, 5.0, 6.0, 7.0, 8.0, 9.0, 10.0, 11.0, 12.0, 13.0, 14.0, 15.0, 16.0, 17.0, 18.0, 19.0, 20.0, 21.0, 22.0, 23.0, 24.0, 25.0, 26.0, 27.0, 28.0, 29.0, 30.0, 31.0, 32.0, 33.0, 34.0, 35.0, 36.0, 37.0, 38.0, 39.0, 40.0, 41.0, 42.0, 43.0, 44.0, 45.0, 46.0, 47.0, 48.0, 49.0, 50.0]], 'y': [[[100.0, 98.1401596069336, 96.30779266357422, 94.64681243896484, 92.66867065429688, 90.25675964355469, 87.75566101074219, 84.01286315917969, 77.9300308227539, 70.69058227539062, 61.45643615722656, 51.70828628540039, 40.381378173828125, 28.726009368896484, 18.893590927124023, 10.831293106079102, 5.445535659790039, 2.142029047012329, 0.5622358322143555, 0.06482751667499542, 0.0]], [[0.11924155056476593, 1.1273019313812256, 4.3491058349609375, 9.17550277709961, 14.751630783081055, 21.35161018371582, 27.205089569091797, 33.823219299316406, 39.94314193725586, 46.09192657470703, 51.838539123535156, 55.91717529296875, 59.50834655761719, 62.92816925048828, 65.7715072631836, 68.19686126708984, 70.43470001220703, 72.44928741455078, 74.11085510253906, 75.77737426757812, 77.41998291015625, 78.90608215332031, 80.29440307617188, 81.66490936279297, 82.62930297851562, 83.84977722167969, 84.81169128417969, 85.78106689453125, 86.83906555175781, 87.86317443847656, 88.6298828125, 89.68012237548828, 90.63949584960938, 91.29476165771484, 92.21080017089844, 92.8082504272461, 93.39337921142578, 93.96336364746094, 94.41094970703125, 94.89401245117188, 95.40357971191406, 95.86738586425781, 96.1995620727539, 96.59176635742188, 97.01451110839844, 97.47261047363281, 97.84342956542969, 98.1932373046875, 98.52054595947266, 99.06564331054688, 100.0]]], 'z': [53.0, 77.4], 'frames': 69597}, 'Fast Motion': {'x': [[0.0, 0.05, 0.1, 0.15000000000000002, 0.2, 0.25, 0.30000000000000004, 0.35000000000000003, 0.4, 0.45, 0.5, 0.55, 0.6000000000000001, 0.65, 0.7000000000000001, 0.75, 0.8, 0.8500000000000001, 0.9, 