{"AUC": 38.3, "Precision": 51.4, "FPS": 34.57, "attribution": "{'Occlusion': {'x': [[0.0, 0.05, 0.1, 0.15000000000000002, 0.2, 0.25, 0.30000000000000004, 0.35000000000000003, 0.4, 0.45, 0.5, 0.55, 0.6000000000000001, 0.65, 0.7000000000000001, 0.75, 0.8, 0.8500000000000001, 0.9, 0.9500000000000001, 1.0], [0.0, 1.0, 2.0, 3.0, 4.0, 5.0, 6.0, 7.0, 8.0, 9.0, 10.0, 11.0, 12.0, 13.0, 14.0, 15.0, 16.0, 17.0, 18.0, 19.0, 20.0, 21.0, 22.0, 23.0, 24.0, 25.0, 26.0, 27.0, 28.0, 29.0, 30.0, 31.0, 32.0, 33.0, 34.0, 35.0, 36.0, 37.0, 38.0, 39.0, 40.0, 41.0, 42.0, 43.0, 44.0, 45.0, 46.0, 47.0, 48.0, 49.0, 50.0]], 'y': [[[100.0, 95.96542358398438, 93.72909545898438, 91.40357971191406, 89.21568298339844, 87.09603881835938, 85.08256530761719, 82.84371948242188, 79.46539306640625, 74.52812194824219, 68.1043701171875, 59.837894439697266, 49.69401550292969, 37.66162872314453, 26.316240310668945, 15.973970413208008, 8.544824600219727, 3.6521780490875244, 1.3143712282180786, 0.21749909222126007, 0.0]], [[0.3245241940021515, 2.230633020401001, 7.247516632080078, 14.006101608276367, 21.540849685668945, 29.734182357788086, 36.638790130615234, 43.50185775756836, 48.98811721801758, 53.96759033203125, 58.08253860473633, 61.57108688354492, 64.64515686035156, 67.74907684326172, 70.37542724609375, 72.83101654052734, 75.1609115600586, 76.7969741821289, 78.45795440673828, 79.89323425292969, 81.21961212158203, 82.68671417236328, 84.14071655273438, 85.33477020263672, 86.48612213134766, 87.51805114746094, 88.41717529296875, 89.2318344116211, 90.16114807128906, 90.91682434082031, 91.64059448242188, 92.29691314697266, 92.86787414550781, 93.51222229003906, 94.00010681152344, 94.44314575195312, 95.00601196289062, 95.57170104980469, 96.15283203125, 96.58536529541016, 97.05762481689453, 97.44100952148438, 97.749755859375, 97.99879455566406, 98.2305679321289, 98.46247100830078, 98.78050994873047, 99.11199951171875, 99.39013671875, 99.66706085205078, 100.0]]], 'z': [54.8, 81.2], 'frames': 49834}, 'Out Of View': {'x': [[0.0, 0.05, 0.1, 0.15000000000000002, 0.2, 0.25, 0.30000000000000004, 0.35000000000000003, 0.4, 0.45, 0.5, 0.55, 0.6000000000000001, 0.65, 0.7000000000000001, 0.75, 0.8, 0.8500000000000001, 0.9, 0.9500000000000001, 1.0], [0.0, 1.0, 2.0, 3.0, 4.0, 5.0, 6.0, 7.0, 8.0, 9.0, 10.0, 11.0, 12.0, 13.0, 14.0, 15.0, 16.0, 17.0, 18.0, 19.0, 20.0, 21.0, 22.0, 23.0, 24.0, 25.0, 26.0, 27.0, 28.0, 29.0, 30.0, 31.0, 32.0, 33.0, 34.0, 35.0, 36.0, 37.0, 38.0, 39.0, 40.0, 41.0, 42.0, 43.0, 44.0, 45.0, 46.0, 47.0, 48.0, 49.0, 50.0]], 'y': [[[100.0, 88.52484893798828, 81.1239013671875, 74.51512145996094, 69.65848541259766, 62.734352111816406, 57.009361267089844, 50.37297058105469, 44.32396697998047, 39.347434997558594, 31.156530380249023, 24.906721115112305, 20.031597137451172, 13.322265625, 9.034930229187012, 4.927217960357666, 2.812230348587036, 0.6713829040527344, 0.11964862048625946, 0.016126498579978943, 0.0]], [[0.032911013811826706, 0.6872304677963257, 2.974649429321289, 7.843360424041748, 12.610925674438477, 17.92987823486328, 22.41562271118164, 27.31572151184082, 31.47764778137207, 34.96394348144531, 39.634220123291016, 43.4296875, 47.16640090942383, 50.7838134765625, 53.06942367553711, 55.869598388671875, 59.278724670410156, 60.84380340576172, 63.147037506103516, 66.5134506225586, 68.24522399902344, 69.46573638916016, 70.67362976074219, 71.89839935302734, 73.08483123779297, 74.12467193603516, 75.00284576416016, 77.53370666503906, 78.35381317138672, 79.54268646240234, 80.7251968383789, 81.58676147460938, 82.60181427001953, 84.10711669921875, 85.23015594482422, 86.26290893554688, 87.15276336669922, 88.20750427246094, 89.49659729003906, 90.08910369873047, 91.80029296875, 92.70880126953125, 93.3278579711914, 94.47731018066406, 95.93492126464844, 96.49651336669922, 97.2662353515625, 98.13795471191406, 98.66851043701172, 99.22227478027344, 100.0]]], 'z': [36.9, 68.2], 'frames': 11001}, 'Camera Motion': {'x': [[0.0, 0.05, 0.1, 0.15000000000000002, 0.2, 0.25, 0.30000000000000004, 0.35000000000000003, 0.4, 0.45, 0.5, 0.55, 0.6000000000000001, 0.65, 0.7000000000000001, 0.75, 0.8, 0.8500000000000001, 0.9, 0.9500000000000001, 1.0], [0.0, 1.0, 2.0, 3.0, 4.0, 5.0, 6.0, 7.0, 8.0, 9.0, 10.0, 11.0, 12.0, 13.0, 14.0, 15.0, 16.0, 17.0, 18.0, 19.0, 20.0, 21.0, 22.0, 23.0, 24.0, 25.0, 26.0, 27.0, 28.0, 29.0, 30.0, 31.0, 32.0, 33.0, 34.0, 35.0, 36.0, 37.0, 38.0, 39.0, 40.0, 41.0, 42.0, 43.0, 44.0, 45.0, 46.0, 47.0, 48.0, 49.0, 50.0]], 'y': [[[100.0, 97.8183364868164, 96.23593139648438, 95.06298065185547, 93.73916625976562, 92.75285339355469, 92.04962921142578, 91.24971008300781, 89.35926818847656, 87.23009490966797, 83.86294555664062, 75.75604248046875, 65.455810546875, 53.17561721801758, 41.404823303222656, 26.10323143005371, 13.097702026367188, 6.1072516441345215, 2.0382120609283447, 0.13144917786121368, 0.0]], [[0.033635351806879044, 1.168548822402954, 4.518960475921631, 8.394373893737793, 12.769336700439453, 18.115337371826172, 24.051128387451172, 30.087739944458008, 35.23455810546875, 40.02298355102539, 44.381649017333984, 48.180763244628906, 51.37120056152344, 55.12874221801758, 58.4911003112793, 61.03395080566406, 63.368614196777344, 65.97197723388672, 68.13958740234375, 71.83858489990234, 73.4202651977539, 75.36101531982422, 77.15998077392578, 78.65019989013672, 80.50896453857422, 82.0338363647461, 83.17283630371094, 84.20732116699219, 85.10342407226562, 85.97911834716797, 88.37274169921875, 89.58370971679688, 90.5676040649414, 91.24534606933594, 92.1028823852539, 92.7093505859375, 93.61727142333984, 94.15189361572266, 94.60066223144531, 95.74152374267578, 96.13411712646484, 96.53600311279297, 96.895751953125, 97.28568267822266, 97.65354919433594, 98.19810485839844, 98.53472137451172, 99.1882095336914, 99.38472747802734, 99.68726348876953, 100.0]]], 'z': [62.0, 73.4], 'frames': 18427}, 'Deformation': {'x': [[0.0, 0.05, 0.1, 0.15000000000000002, 0.2, 0.25, 0.30000000000000004, 0.35000000000000003, 0.4, 0.45, 0.5, 0.55, 0.6000000000000001, 0.65, 0.7000000000000001, 0.75, 0.8, 0.8500000000000001, 0.9, 0.9500000000000001, 1.0], [0.0, 1.0, 2.0, 3.0, 4.0, 5.0, 6.0, 7.0, 8.0, 9.0, 10.0, 11.0, 12.0, 13.0, 14.0, 15.0, 16.0, 17.0, 18.0, 19.0, 20.0, 21.0, 22.0, 23.0, 24.0, 25.0, 26.0, 27.0, 28.0, 29.0, 30.0, 31.0, 32.0, 33.0, 34.0, 35.0, 36.0, 37.0, 38.0, 39.0, 40.0, 41.0, 42.0, 43.0, 44.0, 45.0, 46.0, 47.0, 48.0, 49.0, 50.0]], 'y': [[[100.0, 96.98893737792969, 95.8443832397461, 94.2262954711914, 92.23922729492188, 89.45673370361328, 87.54344940185547, 84.71095275878906, 80.76387023925781, 74.99995422363281, 66.33399200439453, 56.265235900878906, 43.781883239746094, 32.612098693847656, 21.38811683654785, 12.269709587097168, 5.726144313812256, 2.254666805267334, 0.6544886231422424, 0.058690428733825684, 0.0]], [[0.06059224158525467, 1.019567608833313, 3.6711654663085938, 8.282705307006836, 14.322796821594238, 20.60637092590332, 26.498014450073242, 32.973655700683594, 39.171104431152344, 44.716773986816406, 50.64424133300781, 54.625457763671875, 58.65120315551758, 62.18721389770508, 65.08187103271484, 67.57087707519531, 69.60162353515625, 71.92662048339844, 73.819580078125, 75.52354431152344, 77.34515380859375, 78.69375610351562, 80.13124084472656, 81.6183090209961, 82.98324584960938, 84.11846923828125, 85.23387145996094, 86.71385192871094, 87.5128402709961, 88.61433410644531, 89.60851287841797, 90.27376556396484, 90.80204010009766, 91.53677368164062, 92.265625, 92.83173370361328, 93.35792541503906, 93.87632751464844, 94.36735534667969, 94.75607299804688, 95.48863220214844, 95.97661590576172, 96.31442260742188, 96.77859497070312, 97.07902526855469, 97.48828125, 97.84285736083984, 98.23101043701172, 98.568359375, 99.57771301269531, 100.0]]], 'z': [54.2, 77.3], 'frames': 69597}, 'Fast Motion': {'x': [[0.0, 0.05, 0.1, 0.15000000000000002, 0.2, 0.25, 0.30000000000000004, 0.35000000000000003, 0.4, 0.45, 0.5, 0.55, 0.6000000000000001, 0.65, 0.7000000000000001, 0.75, 0.8, 0.8500000000000001, 0.9, 0.9500000000000001, 1.0], 