{"AUC": 27.9, "Precision": 36.2, "FPS": -1.0, "attribution": "{'Occlusion': {'x': [[0.0, 0.05, 0.1, 0.15000000000000002, 0.2, 0.25, 0.30000000000000004, 0.35000000000000003, 0.4, 0.45, 0.5, 0.55, 0.6000000000000001, 0.65, 0.7000000000000001, 0.75, 0.8, 0.8500000000000001, 0.9, 0.9500000000000001, 1.0], [0.0, 1.0, 2.0, 3.0, 4.0, 5.0, 6.0, 7.0, 8.0, 9.0, 10.0, 11.0, 12.0, 13.0, 14.0, 15.0, 16.0, 17.0, 18.0, 19.0, 20.0, 21.0, 22.0, 23.0, 24.0, 25.0, 26.0, 27.0, 28.0, 29.0, 30.0, 31.0, 32.0, 33.0, 34.0, 35.0, 36.0, 37.0, 38.0, 39.0, 40.0, 41.0, 42.0, 43.0, 44.0, 45.0, 46.0, 47.0, 48.0, 49.0, 50.0]], 'y': [[[100.0, 94.9247055053711, 91.81737518310547, 88.33583068847656, 83.04368591308594, 79.60865020751953, 76.09845733642578, 70.59202575683594, 64.7098159790039, 57.695640563964844, 50.442867279052734, 42.219207763671875, 33.983238220214844, 26.528078079223633, 18.763423919677734, 12.274237632751465, 6.103188991546631, 2.590078830718994, 0.6491810083389282, 0.2865982949733734, 0.0]], [[0.4220356345176697, 1.3618921041488647, 4.957343578338623, 10.563382148742676, 16.245954513549805, 23.051372528076172, 28.808494567871094, 34.70288848876953, 39.48218536376953, 44.05384063720703, 47.81011199951172, 50.89405059814453, 54.148136138916016, 56.56691360473633, 59.167171478271484, 61.27431869506836, 63.14155578613281, 65.26923370361328, 66.67708587646484, 68.59706115722656, 70.15547180175781, 71.43438720703125, 72.76905822753906, 74.54401397705078, 75.9578857421875, 77.39517974853516, 78.61927032470703, 79.79566955566406, 81.08565521240234, 82.33162689208984, 83.40402221679688, 84.4389877319336, 85.52564239501953, 86.53353118896484, 87.23677062988281, 88.1447525024414, 89.03508758544922, 89.98383331298828, 91.02392578125, 91.83177947998047, 92.69636535644531, 93.56529235839844, 94.40830993652344, 95.29776000976562, 96.0830307006836, 96.87022399902344, 97.55034637451172, 98.19825744628906, 98.86894989013672, 99.36763763427734, 100.0]]], 'z': [47.7, 70.2], 'frames': 49834}, 'Out Of View': {'x': [[0.0, 0.05, 0.1, 0.15000000000000002, 0.2, 0.25, 0.30000000000000004, 0.35000000000000003, 0.4, 0.45, 0.5, 0.55, 0.6000000000000001, 0.65, 0.7000000000000001, 0.75, 0.8, 0.8500000000000001, 0.9, 0.9500000000000001, 1.0], [0.0, 1.0, 2.0, 3.0, 4.0, 5.0, 6.0, 7.0, 8.0, 9.0, 10.0, 11.0, 12.0, 13.0, 14.0, 15.0, 16.0, 17.0, 18.0, 19.0, 20.0, 21.0, 22.0, 23.0, 24.0, 25.0, 26.0, 27.0, 28.0, 29.0, 30.0, 31.0, 32.0, 33.0, 34.0, 35.0, 36.0, 37.0, 38.0, 39.0, 40.0, 41.0, 42.0, 43.0, 44.0, 45.0, 46.0, 47.0, 48.0, 49.0, 50.0]], 'y': [[[100.0, 92.02740478515625, 86.17028045654297, 81.55352020263672, 74.33639526367188, 67.65036010742188, 59.23910140991211, 52.76740646362305, 46.208980560302734, 37.657169342041016, 31.5226993560791, 26.348369598388672, 18.19707679748535, 14.076407432556152, 8.849492073059082, 5.577354431152344, 1.9579131603240967, 0.6169015169143677, 0.14552906155586243, 0.014389332383871078, 0.0]], [[0.043271008878946304, 0.4531213045120239, 4.3502373695373535, 6.320777416229248, 8.697959899902344, 12.377883911132812, 16.31639862060547, 20.50352668762207, 27.60123062133789, 31.800498962402344, 36.76136779785156, 39.968284606933594, 44.0965461730957, 47.33338165283203, 50.51869201660156, 52.78827667236328, 56.336585998535156, 58.24497985839844, 60.1063232421875, 61.71992492675781, 63.79343795776367, 65.50809478759766, 66.89759826660156, 68.09734344482422, 68.80587005615234, 72.16112518310547, 72.66866302490234, 73.32317352294922, 73.99247741699219, 74.70237731933594, 76.91058349609375, 78.27401733398438, 80.12376403808594, 80.965087890625, 81.69871520996094, 84.14430236816406, 84.50455474853516, 85.7298355102539, 86.52293395996094, 87.79022979736328, 88.78715515136719, 90.3238525390625, 90.98245239257812, 91.78819274902344, 94.01488494873047, 95.08026885986328, 95.87187194824219, 96.95463562011719, 97.89170837402344, 98.77850341796875, 100.0]]], 'z': [38.3, 63.8], 'frames': 11001}, 'Camera Motion': {'x': [[0.0, 0.05, 0.1, 0.15000000000000002, 0.2, 0.25, 0.30000000000000004, 0.35000000000000003, 0.4, 0.45, 0.5, 0.55, 0.6000000000000001, 0.65, 0.7000000000000001, 0.75, 0.8, 0.8500000000000001, 0.9, 0.9500000000000001, 1.0], [0.0, 1.0, 2.0, 3.0, 4.0, 5.0, 6.0, 7.0, 8.0, 9.0, 10.0, 11.0, 12.0, 13.0, 14.0, 15.0, 16.0, 17.0, 18.0, 19.0, 20.0, 21.0, 22.0, 23.0, 24.0, 25.0, 26.0, 27.0, 28.0, 29.0, 30.0, 31.0, 32.0, 33.0, 34.0, 35.0, 36.0, 37.0, 38.0, 39.0, 40.0, 41.0, 42.0, 43.0, 44.0, 45.0, 46.0, 47.0, 48.0, 49.0, 50.0]], 'y': [[[100.0, 93.56900024414062, 89.74773406982422, 85.07694244384766, 81.8123550415039, 78.56038665771484, 74.39025115966797, 70.53655242919922, 65.01204681396484, 59.21853256225586, 51.53900909423828, 44.125892639160156, 34.94691467285156, 25.526836395263672, 17.34245491027832, 9.71789836883545, 4.871580123901367, 1.973498821258545, 0.6114000678062439, 0.017343660816550255, 0.0]], [[0.015353765338659286, 0.6090842485427856, 2.7828927040100098, 6.72009801864624, 9.426668167114258, 14.086983680725098, 17.85474967956543, 22.769575119018555, 28.07118034362793, 31.867361068725586, 35.96688461303711, 40.63040542602539, 44.557796478271484, 47.34049606323242, 50.53129196166992, 55.01845932006836, 59.769012451171875, 61.416107177734375, 62.835567474365234, 66.04926300048828, 68.29515838623047, 69.79178619384766, 71.01689910888672, 72.81632995605469, 74.3459243774414, 76.3555679321289, 77.3466796875, 78.79434967041016, 79.88531494140625, 81.38772583007812, 83.37602233886719, 84.20121002197266, 84.97122192382812, 85.68377685546875, 86.77725219726562, 87.75735473632812, 88.5697021484375, 89.10768127441406, 89.98019409179688, 90.79545593261719, 91.462646484375, 92.17709350585938, 92.7198486328125, 93.33494567871094, 93.95801544189453, 96.41388702392578, 97.36460876464844, 98.02049255371094, 98.67448425292969, 99.39862823486328, 100.0]]], 'z': [47.1, 68.3], 'frames': 18427}, 'Deformation': {'x': [[0.0, 0.05, 0.1, 0.15000000000000002, 0.2, 0.25, 0.30000000000000004, 0.35000000000000003, 0.4, 0.45, 0.5, 0.55, 0.6000000000000001, 0.65, 0.7000000000000001, 0.75, 0.8, 0.8500000000000001, 0.9, 0.9500000000000001, 1.0], [0.0, 1.0, 2.0, 3.0, 4.0, 5.0, 6.0, 7.0, 8.0, 9.0, 10.0, 11.0, 12.0, 13.0, 14.0, 15.0, 16.0, 17.0, 18.0, 19.0, 20.0, 21.0, 22.0, 23.0, 24.0, 25.0, 26.0, 27.0, 28.0, 29.0, 30.0, 31.0, 32.0, 33.0, 34.0, 35.0, 36.0, 37.0, 38.0, 39.0, 40.0, 41.0, 42.0, 43.0, 44.0, 45.0, 46.0, 47.0, 48.0, 49.0, 50.0]], 'y': [[[100.0, 94.34818267822266, 90.64395141601562, 87.50238800048828, 82.95240783691406, 78.52178192138672, 73.3681640625, 68.1714096069336, 60.81745529174805, 52.77205276489258, 43.65046691894531, 34.623451232910156, 24.680131912231445, 16.328298568725586, 9.52961540222168, 4.984540939331055, 2.1129672527313232, 0.693382978439331, 0.11929085105657578, 0.003854886395856738, 0.0]], [[0.0369020514190197, 0.6378711462020874, 2.0911357402801514, 4.315354824066162, 7.3617448806762695, 12.343935012817383, 16.58834457397461, 22.380016326904297, 27.038419723510742, 32.883140563964844, 37.55469512939453, 41.767425537109375, 45.52906036376953, 49.4925422668457, 53.019004821777344, 55.800533294677734, 58.58829116821289, 61.67866134643555, 63.95730972290039, 66.69677734375, 68.71317291259766, 70.46035766601562, 72.01055145263672, 73.36697387695312, 74.89231872558594, 76.22698211669922, 77.36771392822266, 78.59562683105469, 80.0225601196289, 81.19673156738281, 82.23260498046875, 83.08502960205078, 85.25511932373047, 86.20800018310547, 87.09464263916016, 89.21664428710938, 89.99357604980469, 90.78047943115234, 91.74653625488281, 92.55182647705078, 93.11993408203125, 94.18053436279297, 94.97877502441406, 95.57849884033203, 96.25880432128906, 96.76253509521484, 97.41104125976562, 98.07296752929688, 98.67399597167969, 99.27688598632812, 100.0]]], 'z': [44.1, 68.7], 'frames': 69597}, 'Fast Motion': {'x': [[0.0, 0.05, 0.1, 0.15000000000000002, 0.2, 0.25, 0.30000000000000004, 0.35000000000000003, 0.4, 0.45, 0.5, 0.55, 0.6000000000000001, 0.65, 0.7000000000000001, 0.75, 0.8, 