{"AUC": 36.8, "Precision": 52.0, "FPS": 55.64, "attribution": "{'Occlusion': {'x': [[0.0, 0.05, 0.1, 0.15000000000000002, 0.2, 0.25, 0.30000000000000004, 0.35000000000000003, 0.4, 0.45, 0.5, 0.55, 0.6000000000000001, 0.65, 0.7000000000000001, 0.75, 0.8, 0.8500000000000001, 0.9, 0.9500000000000001, 1.0], [0.0, 1.0, 2.0, 3.0, 4.0, 5.0, 6.0, 7.0, 8.0, 9.0, 10.0, 11.0, 12.0, 13.0, 14.0, 15.0, 16.0, 17.0, 18.0, 19.0, 20.0, 21.0, 22.0, 23.0, 24.0, 25.0, 26.0, 27.0, 28.0, 29.0, 30.0, 31.0, 32.0, 33.0, 34.0, 35.0, 36.0, 37.0, 38.0, 39.0, 40.0, 41.0, 42.0, 43.0, 44.0, 45.0, 46.0, 47.0, 48.0, 49.0, 50.0]], 'y': [[[100.0, 97.71479034423828, 95.37860107421875, 93.4517593383789, 91.01538848876953, 88.17884063720703, 85.00135040283203, 80.80581665039062, 75.20237731933594, 68.90094757080078, 60.6069221496582, 51.88186264038086, 41.896949768066406, 32.249027252197266, 22.331478118896484, 13.132121086120605, 6.29293155670166, 2.4062108993530273, 0.5793425440788269, 0.1963653862476349, 0.0]], [[0.4451458752155304, 2.4656691551208496, 7.539309024810791, 14.489579200744629, 22.398653030395508, 30.062305450439453, 36.4730224609375, 42.91010665893555, 48.56010437011719, 53.530120849609375, 58.13935852050781, 61.5072021484375, 64.66708374023438, 67.3861312866211, 69.59422302246094, 72.51863098144531, 74.4303970336914, 76.33704376220703, 77.98953247070312, 79.46420288085938, 81.164306640625, 82.59109497070312, 83.85895538330078, 85.03328704833984, 86.068603515625, 87.11880493164062, 88.07183837890625, 88.89849090576172, 89.6101303100586, 90.23936462402344, 90.90875244140625, 91.9010238647461, 92.57624816894531, 93.10260772705078, 93.53824615478516, 94.11573791503906, 94.5637435913086, 95.02151489257812, 95.50574493408203, 95.8901138305664, 96.25507354736328, 96.72789764404297, 97.084716796875, 97.38459777832031, 97.7111587524414, 98.12405395507812, 98.42659759521484, 98.8284912109375, 99.25811004638672, 99.64300537109375, 100.0]]], 'z': [52.7, 81.2], 'frames': 49834}, 'Out Of View': {'x': [[0.0, 0.05, 0.1, 0.15000000000000002, 0.2, 0.25, 0.30000000000000004, 0.35000000000000003, 0.4, 0.45, 0.5, 0.55, 0.6000000000000001, 0.65, 0.7000000000000001, 0.75, 0.8, 0.8500000000000001, 0.9, 0.9500000000000001, 1.0], [0.0, 1.0, 2.0, 3.0, 4.0, 5.0, 6.0, 7.0, 8.0, 9.0, 10.0, 11.0, 12.0, 13.0, 14.0, 15.0, 16.0, 17.0, 18.0, 19.0, 20.0, 21.0, 22.0, 23.0, 24.0, 25.0, 26.0, 27.0, 28.0, 29.0, 30.0, 31.0, 32.0, 33.0, 34.0, 35.0, 36.0, 37.0, 38.0, 39.0, 40.0, 41.0, 42.0, 43.0, 44.0, 45.0, 46.0, 47.0, 48.0, 49.0, 50.0]], 'y': [[[100.0, 91.67720794677734, 85.96942138671875, 80.0617446899414, 73.77189636230469, 67.23149108886719, 57.852577209472656, 51.42527770996094, 44.946163177490234, 34.800315856933594, 30.111047744750977, 22.136207580566406, 16.453224182128906, 11.96511459350586, 7.08474063873291, 4.131323337554932, 1.2984344959259033, 0.5706390738487244, 0.0939134880900383, 0.01571086421608925, 0.0]], [[0.08421605080366135, 0.6173330545425415, 5.164913177490234, 10.230165481567383, 14.842550277709961, 18.695085525512695, 22.339157104492188, 26.326196670532227, 31.269853591918945, 35.50661849975586, 38.27239990234375, 42.61954116821289, 44.79262924194336, 47.743125915527344, 49.5344352722168, 52.127586364746094, 54.577816009521484, 56.11143112182617, 57.88949203491211, 61.427974700927734, 62.952632904052734, 64.4437026977539, 65.84847259521484, 67.74388885498047, 68.91324615478516, 70.00186157226562, 72.0781478881836, 73.87867736816406, 75.42372131347656, 77.68215942382812, 79.3199691772461, 80.39171600341797, 81.60309600830078, 83.07392120361328, 84.48699951171875, 85.2222671508789, 86.32791137695312, 87.06665802001953, 89.3917465209961, 90.32019805908203, 91.6590347290039, 92.70459747314453, 93.64908599853516, 94.364013671875, 95.32780456542969, 96.27598571777344, 97.03195190429688, 97.73818969726562, 98.6122817993164, 99.54615020751953, 100.0]]], 'z': [37.2, 63.0], 'frames': 11001}, 'Camera Motion': {'x': [[0.0, 0.05, 0.1, 0.15000000000000002, 0.2, 0.25, 0.30000000000000004, 0.35000000000000003, 0.4, 0.45, 0.5, 0.55, 0.6000000000000001, 0.65, 0.7000000000000001, 0.75, 0.8, 0.8500000000000001, 0.9, 0.9500000000000001, 1.0], [0.0, 1.0, 2.0, 3.0, 4.0, 5.0, 6.0, 7.0, 8.0, 9.0, 10.0, 11.0, 12.0, 13.0, 14.0, 15.0, 16.0, 17.0, 18.0, 19.0, 20.0, 21.0, 22.0, 23.0, 24.0, 25.0, 26.0, 27.0, 28.0, 29.0, 30.0, 31.0, 32.0, 33.0, 34.0, 35.0, 36.0, 37.0, 38.0, 39.0, 40.0, 41.0, 42.0, 43.0, 44.0, 45.0, 46.0, 47.0, 48.0, 49.0, 50.0]], 'y': [[[100.0, 98.28067016601562, 97.20237731933594, 96.51204681396484, 95.42662048339844, 94.39580535888672, 93.23446655273438, 91.66710662841797, 89.78433227539062, 86.30781555175781, 81.25814056396484, 72.24604797363281, 64.16996765136719, 52.46916580200195, 37.147186279296875, 24.094860076904297, 13.784416198730469, 5.247668743133545, 1.7343740463256836, 0.14903074502944946, 0.0]], [[0.2297155261039734, 0.8944534063339233, 4.339414119720459, 9.597362518310547, 13.544426918029785, 20.035207748413086, 24.839740753173828, 30.966487884521484, 36.06670379638672, 40.24547576904297, 44.09541702270508, 47.48637008666992, 51.036476135253906, 54.496849060058594, 57.16096878051758, 60.75934600830078, 62.850433349609375, 65.06354522705078, 67.6871337890625, 70.60550689697266, 72.60459899902344, 74.47320556640625, 76.76288604736328, 78.56529235839844, 81.29737091064453, 82.66381072998047, 83.73469543457031, 85.04222106933594, 86.2826919555664, 87.33045959472656, 88.18084716796875, 89.09552001953125, 89.96044158935547, 90.63495635986328, 91.3883056640625, 92.13323211669922, 92.86837768554688, 93.84815216064453, 94.26496887207031, 94.87476348876953, 95.28203582763672, 96.00199890136719, 96.68891143798828, 97.09505462646484, 97.53443908691406, 98.21211242675781, 98.61282348632812, 99.04859924316406, 99.43276977539062, 99.73655700683594, 100.0]]], 'z': [61.7, 72.6], 'frames': 18427}, 'Deformation': {'x': [[0.0, 0.05, 0.1, 0.15000000000000002, 0.2, 0.25, 0.30000000000000004, 0.35000000000000003, 0.4, 0.45, 0.5, 0.55, 0.6000000000000001, 0.65, 0.7000000000000001, 0.75, 0.8, 0.8500000000000001, 0.9, 0.9500000000000001, 1.0], [0.0, 1.0, 2.0, 3.0, 4.0, 5.0, 6.0, 7.0, 8.0, 9.0, 10.0, 11.0, 12.0, 13.0, 14.0, 15.0, 16.0, 17.0, 18.0, 19.0, 20.0, 21.0, 22.0, 23.0, 24.0, 25.0, 26.0, 27.0, 28.0, 29.0, 30.0, 31.0, 32.0, 33.0, 34.0, 35.0, 36.0, 37.0, 38.0, 39.0, 40.0, 41.0, 42.0, 43.0, 44.0, 45.0, 46.0, 47.0, 48.0, 49.0, 50.0]], 'y': [[[100.0, 98.35132598876953, 96.52816772460938, 94.6054916381836, 92.78264617919922, 89.94319915771484, 86.96756744384766, 82.37062072753906, 76.02719116210938, 68.12911224365234, 58.51860809326172, 48.34004211425781, 37.192413330078125, 26.429441452026367, 17.457447052001953, 9.814538955688477, 4.78084659576416, 1.9265985488891602, 0.6025092005729675, 0.07810712605714798, 0.0]], [[0.11615496128797531, 1.3682054281234741, 4.268380165100098, 9.146604537963867, 14.432853698730469, 21.59463882446289, 27.60668182373047, 33.98854064941406, 39.809837341308594, 45.56119918823242, 51.333011627197266, 55.394561767578125, 59.19852828979492, 62.40887451171875, 64.87490844726562, 67.76993560791016, 70.23780822753906, 72.30152130126953, 74.07784271240234, 75.73463439941406, 77.18309020996094, 78.74414825439453, 80.11319732666016, 81.26853942871094, 82.72533416748047, 83.76084899902344, 84.89456176757812, 85.93805694580078, 86.74640655517578, 87.68757629394531, 88.67431640625, 89.83771514892578, 90.76041412353516, 91.4462890625, 92.29716491699219, 92.78350830078125, 93.36277770996094, 93.91802978515625, 94.45003509521484, 94.90615844726562, 95.38804626464844, 95.85213470458984, 96.2593994140625, 96.6316909790039, 97.0966567993164, 97.5020751953125, 98.55270385742188, 98.97286224365234, 99.30355834960938, 99.70218658447266, 100.0]]], 'z': [51.9, 77.2], 'frames': 69597}, 'Fast Motion': {'x': [[0.0, 0.05, 0.1, 0.15000000000000002, 0.2, 0.25, 0.30000000000000004, 0.35000000000000003, 0.4, 0.45, 0.5, 0.55, 0.6000000000000001, 0.65, 0.7000000000000001, 0.75, 0.8, 0.8500000000000001, 0.9, 