{"AUC": 23.3, "Precision": 30.6, "FPS": 43.94, "attribution": "{'Occlusion': {'x': [[0.0, 0.05, 0.1, 0.15000000000000002, 0.2, 0.25, 0.30000000000000004, 0.35000000000000003, 0.4, 0.45, 0.5, 0.55, 0.6000000000000001, 0.65, 0.7000000000000001, 0.75, 0.8, 0.8500000000000001, 0.9, 0.9500000000000001, 1.0], [0.0, 1.0, 2.0, 3.0, 4.0, 5.0, 6.0, 7.0, 8.0, 9.0, 10.0, 11.0, 12.0, 13.0, 14.0, 15.0, 16.0, 17.0, 18.0, 19.0, 20.0, 21.0, 22.0, 23.0, 24.0, 25.0, 26.0, 27.0, 28.0, 29.0, 30.0, 31.0, 32.0, 33.0, 34.0, 35.0, 36.0, 37.0, 38.0, 39.0, 40.0, 41.0, 42.0, 43.0, 44.0, 45.0, 46.0, 47.0, 48.0, 49.0, 50.0]], 'y': [[[100.0, 79.40365600585938, 72.74234771728516, 66.48905944824219, 60.43941879272461, 55.07384490966797, 50.7485466003418, 45.39182662963867, 39.94066619873047, 34.491703033447266, 28.887479782104492, 23.453157424926758, 18.291284561157227, 13.501315116882324, 9.441004753112793, 5.728211402893066, 2.9919986724853516, 1.0403971672058105, 0.38579368591308594, 0.21472804248332977, 0.0]], [[0.5266644358634949, 1.884006142616272, 5.1476850509643555, 9.43819522857666, 13.875913619995117, 19.034984588623047, 22.854684829711914, 27.95967674255371, 31.168428421020508, 34.17372512817383, 37.3363037109375, 39.68843078613281, 41.7454833984375, 43.71999740600586, 45.62929153442383, 48.18246078491211, 49.77060317993164, 52.11773681640625, 53.973968505859375, 55.96454620361328, 57.8613166809082, 59.65176773071289, 61.8502197265625, 63.677207946777344, 65.28316497802734, 66.93792724609375, 68.59947204589844, 70.2431869506836, 72.04741668701172, 73.7101058959961, 75.4775619506836, 77.1179428100586, 78.43647003173828, 79.89667510986328, 81.48695373535156, 82.89507293701172, 84.07612609863281, 85.27867889404297, 87.04415130615234, 88.21781921386719, 89.87622833251953, 91.41545867919922, 92.50426483154297, 93.23930358886719, 94.06082916259766, 94.75163269042969, 95.7623062133789, 96.86028289794922, 97.57557678222656, 98.61578369140625, 100.0]]], 'z': [33.7, 57.9], 'frames': 49834}, 'Out Of View': {'x': [[0.0, 0.05, 0.1, 0.15000000000000002, 0.2, 0.25, 0.30000000000000004, 0.35000000000000003, 0.4, 0.45, 0.5, 0.55, 0.6000000000000001, 0.65, 0.7000000000000001, 0.75, 0.8, 0.8500000000000001, 0.9, 0.9500000000000001, 1.0], [0.0, 1.0, 2.0, 3.0, 4.0, 5.0, 6.0, 7.0, 8.0, 9.0, 10.0, 11.0, 12.0, 13.0, 14.0, 15.0, 16.0, 17.0, 18.0, 19.0, 20.0, 21.0, 22.0, 23.0, 24.0, 25.0, 26.0, 27.0, 28.0, 29.0, 30.0, 31.0, 32.0, 33.0, 34.0, 35.0, 36.0, 37.0, 38.0, 39.0, 40.0, 41.0, 42.0, 43.0, 44.0, 45.0, 46.0, 47.0, 48.0, 49.0, 50.0]], 'y': [[[100.0, 70.88899993896484, 62.15799331665039, 56.67913055419922, 50.61395263671875, 42.672725677490234, 35.12375259399414, 27.523590087890625, 23.246641159057617, 17.260711669921875, 13.918919563293457, 9.644857406616211, 7.499731540679932, 4.9500322341918945, 3.4349560737609863, 1.8532333374023438, 0.7911202311515808, 0.14419160783290863, 0.03567902743816376, 0.027759119868278503, 0.0]], [[0.014903618954122066, 0.4098668098449707, 1.7607202529907227, 6.700987339019775, 9.735921859741211, 12.170233726501465, 15.254889488220215, 17.927568435668945, 20.12010383605957, 24.285741806030273, 27.613317489624023, 29.81777572631836, 31.363502502441406, 33.17142868041992, 36.08660888671875, 37.847991943359375, 42.60581588745117, 44.999874114990234, 47.09423065185547, 48.32450866699219, 49.66798400878906, 51.096134185791016, 53.30681610107422, 55.007301330566406, 56.23695373535156, 57.47115707397461, 58.484256744384766, 59.93772888183594, 61.12316131591797, 62.809593200683594, 63.9805793762207, 64.81732177734375, 66.0343246459961, 69.32783508300781, 71.61613464355469, 72.79695892333984, 73.61444854736328, 75.43658447265625, 79.54317474365234, 81.22455596923828, 84.16790008544922, 86.29930877685547, 87.85838317871094, 89.11029052734375, 90.13436126708984, 92.96261596679688, 93.95384216308594, 95.02287292480469, 96.04559326171875, 97.82898712158203, 100.0]]], 'z': [25.2, 49.7], 'frames': 11001}, 'Camera Motion': {'x': [[0.0, 0.05, 0.1, 0.15000000000000002, 0.2, 0.25, 0.30000000000000004, 0.35000000000000003, 0.4, 0.45, 0.5, 0.55, 0.6000000000000001, 0.65, 0.7000000000000001, 0.75, 0.8, 0.8500000000000001, 0.9, 0.9500000000000001, 1.0], [0.0, 1.0, 2.0, 3.0, 4.0, 5.0, 6.0, 7.0, 8.0, 9.0, 10.0, 11.0, 12.0, 13.0, 14.0, 15.0, 16.0, 17.0, 18.0, 19.0, 20.0, 21.0, 22.0, 23.0, 24.0, 25.0, 26.0, 27.0, 28.0, 29.0, 30.0, 31.0, 32.0, 33.0, 34.0, 35.0, 36.0, 37.0, 38.0, 39.0, 40.0, 41.0, 42.0, 43.0, 44.0, 45.0, 46.0, 47.0, 48.0, 49.0, 50.0]], 'y': [[[100.0, 83.20976257324219, 79.38320922851562, 76.25269317626953, 74.14497375488281, 72.47356414794922, 70.35198974609375, 67.42070007324219, 63.71952438354492, 60.87448501586914, 57.18301010131836, 50.335575103759766, 43.803836822509766, 33.98789978027344, 25.585529327392578, 16.43749237060547, 9.345804214477539, 3.5459489822387695, 0.7101311087608337, 0.0477474220097065, 0.0]], [[0.029202014207839966, 0.641749918460846, 2.2397406101226807, 5.705371856689453, 8.833662033081055, 11.967238426208496, 14.270297050476074, 19.351158142089844, 23.128416061401367, 28.51626205444336, 30.809131622314453, 34.672237396240234, 37.436912536621094, 40.5894775390625, 42.96963119506836, 44.995853424072266, 48.23335266113281, 51.39948272705078, 54.48249435424805, 56.8712158203125, 59.45722961425781, 61.16317367553711, 63.866676330566406, 65.30817413330078, 67.66046905517578, 70.10305786132812, 71.43621826171875, 72.73387908935547, 73.7035903930664, 75.85041809082031, 77.25131225585938, 78.14761352539062, 79.22709655761719, 80.76173400878906, 81.64130401611328, 82.5916976928711, 83.80774688720703, 85.08993530273438, 86.61802673339844, 87.30590057373047, 88.09480285644531, 89.51582336425781, 90.5650405883789, 91.76345825195312, 92.40982818603516, 93.75641632080078, 94.6179428100586, 95.15877532958984, 97.9117202758789, 98.53759002685547, 100.0]]], 'z': [47.1, 59.5], 'frames': 18427}, 'Deformation': {'x': [[0.0, 0.05, 0.1, 0.15000000000000002, 0.2, 0.25, 0.30000000000000004, 0.35000000000000003, 0.4, 0.45, 0.5, 0.55, 0.6000000000000001, 0.65, 0.7000000000000001, 0.75, 0.8, 0.8500000000000001, 0.9, 0.9500000000000001, 1.0], [0.0, 1.0, 2.0, 3.0, 4.0, 5.0, 6.0, 7.0, 8.0, 9.0, 10.0, 11.0, 12.0, 13.0, 14.0, 15.0, 16.0, 17.0, 18.0, 19.0, 20.0, 21.0, 22.0, 23.0, 24.0, 25.0, 26.0, 27.0, 28.0, 29.0, 30.0, 31.0, 32.0, 33.0, 34.0, 35.0, 36.0, 37.0, 38.0, 39.0, 40.0, 41.0, 42.0, 43.0, 44.0, 45.0, 46.0, 47.0, 48.0, 49.0, 50.0]], 'y': [[[100.0, 82.86953735351562, 78.20394897460938, 73.51190948486328, 68.35508728027344, 62.50293731689453, 57.93975067138672, 52.47571563720703, 48.353782653808594, 43.4430046081543, 38.1450080871582, 31.19695281982422, 24.4459285736084, 17.819599151611328, 11.817221641540527, 6.776054859161377, 3.414733409881592, 1.304811716079712, 0.35509175062179565, 0.014671587385237217, 0.0]], [[0.09242808818817139, 1.1322517395019531, 3.304631233215332, 6.762918949127197, 11.536465644836426, 16.696754455566406, 21.775787353515625, 27.325824737548828, 31.874263763427734, 37.579429626464844, 42.1318359375, 45.282100677490234, 47.72024917602539, 50.95326232910156, 53.407989501953125, 55.82976531982422, 57.996826171875, 60.075496673583984, 62.0650634765625, 64.619140625, 66.52754974365234, 68.3341064453125, 70.09095764160156, 71.85755920410156, 73.46961975097656, 74.8388900756836, 76.27014923095703, 77.8190689086914, 78.89369201660156, 80.42399597167969, 81.77450561523438, 83.23380279541016, 84.21432495117188, 85.28395080566406, 86.59081268310547, 87.62313842773438, 88.57583618164062, 89.4762954711914, 90.55916595458984, 91.52961730957031, 92.39883422851562, 93.33639526367188, 94.13923645019531, 94.73191833496094, 95.43608856201172, 96.06877899169922, 96.67505645751953, 98.3088150024414, 98.90863037109375, 99.4554443359375, 100.0]]], 'z': [38.2, 66.5], 'frames': 69597}, 'Fast Motion': {'x': [[0.0, 0.05, 0.1, 0.15000000000000002, 0.2, 0.25, 0.30000000000000004, 0.35000000000000003, 0.4, 0.45, 0.5, 0.55, 0.6000000000000001, 0.65, 0.7000000000000001, 0.75, 