{"AUC": 36.7, "Precision": 50.7, "FPS": 23.86, "attribution": "{'Occlusion': {'x': [[0.0, 0.05, 0.1, 0.15000000000000002, 0.2, 0.25, 0.30000000000000004, 0.35000000000000003, 0.4, 0.45, 0.5, 0.55, 0.6000000000000001, 0.65, 0.7000000000000001, 0.75, 0.8, 0.8500000000000001, 0.9, 0.9500000000000001, 1.0], [0.0, 1.0, 2.0, 3.0, 4.0, 5.0, 6.0, 7.0, 8.0, 9.0, 10.0, 11.0, 12.0, 13.0, 14.0, 15.0, 16.0, 17.0, 18.0, 19.0, 20.0, 21.0, 22.0, 23.0, 24.0, 25.0, 26.0, 27.0, 28.0, 29.0, 30.0, 31.0, 32.0, 33.0, 34.0, 35.0, 36.0, 37.0, 38.0, 39.0, 40.0, 41.0, 42.0, 43.0, 44.0, 45.0, 46.0, 47.0, 48.0, 49.0, 50.0]], 'y': [[[100.0, 97.81837463378906, 96.09012603759766, 94.36945343017578, 91.91413116455078, 89.20379638671875, 85.17813110351562, 79.84498596191406, 72.93892669677734, 64.8387222290039, 56.296844482421875, 46.628753662109375, 36.81346893310547, 27.033716201782227, 18.223186492919922, 11.013588905334473, 5.134922027587891, 1.9689377546310425, 0.47947144508361816, 0.2034449279308319, 0.0]], [[0.26826587319374084, 1.8633402585983276, 6.166275501251221, 12.411517143249512, 18.663270950317383, 26.476808547973633, 32.439598083496094, 39.139137268066406, 44.628883361816406, 49.5035285949707, 53.23770523071289, 56.55743408203125, 59.49147415161133, 62.426177978515625, 65.11133575439453, 67.4957046508789, 69.69438171386719, 71.9979019165039, 73.76398468017578, 75.66864013671875, 77.59496307373047, 78.85589599609375, 80.17427062988281, 81.60460662841797, 82.76113891601562, 83.94084930419922, 85.00206756591797, 85.9786605834961, 86.91043090820312, 87.8565444946289, 88.53899383544922, 89.44447326660156, 90.29032897949219, 91.11466979980469, 91.72872924804688, 92.57100677490234, 93.26912689208984, 93.9940185546875, 94.51651763916016, 95.11919403076172, 95.603515625, 96.06645965576172, 96.60809326171875, 96.95758056640625, 97.45247650146484, 97.90260314941406, 98.29942321777344, 98.78718566894531, 99.13279724121094, 99.66272735595703, 100.0]]], 'z': [51.2, 77.6], 'frames': 49834}, 'Out Of View': {'x': [[0.0, 0.05, 0.1, 0.15000000000000002, 0.2, 0.25, 0.30000000000000004, 0.35000000000000003, 0.4, 0.45, 0.5, 0.55, 0.6000000000000001, 0.65, 0.7000000000000001, 0.75, 0.8, 0.8500000000000001, 0.9, 0.9500000000000001, 1.0], [0.0, 1.0, 2.0, 3.0, 4.0, 5.0, 6.0, 7.0, 8.0, 9.0, 10.0, 11.0, 12.0, 13.0, 14.0, 15.0, 16.0, 17.0, 18.0, 19.0, 20.0, 21.0, 22.0, 23.0, 24.0, 25.0, 26.0, 27.0, 28.0, 29.0, 30.0, 31.0, 32.0, 33.0, 34.0, 35.0, 36.0, 37.0, 38.0, 39.0, 40.0, 41.0, 42.0, 43.0, 44.0, 45.0, 46.0, 47.0, 48.0, 49.0, 50.0]], 'y': [[[100.0, 96.10172271728516, 91.94877624511719, 89.04655456542969, 82.8598403930664, 73.60045623779297, 63.277076721191406, 55.30253601074219, 46.265464782714844, 38.007938385009766, 29.742599487304688, 24.503490447998047, 16.473291397094727, 11.897367477416992, 7.58975076675415, 4.135210990905762, 1.6147321462631226, 0.6647716164588928, 0.21416591107845306, 0.00743219256401062, 0.0]], [[0.034890066832304, 1.1001099348068237, 2.9096128940582275, 7.680477142333984, 11.096976280212402, 15.614843368530273, 20.198787689208984, 24.294572830200195, 28.086790084838867, 32.07584762573242, 36.71119689941406, 40.442935943603516, 43.655879974365234, 46.4672737121582, 48.51991271972656, 51.35368728637695, 53.539119720458984, 55.42449188232422, 57.58670425415039, 59.42683792114258, 61.26396560668945, 62.82450485229492, 64.10755157470703, 64.95352935791016, 67.69525909423828, 69.58678436279297, 70.76238250732422, 71.8983383178711, 72.94658660888672, 73.7850112915039, 74.60038757324219, 75.71088409423828, 78.1445083618164, 78.84880065917969, 80.24873352050781, 81.90441131591797, 83.61347961425781, 84.9664306640625, 87.49813079833984, 88.54710388183594, 89.2905502319336, 90.42854309082031, 91.19168853759766, 91.92544555664062, 93.12202453613281, 94.52607727050781, 95.10095977783203, 96.55219268798828, 97.64054107666016, 98.6385726928711, 100.0]]], 'z': [39.7, 61.3], 'frames': 11001}, 'Camera Motion': {'x': [[0.0, 0.05, 0.1, 0.15000000000000002, 0.2, 0.25, 0.30000000000000004, 0.35000000000000003, 0.4, 0.45, 0.5, 0.55, 0.6000000000000001, 0.65, 0.7000000000000001, 0.75, 0.8, 0.8500000000000001, 0.9, 0.9500000000000001, 1.0], [0.0, 1.0, 2.0, 3.0, 4.0, 5.0, 6.0, 7.0, 8.0, 9.0, 10.0, 11.0, 12.0, 13.0, 14.0, 15.0, 16.0, 17.0, 18.0, 19.0, 20.0, 21.0, 22.0, 23.0, 24.0, 25.0, 26.0, 27.0, 28.0, 29.0, 30.0, 31.0, 32.0, 33.0, 34.0, 35.0, 36.0, 37.0, 38.0, 39.0, 40.0, 41.0, 42.0, 43.0, 44.0, 45.0, 46.0, 47.0, 48.0, 49.0, 50.0]], 'y': [[[100.0, 98.87059783935547, 97.86683654785156, 97.16122436523438, 96.45930480957031, 94.27733612060547, 93.0625, 91.6168212890625, 89.47676849365234, 84.3505859375, 78.81935119628906, 70.54244232177734, 60.980384826660156, 49.113197326660156, 36.47664260864258, 22.689306259155273, 12.128761291503906, 4.9777398109436035, 1.176255702972412, 0.09888257831335068, 0.0]], [[0.07408669590950012, 1.2519237995147705, 4.214460372924805, 7.893200397491455, 12.23210334777832, 18.70930290222168, 24.070053100585938, 31.046993255615234, 35.35887145996094, 39.244075775146484, 43.67632293701172, 47.83054733276367, 51.425750732421875, 54.592384338378906, 57.42982482910156, 60.94385528564453, 63.49211502075195, 66.20864868164062, 68.15448760986328, 70.5612564086914, 72.31595611572266, 73.74756622314453, 75.18534088134766, 76.39912414550781, 77.9358139038086, 79.42637634277344, 80.89445495605469, 82.05441284179688, 84.15327453613281, 85.19940185546875, 86.6500015258789, 87.94091033935547, 89.13518524169922, 90.13414001464844, 91.05003356933594, 91.8051528930664, 92.76232147216797, 93.38494873046875, 93.99687957763672, 94.48932647705078, 95.25884246826172, 95.80021667480469, 96.23722839355469, 96.7135009765625, 97.11664581298828, 97.53363800048828, 97.88626861572266, 98.21236419677734, 98.90658569335938, 99.52803039550781, 100.0]]], 'z': [61.0, 72.3], 'frames': 18427}, 'Deformation': {'x': [[0.0, 0.05, 0.1, 0.15000000000000002, 0.2, 0.25, 0.30000000000000004, 0.35000000000000003, 0.4, 0.45, 0.5, 0.55, 0.6000000000000001, 0.65, 0.7000000000000001, 0.75, 0.8, 0.8500000000000001, 0.9, 0.9500000000000001, 1.0], [0.0, 1.0, 2.0, 3.0, 4.0, 5.0, 6.0, 7.0, 8.0, 9.0, 10.0, 11.0, 12.0, 13.0, 14.0, 15.0, 16.0, 17.0, 18.0, 19.0, 20.0, 21.0, 22.0, 23.0, 24.0, 25.0, 26.0, 27.0, 28.0, 29.0, 30.0, 31.0, 32.0, 33.0, 34.0, 35.0, 36.0, 37.0, 38.0, 39.0, 40.0, 41.0, 42.0, 43.0, 44.0, 45.0, 46.0, 47.0, 48.0, 49.0, 50.0]], 'y': [[[100.0, 99.07076263427734, 97.6104965209961, 96.14659881591797, 93.2342758178711, 90.71414184570312, 87.19717407226562, 82.30170440673828, 75.5487289428711, 66.07106018066406, 57.09321594238281, 45.975074768066406, 35.396018981933594, 24.850902557373047, 16.27420997619629, 9.57903003692627, 4.720034122467041, 1.820499300956726, 0.4773689806461334, 0.040658313781023026, 0.0]], [[0.043035078793764114, 1.013553500175476, 3.8500261306762695, 8.386831283569336, 13.561461448669434, 19.554502487182617, 25.27219009399414, 31.337785720825195, 37.981048583984375, 42.81080627441406, 48.36017608642578, 52.73496627807617, 56.187744140625, 60.04520797729492, 62.999881744384766, 65.98023223876953, 68.04596710205078, 70.38311004638672, 72.39488220214844, 74.19036865234375, 76.22481536865234, 77.85260772705078, 79.2269515991211, 80.49982452392578, 81.83535766601562, 83.15242767333984, 84.18065643310547, 85.18160247802734, 86.19959259033203, 87.24954223632812, 87.94280242919922, 88.78677368164062, 89.51322174072266, 90.44224548339844, 91.19966888427734, 91.84901428222656, 92.64913940429688, 93.24315643310547, 94.0501480102539, 94.58352661132812, 95.05557250976562, 95.70001983642578, 96.16801452636719, 96.60460662841797, 97.02468872070312, 97.56114959716797, 97.90389251708984, 98.20973205566406, 98.57862854003906, 98.99736022949219, 100.0]]], 'z': [51.6, 76.2], 'frames': 69597}, 'Fast Motion': {'x': [[0.0, 0.05, 0.1, 0.15000000000000002, 0.2, 0.25, 0.30000000000000004, 0.35000000000000003, 0.4, 0.45, 0.5, 0.55, 0.6000000000000001, 0.65, 0.7000000000000001, 0.75, 0.8, 0.8500000000000001, 0.9,