{"AUC": 34.5, "Precision": 47.8, "FPS": 14.02, "attribution": "{'Occlusion': {'x': [[0.0, 0.05, 0.1, 0.15000000000000002, 0.2, 0.25, 0.30000000000000004, 0.35000000000000003, 0.4, 0.45, 0.5, 0.55, 0.6000000000000001, 0.65, 0.7000000000000001, 0.75, 0.8, 0.8500000000000001, 0.9, 0.9500000000000001, 1.0], [0.0, 1.0, 2.0, 3.0, 4.0, 5.0, 6.0, 7.0, 8.0, 9.0, 10.0, 11.0, 12.0, 13.0, 14.0, 15.0, 16.0, 17.0, 18.0, 19.0, 20.0, 21.0, 22.0, 23.0, 24.0, 25.0, 26.0, 27.0, 28.0, 29.0, 30.0, 31.0, 32.0, 33.0, 34.0, 35.0, 36.0, 37.0, 38.0, 39.0, 40.0, 41.0, 42.0, 43.0, 44.0, 45.0, 46.0, 47.0, 48.0, 49.0, 50.0]], 'y': [[[100.0, 97.20634460449219, 94.0072021484375, 91.2723617553711, 87.49783325195312, 83.5363540649414, 80.03075408935547, 75.8736572265625, 71.7121810913086, 66.69149780273438, 60.29212951660156, 51.756988525390625, 42.37058639526367, 32.965187072753906, 23.213226318359375, 14.74914836883545, 7.014492988586426, 3.060999631881714, 1.1053619384765625, 0.3647008538246155, 0.0]], [[0.4854319989681244, 2.3464105129241943, 6.449609756469727, 12.415008544921875, 18.649831771850586, 25.278249740600586, 30.61585807800293, 36.674503326416016, 41.87131118774414, 46.24082565307617, 50.58091735839844, 54.54865264892578, 58.057098388671875, 61.22929000854492, 63.724361419677734, 66.20774841308594, 68.1170654296875, 70.34587860107422, 71.97834014892578, 73.55634307861328, 75.5233154296875, 76.91832733154297, 78.11333465576172, 79.43350219726562, 80.7817611694336, 82.07295989990234, 83.3269271850586, 84.4441909790039, 85.61509704589844, 86.66563415527344, 87.68026733398438, 88.57051849365234, 89.41304016113281, 90.24449920654297, 91.13337707519531, 91.84456634521484, 92.46971130371094, 93.28936004638672, 93.952880859375, 94.67832946777344, 95.35574340820312, 95.79057312011719, 96.31306457519531, 96.8351058959961, 97.43490600585938, 97.86174011230469, 98.35445404052734, 98.94184112548828, 99.3438720703125, 99.64734649658203, 100.0]]], 'z': [51.7, 75.5], 'frames': 49834}, 'Out Of View': {'x': [[0.0, 0.05, 0.1, 0.15000000000000002, 0.2, 0.25, 0.30000000000000004, 0.35000000000000003, 0.4, 0.45, 0.5, 0.55, 0.6000000000000001, 0.65, 0.7000000000000001, 0.75, 0.8, 0.8500000000000001, 0.9, 0.9500000000000001, 1.0], [0.0, 1.0, 2.0, 3.0, 4.0, 5.0, 6.0, 7.0, 8.0, 9.0, 10.0, 11.0, 12.0, 13.0, 14.0, 15.0, 16.0, 17.0, 18.0, 19.0, 20.0, 21.0, 22.0, 23.0, 24.0, 25.0, 26.0, 27.0, 28.0, 29.0, 30.0, 31.0, 32.0, 33.0, 34.0, 35.0, 36.0, 37.0, 38.0, 39.0, 40.0, 41.0, 42.0, 43.0, 44.0, 45.0, 46.0, 47.0, 48.0, 49.0, 50.0]], 'y': [[[100.0, 92.49856567382812, 85.3882827758789, 77.93480682373047, 69.5792236328125, 60.03044128417969, 52.85432815551758, 47.723968505859375, 40.741790771484375, 35.438377380371094, 30.025238037109375, 24.88880157470703, 17.798952102661133, 12.780518531799316, 8.411397933959961, 5.3196516036987305, 2.369044065475464, 1.014322280883789, 0.03440970182418823, 0.012386812828481197, 0.0]], [[0.1116369366645813, 0.6214500069618225, 2.8413243293762207, 6.493662357330322, 9.964977264404297, 13.848361015319824, 17.878328323364258, 21.606142044067383, 27.60540199279785, 30.777198791503906, 35.976890563964844, 39.37807846069336, 42.271263122558594, 45.81324005126953, 48.29127883911133, 50.493526458740234, 53.38398742675781, 55.87525939941406, 58.04731369018555, 60.21052169799805, 62.62788009643555, 64.88831329345703, 66.26702117919922, 67.75914001464844, 69.03570556640625, 70.68490600585938, 72.45146942138672, 73.76677703857422, 74.81559753417969, 75.91630554199219, 77.03199768066406, 78.035400390625, 79.04437255859375, 80.9094009399414, 82.19602966308594, 83.06324005126953, 83.95594024658203, 86.28266906738281, 87.45632934570312, 89.16248321533203, 90.22564697265625, 91.60086822509766, 93.5455322265625, 94.4559326171875, 95.14527130126953, 96.06027221679688, 96.83364868164062, 97.38668060302734, 98.28517150878906, 98.88308715820312, 100.0]]], 'z': [36.4, 62.6], 'frames': 11001}, 'Camera Motion': {'x': [[0.0, 0.05, 0.1, 0.15000000000000002, 0.2, 0.25, 0.30000000000000004, 0.35000000000000003, 0.4, 0.45, 0.5, 0.55, 0.6000000000000001, 0.65, 0.7000000000000001, 0.75, 0.8, 0.8500000000000001, 0.9, 0.9500000000000001, 1.0], [0.0, 1.0, 2.0, 3.0, 4.0, 5.0, 6.0, 7.0, 8.0, 9.0, 10.0, 11.0, 12.0, 13.0, 14.0, 15.0, 16.0, 17.0, 18.0, 19.0, 20.0, 21.0, 22.0, 23.0, 24.0, 25.0, 26.0, 27.0, 28.0, 29.0, 30.0, 31.0, 32.0, 33.0, 34.0, 35.0, 36.0, 37.0, 38.0, 39.0, 40.0, 41.0, 42.0, 43.0, 44.0, 45.0, 46.0, 47.0, 48.0, 49.0, 50.0]], 'y': [[[100.0, 97.9654541015625, 96.43914794921875, 94.87568664550781, 93.5699234008789, 91.96109008789062, 90.01573181152344, 88.27943420410156, 85.658935546875, 82.45541381835938, 77.21820831298828, 69.40261840820312, 60.21448516845703, 48.92877197265625, 36.667579650878906, 25.31748390197754, 14.545220375061035, 6.40702486038208, 2.17120361328125, 0.14056560397148132, 0.0]], [[0.04859912395477295, 0.8640979528427124, 3.5248537063598633, 7.249495506286621, 12.471940994262695, 16.974720001220703, 21.360628128051758, 29.715347290039062, 34.677528381347656, 39.08592224121094, 44.64201354980469, 47.59636306762695, 50.08605194091797, 54.21030044555664, 57.42707061767578, 59.91901779174805, 63.34652328491211, 65.60041809082031, 68.3935546875, 70.39849090576172, 72.88896942138672, 74.87418365478516, 76.8906021118164, 78.62310791015625, 80.11708068847656, 81.39070892333984, 82.91548156738281, 83.99016571044922, 85.38802337646484, 86.78606414794922, 87.73758697509766, 88.72986602783203, 89.49748992919922, 90.37102508544922, 91.04479217529297, 92.30416107177734, 92.95893859863281, 93.59552764892578, 94.20299530029297, 95.31524658203125, 95.8523178100586, 96.50206756591797, 97.34557342529297, 97.82546997070312, 98.13043975830078, 98.5307846069336, 98.86857604980469, 99.22488403320312, 99.52396392822266, 99.77064514160156, 100.0]]], 'z': [60.1, 72.9], 'frames': 18427}, 'Deformation': {'x': [[0.0, 0.05, 0.1, 0.15000000000000002, 0.2, 0.25, 0.30000000000000004, 0.35000000000000003, 0.4, 0.45, 0.5, 0.55, 0.6000000000000001, 0.65, 0.7000000000000001, 0.75, 0.8, 0.8500000000000001, 0.9, 0.9500000000000001, 1.0], [0.0, 1.0, 2.0, 3.0, 4.0, 5.0, 6.0, 7.0, 8.0, 9.0, 10.0, 11.0, 12.0, 13.0, 14.0, 15.0, 16.0, 17.0, 18.0, 19.0, 20.0, 21.0, 22.0, 23.0, 24.0, 25.0, 26.0, 27.0, 28.0, 29.0, 30.0, 31.0, 32.0, 33.0, 34.0, 35.0, 36.0, 37.0, 38.0, 39.0, 40.0, 41.0, 42.0, 43.0, 44.0, 45.0, 46.0, 47.0, 48.0, 49.0, 50.0]], 'y': [[[100.0, 97.6333999633789, 95.54703521728516, 93.51300048828125, 89.66551208496094, 86.27342224121094, 83.20854187011719, 79.59015655517578, 74.316650390625, 67.57807922363281, 59.24591827392578, 49.47496795654297, 38.604251861572266, 27.66033363342285, 18.504016876220703, 11.037930488586426, 5.847565174102783, 2.5535359382629395, 0.7487574219703674, 0.1069294735789299, 0.0]], [[0.08000732958316803, 1.0221320390701294, 3.497647762298584, 7.352171897888184, 12.307677268981934, 17.78998374938965, 22.966110229492188, 29.05179786682129, 34.267433166503906, 40.486698150634766, 45.87187957763672, 49.662723541259766, 53.333396911621094, 57.047767639160156, 59.888999938964844, 62.355064392089844, 64.72845458984375, 67.31631469726562, 69.30755615234375, 71.02397918701172, 73.3244400024414, 75.03469848632812, 76.65565490722656, 77.8274154663086, 79.77934265136719, 81.0436019897461, 82.61526489257812, 83.6373291015625, 84.92098999023438, 85.9444580078125, 86.95249938964844, 87.99954986572266, 88.96978759765625, 89.6324234008789, 90.29096984863281, 90.95677185058594, 91.53575897216797, 92.18653106689453, 92.80927276611328, 93.63966369628906, 94.1369400024414, 94.70856475830078, 95.38742065429688, 96.05867004394531, 96.71749114990234, 97.21525573730469, 97.71041107177734, 98.08141326904297, 98.4850845336914, 98.83503723144531, 100.0]]], 'z': [51.5, 73.3], 'frames': 69597}, 'Fast Motion': {'x': [[0.0, 0.05, 0.1, 0.15000000000000002, 0.2, 0.25, 0.30000000000000004, 0.35000000000000003, 0.4, 0.45, 0.5, 0.55, 0.6000000000000001, 0.65, 0.7000000000000001, 0.75, 0.8, 0.8500000000000001, 0.9, 