{
    "AUC": 31.6,
    "Precision": 40.3,
    "FPS": -1,
    "attribution": "{'Occlusion': {'x': [[0.0, 0.05, 0.1, 0.15000000000000002, 0.2, 0.25, 0.30000000000000004, 0.35000000000000003, 0.4, 0.45, 0.5, 0.55, 0.6000000000000001, 0.65, 0.7000000000000001, 0.75, 0.8, 0.8500000000000001, 0.9, 0.9500000000000001, 1.0], [0.0, 1.0, 2.0, 3.0, 4.0, 5.0, 6.0, 7.0, 8.0, 9.0, 10.0, 11.0, 12.0, 13.0, 14.0, 15.0, 16.0, 17.0, 18.0, 19.0, 20.0, 21.0, 22.0, 23.0, 24.0, 25.0, 26.0, 27.0, 28.0, 29.0, 30.0, 31.0, 32.0, 33.0, 34.0, 35.0, 36.0, 37.0, 38.0, 39.0, 40.0, 41.0, 42.0, 43.0, 44.0, 45.0, 46.0, 47.0, 48.0, 49.0, 50.0]], 'y': [[[100.0, 97.79078674316406, 95.50586700439453, 92.30377197265625, 89.25594329833984, 86.52845764160156, 84.18128967285156, 80.8447036743164, 76.1453628540039, 70.32779693603516, 63.60847473144531, 54.350494384765625, 44.51408004760742, 34.05540466308594, 23.92666244506836, 15.02487850189209, 7.402927398681641, 3.0572896003723145, 0.755827009677887, 0.26672273874282837, 0.0]], [[0.3674226701259613, 1.933119773864746, 5.7305121421813965, 11.886331558227539, 18.221166610717773, 25.68751335144043, 31.2780704498291, 37.29853439331055, 42.7622184753418, 46.995845794677734, 51.11417007446289, 55.509193420410156, 58.43358612060547, 61.382240295410156, 64.00352478027344, 67.0293197631836, 69.01819610595703, 71.19476318359375, 72.89339447021484, 74.32798767089844, 75.91069030761719, 77.24459838867188, 78.75349426269531, 80.06488037109375, 81.28502655029297, 82.4039306640625, 83.40215301513672, 84.29393005371094, 85.37867736816406, 86.21833038330078, 86.8770980834961, 87.80360412597656, 88.48359680175781, 89.12561798095703, 90.1442642211914, 90.96868133544922, 91.53631591796875, 92.15738677978516, 92.72879028320312, 93.33985137939453, 93.9030532836914, 94.48843383789062, 95.15963745117188, 95.78816223144531, 96.5971908569336, 97.21289825439453, 97.68707275390625, 98.24311828613281, 98.90819549560547, 99.5740737915039, 100.0]]], 'z': [53.3, 75.9], 'frames': 49834}, 'Out Of View': {'x': [[0.0, 0.05, 0.1, 0.15000000000000002, 0.2, 0.25, 0.30000000000000004, 0.35000000000000003, 0.4, 0.45, 0.5, 0.55, 0.6000000000000001, 0.65, 0.7000000000000001, 0.75, 0.8, 0.8500000000000001, 0.9, 0.9500000000000001, 1.0], [0.0, 1.0, 2.0, 3.0, 4.0, 5.0, 6.0, 7.0, 8.0, 9.0, 10.0, 11.0, 12.0, 13.0, 14.0, 15.0, 16.0, 17.0, 18.0, 19.0, 20.0, 21.0, 22.0, 23.0, 24.0, 25.0, 26.0, 27.0, 28.0, 29.0, 30.0, 31.0, 32.0, 33.0, 34.0, 35.0, 36.0, 37.0, 38.0, 39.0, 40.0, 41.0, 42.0, 43.0, 44.0, 45.0, 46.0, 47.0, 48.0, 49.0, 50.0]], 'y': [[[100.0, 93.3973159790039, 88.15248107910156, 83.21530151367188, 77.76203918457031, 70.79132843017578, 65.91506958007812, 59.559906005859375, 51.98352813720703, 42.43281555175781, 33.09968566894531, 27.79903793334961, 21.452186584472656, 14.50780200958252, 10.591593742370605, 7.019510746002197, 3.626499652862549, 1.7287870645523071, 0.5652369856834412, 0.03234002739191055, 0.0]], [[0.08180531114339828, 0.8193047642707825, 2.759643077850342, 5.880041599273682, 8.701305389404297, 12.485088348388672, 16.104408264160156, 19.671566009521484, 23.486236572265625, 29.05929183959961, 32.00090408325195, 34.539093017578125, 36.56651306152344, 40.02794647216797, 41.90513610839844, 44.51340866088867, 46.29343032836914, 48.275001525878906, 49.86521530151367, 51.639930725097656, 54.38085174560547, 55.40461730957031, 57.17578125, 59.49673080444336, 62.29518508911133, 64.03111267089844, 67.10269927978516, 69.85284423828125, 71.2302474975586, 72.26812744140625, 73.2061538696289, 74.14518737792969, 76.15259552001953, 77.27771759033203, 79.02660369873047, 80.565673828125, 82.04352569580078, 83.03524017333984, 84.9981689453125, 85.65151977539062, 87.60726165771484, 88.48164367675781, 89.59156036376953, 92.7557373046875, 93.4195785522461, 94.62983703613281, 95.80801391601562, 96.97380828857422, 98.42018127441406, 99.17498779296875, 100.0]]], 'z': [40.6, 54.4], 'frames': 11001}, 'Camera Motion': {'x': [[0.0, 0.05, 0.1, 0.15000000000000002, 0.2, 0.25, 0.30000000000000004, 0.35000000000000003, 0.4, 0.45, 0.5, 0.55, 0.6000000000000001, 0.65, 0.7000000000000001, 0.75, 0.8, 0.8500000000000001, 0.9, 0.9500000000000001, 1.0], [0.0, 1.0, 2.0, 3.0, 4.0, 5.0, 6.0, 7.0, 8.0, 9.0, 10.0, 11.0, 12.0, 13.0, 14.0, 15.0, 16.0, 17.0, 18.0, 19.0, 20.0, 21.0, 22.0, 23.0, 24.0, 25.0, 26.0, 27.0, 28.0, 29.0, 30.0, 31.0, 32.0, 33.0, 34.0, 35.0, 36.0, 37.0, 38.0, 39.0, 40.0, 41.0, 42.0, 43.0, 44.0, 45.0, 46.0, 47.0, 48.0, 49.0, 50.0]], 'y': [[[100.0, 97.9780044555664, 95.13067626953125, 92.22920989990234, 89.54084777832031, 87.48961639404297, 85.67942810058594, 83.25666809082031, 79.68696594238281, 75.21941375732422, 68.67160034179688, 60.06041717529297, 48.321434020996094, 37.35792541503906, 26.029264450073242, 16.497329711914062, 9.533625602722168, 3.2291059494018555, 0.509414792060852, 0.049763236194849014, 0.0]], [[0.01779833249747753, 0.48177045583724976, 3.5779762268066406, 7.540748119354248, 10.388382911682129, 15.3399658203125, 19.231691360473633, 23.37000274658203, 26.870315551757812, 30.7758846282959, 34.73214340209961, 39.2806510925293, 43.468990325927734, 46.82583999633789, 50.81590270996094, 53.422664642333984, 56.84059143066406, 58.812259674072266, 60.82009506225586, 62.71198272705078, 64.95471954345703, 67.6329116821289, 69.15218353271484, 70.472900390625, 73.3944091796875, 74.79943084716797, 78.93038940429688, 80.09217071533203, 81.55644226074219, 82.39295196533203, 83.94825744628906, 85.50308990478516, 87.28524017333984, 88.09783172607422, 89.17466735839844, 89.96588897705078, 90.62496948242188, 91.39167785644531, 92.21180725097656, 93.09717559814453, 93.82332611083984, 94.41470336914062, 95.12337493896484, 95.67169952392578, 96.24207305908203, 96.85774230957031, 97.41453552246094, 98.07493591308594, 98.5670166015625, 99.02959442138672, 100.0]]], 'z': [55.1, 65.0], 'frames': 18427}, 'Deformation': {'x': [[0.0, 0.05, 0.1, 0.15000000000000002, 0.2, 0.25, 0.30000000000000004, 0.35000000000000003, 0.4, 0.45, 0.5, 0.55, 0.6000000000000001, 0.65, 0.7000000000000001, 0.75, 0.8, 0.8500000000000001, 0.9, 0.9500000000000001, 1.0], [0.0, 1.0, 2.0, 3.0, 4.0, 5.0, 6.0, 7.0, 8.0, 9.0, 10.0, 11.0, 12.0, 13.0, 14.0, 15.0, 16.0, 17.0, 18.0, 19.0, 20.0, 21.0, 22.0, 23.0, 24.0, 25.0, 26.0, 27.0, 28.0, 29.0, 30.0, 31.0, 32.0, 33.0, 34.0, 35.0, 36.0, 37.0, 38.0, 39.0, 40.0, 41.0, 42.0, 43.0, 44.0, 45.0, 46.0, 47.0, 48.0, 49.0, 50.0]], 'y': [[[100.0, 98.15332794189453, 95.4135513305664, 93.2569351196289, 91.05817413330078, 88.59325408935547, 85.47982025146484, 80.15068817138672, 74.05226135253906, 66.0121078491211, 54.71699142456055, 42.51801300048828, 29.882537841796875, 19.118011474609375, 11.313675880432129, 5.242828369140625, 2.448564052581787, 0.9878660440444946, 0.2455013543367386, 0.005856756120920181, 0.0]], [[0.01100403256714344, 0.5160980820655823, 2.2973015308380127, 4.869309425354004, 8.516845703125, 13.039999961853027, 17.306480407714844, 23.346471786499023, 28.559017181396484, 34.36298751831055, 40.59553146362305, 45.194705963134766, 48.5618896484375, 52.09581756591797, 55.24947738647461, 58.07101058959961, 60.67681121826172, 63.05247116088867, 64.99251556396484, 67.18862915039062, 69.49217987060547, 71.12787628173828, 72.8666000366211, 74.27733612060547, 76.10691833496094, 77.67391967773438, 78.88567352294922, 79.96817779541016, 81.10551452636719, 81.94388580322266, 82.91230010986328, 83.81221008300781, 84.66111755371094, 85.64825439453125, 86.59135437011719, 87.42350006103516, 88.35906219482422, 89.2864990234375, 90.21440124511719, 90.93934631347656, 92.04125213623047, 92.68375396728516, 94.70970916748047, 95.37645721435547, 96.27581787109375, 97.0587158203125, 97.61361694335938, 98.15441131591797, 98.89391326904297, 99.43267822265625, 100.0]]], 'z': [49.5, 69.5], 'frames': 69597}, 'Fast Motion': {'x': [[0.0, 0.05, 0.1, 0.15000000000000002, 0.2, 0.25, 0.30000000000000004, 0.35000000000000003, 0.4, 0.45, 0.5, 0.55, 0.6000000000000001, 0.65, 0.7000000000000001, 0.75, 0.8, 