{
    "AUC": 35.9,
    "Precision": 48.7,
    "FPS": 31.41,
    "attribution": "{'Occlusion': {'x': [[0.0, 0.05, 0.1, 0.15000000000000002, 0.2, 0.25, 0.30000000000000004, 0.35000000000000003, 0.4, 0.45, 0.5, 0.55, 0.6000000000000001, 0.65, 0.7000000000000001, 0.75, 0.8, 0.8500000000000001, 0.9, 0.9500000000000001, 1.0], [0.0, 1.0, 2.0, 3.0, 4.0, 5.0, 6.0, 7.0, 8.0, 9.0, 10.0, 11.0, 12.0, 13.0, 14.0, 15.0, 16.0, 17.0, 18.0, 19.0, 20.0, 21.0, 22.0, 23.0, 24.0, 25.0, 26.0, 27.0, 28.0, 29.0, 30.0, 31.0, 32.0, 33.0, 34.0, 35.0, 36.0, 37.0, 38.0, 39.0, 40.0, 41.0, 42.0, 43.0, 44.0, 45.0, 46.0, 47.0, 48.0, 49.0, 50.0]], 'y': [[[100.0, 96.44744110107422, 93.40037536621094, 91.04110717773438, 88.22900390625, 84.86856842041016, 81.09001159667969, 76.34095764160156, 71.36349487304688, 65.164306640625, 57.71623992919922, 49.437923431396484, 40.274532318115234, 30.14786148071289, 20.205141067504883, 12.50499153137207, 6.218076705932617, 2.2937445640563965, 0.7846664786338806, 0.1852085292339325, 0.0]], [[0.30783745646476746, 1.8098371028900146, 6.307643890380859, 12.782986640930176, 19.722917556762695, 27.29066276550293, 33.94211959838867, 39.912803649902344, 45.15729904174805, 49.56874465942383, 53.68026351928711, 57.20887756347656, 59.89372634887695, 62.93408203125, 65.39588928222656, 67.48470306396484, 69.53057098388672, 71.94975280761719, 73.78789520263672, 75.36982727050781, 77.06005859375, 78.70893859863281, 80.08505249023438, 81.2251968383789, 82.47257995605469, 83.60984802246094, 84.75184631347656, 85.5528335571289, 86.58181762695312, 87.48285675048828, 88.37722778320312, 89.21795654296875, 90.19136047363281, 91.11241912841797, 92.0447998046875, 92.67230987548828, 93.22476959228516, 93.86551666259766, 94.40254211425781, 94.96891784667969, 95.44473266601562, 96.06652069091797, 96.48564147949219, 96.9687728881836, 97.40795135498047, 97.98112487792969, 98.45391845703125, 98.88064575195312, 99.20988464355469, 99.716796875, 100.0]]], 'z': [50.8, 77.1], 'frames': 49834}, 'Out Of View': {'x': [[0.0, 0.05, 0.1, 0.15000000000000002, 0.2, 0.25, 0.30000000000000004, 0.35000000000000003, 0.4, 0.45, 0.5, 0.55, 0.6000000000000001, 0.65, 0.7000000000000001, 0.75, 0.8, 0.8500000000000001, 0.9, 0.9500000000000001, 1.0], [0.0, 1.0, 2.0, 3.0, 4.0, 5.0, 6.0, 7.0, 8.0, 9.0, 10.0, 11.0, 12.0, 13.0, 14.0, 15.0, 16.0, 17.0, 18.0, 19.0, 20.0, 21.0, 22.0, 23.0, 24.0, 25.0, 26.0, 27.0, 28.0, 29.0, 30.0, 31.0, 32.0, 33.0, 34.0, 35.0, 36.0, 37.0, 38.0, 39.0, 40.0, 41.0, 42.0, 43.0, 44.0, 45.0, 46.0, 47.0, 48.0, 49.0, 50.0]], 'y': [[[100.0, 93.57418060302734, 87.70511627197266, 82.56008911132812, 76.00120544433594, 68.17066955566406, 60.585205078125, 53.968788146972656, 46.88432693481445, 40.14826965332031, 31.566682815551758, 23.938913345336914, 17.20537757873535, 11.482979774475098, 6.877945899963379, 3.709937572479248, 0.9781943559646606, 0.437380313873291, 0.11413577198982239, 0.007590607739984989, 0.0]], [[0.017504321411252022, 0.37514129281044006, 3.5205774307250977, 7.631520748138428, 10.610574722290039, 16.662302017211914, 20.04688835144043, 25.261089324951172, 28.979116439819336, 32.66187286376953, 35.84501266479492, 39.07516860961914, 42.51293182373047, 45.57652282714844, 48.06068801879883, 50.729515075683594, 53.06509780883789, 54.98576736450195, 56.69804382324219, 58.15931701660156, 59.99205017089844, 61.49223327636719, 62.629730224609375, 63.77194595336914, 65.40782165527344, 66.76427459716797, 68.33602142333984, 69.9707260131836, 72.0692367553711, 73.47132873535156, 74.4716796875, 76.78641510009766, 79.77143859863281, 81.3021469116211, 83.98482513427734, 85.96566009521484, 86.67776489257812, 88.5619888305664, 89.41319274902344, 90.64060974121094, 91.13632202148438, 92.64778900146484, 93.33049774169922, 94.20870208740234, 95.19100952148438, 96.07212829589844, 96.84291076660156, 97.77285766601562, 98.42945861816406, 98.95704650878906, 100.0]]], 'z': [38.4, 60.0], 'frames': 11001}, 'Camera Motion': {'x': [[0.0, 0.05, 0.1, 0.15000000000000002, 0.2, 0.25, 0.30000000000000004, 0.35000000000000003, 0.4, 0.45, 0.5, 0.55, 0.6000000000000001, 0.65, 0.7000000000000001, 0.75, 0.8, 0.8500000000000001, 0.9, 0.9500000000000001, 1.0], [0.0, 1.0, 2.0, 3.0, 4.0, 5.0, 6.0, 7.0, 8.0, 9.0, 10.0, 11.0, 12.0, 13.0, 14.0, 15.0, 16.0, 17.0, 18.0, 19.0, 20.0, 21.0, 22.0, 23.0, 24.0, 25.0, 26.0, 27.0, 28.0, 29.0, 30.0, 31.0, 32.0, 33.0, 34.0, 35.0, 36.0, 37.0, 38.0, 39.0, 40.0, 41.0, 42.0, 43.0, 44.0, 45.0, 46.0, 47.0, 48.0, 49.0, 50.0]], 'y': [[[100.0, 97.4827651977539, 95.82472229003906, 94.60193634033203, 93.25936889648438, 92.02301025390625, 90.70964813232422, 89.36892700195312, 86.31896209716797, 82.21868133544922, 76.98809814453125, 69.65508270263672, 58.44429016113281, 44.67823028564453, 33.73428726196289, 21.42896842956543, 11.582479476928711, 3.7098190784454346, 1.0417829751968384, 0.091436967253685, 0.0]], [[0.013845259323716164, 0.8333146572113037, 4.9419779777526855, 9.990030288696289, 15.141240119934082, 20.51479148864746, 25.962337493896484, 31.713998794555664, 36.553619384765625, 41.19211959838867, 45.52867126464844, 48.13568115234375, 50.976539611816406, 54.63749313354492, 57.44099426269531, 60.09968948364258, 62.27263259887695, 64.38029479980469, 66.35552978515625, 68.42393493652344, 70.52851867675781, 72.0938949584961, 74.1807861328125, 75.60779571533203, 77.18519592285156, 79.20455169677734, 80.42958068847656, 81.85986328125, 83.2711410522461, 84.17478942871094, 85.2279281616211, 86.31407928466797, 88.79419708251953, 89.65278625488281, 90.33613586425781, 91.0824966430664, 91.99161529541016, 92.64808654785156, 93.09032440185547, 93.67789459228516, 94.27100372314453, 94.78523254394531, 95.71723175048828, 96.44640350341797, 96.88883972167969, 97.65182495117188, 98.0451431274414, 98.36676788330078, 98.66712951660156, 99.37759399414062, 100.0]]], 'z': [59.2, 70.5], 'frames': 18427}, 'Deformation': {'x': [[0.0, 0.05, 0.1, 0.15000000000000002, 0.2, 0.25, 0.30000000000000004, 0.35000000000000003, 0.4, 0.45, 0.5, 0.55, 0.6000000000000001, 0.65, 0.7000000000000001, 0.75, 0.8, 0.8500000000000001, 0.9, 0.9500000000000001, 1.0], [0.0, 1.0, 2.0, 3.0, 4.0, 5.0, 6.0, 7.0, 8.0, 9.0, 10.0, 11.0, 12.0, 13.0, 14.0, 15.0, 16.0, 17.0, 18.0, 19.0, 20.0, 21.0, 22.0, 23.0, 24.0, 25.0, 26.0, 27.0, 28.0, 29.0, 30.0, 31.0, 32.0, 33.0, 34.0, 35.0, 36.0, 37.0, 38.0, 39.0, 40.0, 41.0, 42.0, 43.0, 44.0, 45.0, 46.0, 47.0, 48.0, 49.0, 50.0]], 'y': [[[100.0, 97.48180389404297, 95.67119598388672, 92.95178985595703, 89.74638366699219, 85.28251647949219, 81.67573547363281, 77.3704605102539, 72.01602172851562, 64.89232635498047, 55.3828239440918, 45.31338119506836, 34.369102478027344, 23.512739181518555, 14.12095832824707, 7.390925407409668, 3.396533489227295, 1.2021058797836304, 0.20846877992153168, 0.009426364675164223, 0.0]], [[0.04150388389825821, 0.7174969911575317, 3.100677013397217, 7.101069450378418, 11.84901237487793, 17.087568283081055, 22.165956497192383, 28.143341064453125, 33.870452880859375, 39.08583068847656, 45.3009033203125, 49.6096076965332, 53.36824035644531, 57.15724182128906, 60.21202850341797, 63.01184844970703, 65.78645324707031, 68.26783752441406, 70.30423736572266, 71.95278930664062, 73.9466323852539, 75.58036804199219, 77.16868591308594, 78.54788208007812, 79.95440673828125, 81.0722427368164, 82.79472351074219, 83.7173843383789, 84.80200958251953, 86.0643081665039, 87.26066589355469, 88.12626647949219, 89.11262512207031, 89.81886291503906, 90.50643157958984, 91.31290435791016, 92.10408020019531, 92.83512115478516, 93.37065124511719, 93.93179321289062, 94.44593048095703, 94.96961212158203, 95.40027618408203, 95.96897888183594, 96.65182495117188, 97.09173583984375, 97.59961700439453, 98.04959106445312, 99.15555572509766, 99.52275848388672, 100.0]]], 'z': [49.6, 73.9], 'frames': 69597}, 'Fast Motion': {'x': [[0.0, 0.05, 0.1, 0.15000000000000002, 0.2, 0.25, 0.30000000000000004, 0.35000000000000003, 0.4, 0.45, 0.5, 0.55, 0.6000000000000001, 0.65, 0.7000000000000001, 0.75, 0.8, 