{
    "AUC": 39.6,
    "Precision": 55.5,
    "FPS": 16.43,
    "attribution": "{'Occlusion': {'x': [[0.0, 0.05, 0.1, 0.15000000000000002, 0.2, 0.25, 0.30000000000000004, 0.35000000000000003, 0.4, 0.45, 0.5, 0.55, 0.6000000000000001, 0.65, 0.7000000000000001, 0.75, 0.8, 0.8500000000000001, 0.9, 0.9500000000000001, 1.0], [0.0, 1.0, 2.0, 3.0, 4.0, 5.0, 6.0, 7.0, 8.0, 9.0, 10.0, 11.0, 12.0, 13.0, 14.0, 15.0, 16.0, 17.0, 18.0, 19.0, 20.0, 21.0, 22.0, 23.0, 24.0, 25.0, 26.0, 27.0, 28.0, 29.0, 30.0, 31.0, 32.0, 33.0, 34.0, 35.0, 36.0, 37.0, 38.0, 39.0, 40.0, 41.0, 42.0, 43.0, 44.0, 45.0, 46.0, 47.0, 48.0, 49.0, 50.0]], 'y': [[[100.0, 98.20855712890625, 96.24544525146484, 94.40293884277344, 91.92389678955078, 89.37528991699219, 85.45305633544922, 80.90095520019531, 74.49851989746094, 67.22554016113281, 58.85936737060547, 49.690704345703125, 38.94334411621094, 28.64118766784668, 19.37066078186035, 11.300549507141113, 5.450742721557617, 2.084501028060913, 0.589702308177948, 0.18629090487957, 0.0]], [[0.42492687702178955, 2.1753392219543457, 6.733884811401367, 13.227605819702148, 20.66555404663086, 28.794904708862305, 34.795616149902344, 41.257713317871094, 46.24501037597656, 50.927181243896484, 55.05309295654297, 58.593082427978516, 61.64066696166992, 64.73967742919922, 67.11874389648438, 69.88251495361328, 72.0011978149414, 73.89505767822266, 75.48564147949219, 77.11614990234375, 78.8073501586914, 80.24473571777344, 81.58390045166016, 82.6132583618164, 83.69483184814453, 84.818359375, 85.86743927001953, 86.76658630371094, 87.75202178955078, 88.49410247802734, 89.31079864501953, 90.17424774169922, 91.04558563232422, 91.78277587890625, 92.61953735351562, 93.25135803222656, 93.82537078857422, 94.4554672241211, 94.980224609375, 95.52887725830078, 95.95824432373047, 96.49887084960938, 96.98480987548828, 97.34676361083984, 97.8248519897461, 98.31535339355469, 98.6357192993164, 98.90279388427734, 99.29182434082031, 99.6819076538086, 100.0]]], 'z': [52.1, 78.8], 'frames': 49834}, 'Out Of View': {'x': [[0.0, 0.05, 0.1, 0.15000000000000002, 0.2, 0.25, 0.30000000000000004, 0.35000000000000003, 0.4, 0.45, 0.5, 0.55, 0.6000000000000001, 0.65, 0.7000000000000001, 0.75, 0.8, 0.8500000000000001, 0.9, 0.9500000000000001, 1.0], [0.0, 1.0, 2.0, 3.0, 4.0, 5.0, 6.0, 7.0, 8.0, 9.0, 10.0, 11.0, 12.0, 13.0, 14.0, 15.0, 16.0, 17.0, 18.0, 19.0, 20.0, 21.0, 22.0, 23.0, 24.0, 25.0, 26.0, 27.0, 28.0, 29.0, 30.0, 31.0, 32.0, 33.0, 34.0, 35.0, 36.0, 37.0, 38.0, 39.0, 40.0, 41.0, 42.0, 43.0, 44.0, 45.0, 46.0, 47.0, 48.0, 49.0, 50.0]], 'y': [[[100.0, 95.7260971069336, 89.8927993774414, 86.06774139404297, 79.97178649902344, 74.30294799804688, 67.18869018554688, 58.07944107055664, 48.945098876953125, 42.04587173461914, 32.884521484375, 25.42584228515625, 18.453405380249023, 11.460548400878906, 7.520666599273682, 3.6373510360717773, 1.5351518392562866, 0.4626865088939667, 0.08307088166475296, 0.04900873079895973, 0.0]], [[0.0908752828836441, 1.1424742937088013, 4.117886543273926, 7.211227893829346, 10.94233512878418, 15.661343574523926, 18.74286651611328, 22.602689743041992, 26.277177810668945, 29.718347549438477, 32.36125183105469, 35.82884216308594, 38.49814224243164, 41.061954498291016, 46.436370849609375, 48.49240493774414, 50.580657958984375, 52.12303924560547, 54.107391357421875, 56.248451232910156, 57.48843002319336, 58.6435661315918, 60.227333068847656, 61.66606140136719, 63.347007751464844, 65.95459747314453, 67.6517333984375, 69.05963134765625, 70.42863464355469, 72.04109191894531, 73.26665496826172, 75.29692077636719, 77.06523132324219, 78.7188491821289, 79.92570495605469, 81.87446594238281, 83.10601806640625, 84.59918212890625, 87.33251953125, 88.87834167480469, 90.35978698730469, 91.82779693603516, 92.78829956054688, 94.32366943359375, 95.2505874633789, 95.87952423095703, 96.5224380493164, 97.36527252197266, 98.30977630615234, 99.3465805053711, 100.0]]], 'z': [40.2, 57.5], 'frames': 11001}, 'Camera Motion': {'x': [[0.0, 0.05, 0.1, 0.15000000000000002, 0.2, 0.25, 0.30000000000000004, 0.35000000000000003, 0.4, 0.45, 0.5, 0.55, 0.6000000000000001, 0.65, 0.7000000000000001, 0.75, 0.8, 0.8500000000000001, 0.9, 0.9500000000000001, 1.0], [0.0, 1.0, 2.0, 3.0, 4.0, 5.0, 6.0, 7.0, 8.0, 9.0, 10.0, 11.0, 12.0, 13.0, 14.0, 15.0, 16.0, 17.0, 18.0, 19.0, 20.0, 21.0, 22.0, 23.0, 24.0, 25.0, 26.0, 27.0, 28.0, 29.0, 30.0, 31.0, 32.0, 33.0, 34.0, 35.0, 36.0, 37.0, 38.0, 39.0, 40.0, 41.0, 42.0, 43.0, 44.0, 45.0, 46.0, 47.0, 48.0, 49.0, 50.0]], 'y': [[[100.0, 99.48519897460938, 99.08138275146484, 98.72058868408203, 97.10718536376953, 96.40581512451172, 95.22999572753906, 94.04949951171875, 91.21379852294922, 87.13896942138672, 81.29278564453125, 73.9867172241211, 62.18224334716797, 49.84956741333008, 37.87763214111328, 24.89797592163086, 13.620169639587402, 4.838111400604248, 1.507631778717041, 0.17520032823085785, 0.0]], [[0.03622468188405037, 1.6349424123764038, 5.258370876312256, 9.688420295715332, 14.053426742553711, 20.062124252319336, 26.21967124938965, 33.2354621887207, 36.96363067626953, 42.10016632080078, 46.50448989868164, 49.898921966552734, 53.978492736816406, 57.13599395751953, 60.699607849121094, 63.41897964477539, 66.1563720703125, 68.34663391113281, 70.27052307128906, 72.40408325195312, 74.33536529541016, 76.06391906738281, 78.18708038330078, 79.40773010253906, 81.32377624511719, 82.46971130371094, 84.0304183959961, 85.25408935546875, 86.41487121582031, 87.07475280761719, 88.33479309082031, 89.69062805175781, 90.48170471191406, 91.40049743652344, 92.12960815429688, 92.84538269042969, 93.34834289550781, 93.9250259399414, 94.70330810546875, 95.29712677001953, 95.9981460571289, 96.42552185058594, 96.75109100341797, 97.2177963256836, 98.13361358642578, 98.74278259277344, 99.02009582519531, 99.28453063964844, 99.5024185180664, 99.77092742919922, 100.0]]], 'z': [62.3, 74.3], 'frames': 18427}, 'Deformation': {'x': [[0.0, 0.05, 0.1, 0.15000000000000002, 0.2, 0.25, 0.30000000000000004, 0.35000000000000003, 0.4, 0.45, 0.5, 0.55, 0.6000000000000001, 0.65, 0.7000000000000001, 0.75, 0.8, 0.8500000000000001, 0.9, 0.9500000000000001, 1.0], [0.0, 1.0, 2.0, 3.0, 4.0, 5.0, 6.0, 7.0, 8.0, 9.0, 10.0, 11.0, 12.0, 13.0, 14.0, 15.0, 16.0, 17.0, 18.0, 19.0, 20.0, 21.0, 22.0, 23.0, 24.0, 25.0, 26.0, 27.0, 28.0, 29.0, 30.0, 31.0, 32.0, 33.0, 34.0, 35.0, 36.0, 37.0, 38.0, 39.0, 40.0, 41.0, 42.0, 43.0, 44.0, 45.0, 46.0, 47.0, 48.0, 49.0, 50.0]], 'y': [[[100.0, 99.12029266357422, 97.71171569824219, 96.02967834472656, 94.00123596191406, 91.79896545410156, 88.64140319824219, 84.17279052734375, 77.3404769897461, 69.49212646484375, 59.3834228515625, 48.83092498779297, 37.88158416748047, 26.499217987060547, 16.781017303466797, 9.335000991821289, 4.58612060546875, 1.821947455406189, 0.5173918604850769, 0.027782779186964035, 0.0]], [[0.07040684670209885, 1.0145320892333984, 3.6402783393859863, 8.339694023132324, 14.182129859924316, 21.269065856933594, 26.879722595214844, 33.54084014892578, 39.51426315307617, 44.78605270385742, 50.4911003112793, 55.4293327331543, 58.89082717895508, 62.522621154785156, 65.45638275146484, 68.25952911376953, 70.68083953857422, 72.88075256347656, 74.67050170898438, 76.3160400390625, 78.26528930664062, 79.75625610351562, 81.13690948486328, 82.20344543457031, 83.41456604003906, 84.5035400390625, 85.68453979492188, 86.91722106933594, 87.91958618164062, 88.81980895996094, 89.88703918457031, 90.62242126464844, 91.36659240722656, 92.28903198242188, 92.89335632324219, 93.5645751953125, 94.05109405517578, 94.82757568359375, 95.4118881225586, 95.90570068359375, 96.44798278808594, 96.95054626464844, 97.38333129882812, 97.76667022705078, 98.15345764160156, 98.43219757080078, 98.78353881835938, 99.0479507446289, 99.44207763671875, 99.71131134033203, 100.0]]], 'z': [52.6, 78.3], 'frames': 69597}, 'Fast Motion': {'x': [[0.0, 0.05, 0.1, 0.15000000000000002, 0.2, 0.25, 0.30000000000000004, 0.35000000000000003, 0.4, 0.45, 0.5, 0.55, 0.6000000000000001, 0.65, 0.7000000000000001, 0.75, 0.8, 