{
    "AUC": 39.2,
    "Precision": 54.2,
    "FPS": 27.07,
    "attribution": "{'Occlusion': {'x': [[0.0, 0.05, 0.1, 0.15000000000000002, 0.2, 0.25, 0.30000000000000004, 0.35000000000000003, 0.4, 0.45, 0.5, 0.55, 0.6000000000000001, 0.65, 0.7000000000000001, 0.75, 0.8, 0.8500000000000001, 0.9, 0.9500000000000001, 1.0], [0.0, 1.0, 2.0, 3.0, 4.0, 5.0, 6.0, 7.0, 8.0, 9.0, 10.0, 11.0, 12.0, 13.0, 14.0, 15.0, 16.0, 17.0, 18.0, 19.0, 20.0, 21.0, 22.0, 23.0, 24.0, 25.0, 26.0, 27.0, 28.0, 29.0, 30.0, 31.0, 32.0, 33.0, 34.0, 35.0, 36.0, 37.0, 38.0, 39.0, 40.0, 41.0, 42.0, 43.0, 44.0, 45.0, 46.0, 47.0, 48.0, 49.0, 50.0]], 'y': [[[100.0, 97.44364929199219, 95.56822967529297, 93.75464630126953, 91.70654296875, 89.64620208740234, 87.40052795410156, 84.48596954345703, 80.09222412109375, 74.38357543945312, 66.81005859375, 58.3057746887207, 47.21583557128906, 35.834068298339844, 25.37150001525879, 16.044286727905273, 8.397611618041992, 3.178074598312378, 0.812250554561615, 0.23770125210285187, 0.0]], [[0.5005583763122559, 2.7059574127197266, 8.513239860534668, 16.467575073242188, 24.532894134521484, 33.106689453125, 39.688716888427734, 46.56284713745117, 52.41023254394531, 57.53761672973633, 61.958648681640625, 65.18242645263672, 68.05116271972656, 70.96681213378906, 73.4205093383789, 75.37731170654297, 77.31033325195312, 78.84229278564453, 80.5014419555664, 82.21321868896484, 83.64525604248047, 85.18002319335938, 86.35453796386719, 87.37132263183594, 88.29527282714844, 89.38613891601562, 90.12738037109375, 91.02311706542969, 91.83488464355469, 92.5551528930664, 93.29452514648438, 94.01651000976562, 94.52198791503906, 95.15330505371094, 95.73361206054688, 96.19790649414062, 96.66809844970703, 96.89019012451172, 97.24541473388672, 97.52754974365234, 97.84839630126953, 98.05120849609375, 98.32138061523438, 98.55104064941406, 98.80662536621094, 99.04133605957031, 99.23633575439453, 99.45763397216797, 99.64019775390625, 99.7862548828125, 100.0]]], 'z': [55.1, 83.6], 'frames': 49834}, 'Out Of View': {'x': [[0.0, 0.05, 0.1, 0.15000000000000002, 0.2, 0.25, 0.30000000000000004, 0.35000000000000003, 0.4, 0.45, 0.5, 0.55, 0.6000000000000001, 0.65, 0.7000000000000001, 0.75, 0.8, 0.8500000000000001, 0.9, 0.9500000000000001, 1.0], [0.0, 1.0, 2.0, 3.0, 4.0, 5.0, 6.0, 7.0, 8.0, 9.0, 10.0, 11.0, 12.0, 13.0, 14.0, 15.0, 16.0, 17.0, 18.0, 19.0, 20.0, 21.0, 22.0, 23.0, 24.0, 25.0, 26.0, 27.0, 28.0, 29.0, 30.0, 31.0, 32.0, 33.0, 34.0, 35.0, 36.0, 37.0, 38.0, 39.0, 40.0, 41.0, 42.0, 43.0, 44.0, 45.0, 46.0, 47.0, 48.0, 49.0, 50.0]], 'y': [[[100.0, 92.48795318603516, 85.8350601196289, 81.156494140625, 74.61558532714844, 69.50102233886719, 63.845645904541016, 58.74363327026367, 52.694332122802734, 45.50294494628906, 38.853092193603516, 30.574073791503906, 23.434921264648438, 16.714956283569336, 10.378861427307129, 5.5297651290893555, 2.21734356880188, 0.7229844927787781, 0.26039212942123413, 0.0077683087438344955, 0.0]], [[0.08615444600582123, 1.53253972530365, 4.165676593780518, 8.660307884216309, 13.850712776184082, 19.997278213500977, 25.38909339904785, 30.102344512939453, 34.1610221862793, 37.722023010253906, 42.29969024658203, 45.1616096496582, 48.994529724121094, 52.67267990112305, 56.253780364990234, 58.47298049926758, 61.34768295288086, 62.975616455078125, 66.38568878173828, 67.6815185546875, 69.35322570800781, 71.21000671386719, 72.62155151367188, 74.24564361572266, 75.04545593261719, 76.39498138427734, 77.52764892578125, 78.87460327148438, 80.23799133300781, 81.54490661621094, 82.51382446289062, 84.01789093017578, 85.15213775634766, 85.99714660644531, 86.9504165649414, 87.56840515136719, 88.52518463134766, 90.51043701171875, 91.2225341796875, 91.91702270507812, 93.45398712158203, 93.8937759399414, 94.44087219238281, 95.05213928222656, 95.6296615600586, 96.39688110351562, 96.73970031738281, 97.46613311767578, 98.39402770996094, 98.91142272949219, 100.0]]], 'z': [40.6, 69.4], 'frames': 11001}, 'Camera Motion': {'x': [[0.0, 0.05, 0.1, 0.15000000000000002, 0.2, 0.25, 0.30000000000000004, 0.35000000000000003, 0.4, 0.45, 0.5, 0.55, 0.6000000000000001, 0.65, 0.7000000000000001, 0.75, 0.8, 0.8500000000000001, 0.9, 0.9500000000000001, 1.0], [0.0, 1.0, 2.0, 3.0, 4.0, 5.0, 6.0, 7.0, 8.0, 9.0, 10.0, 11.0, 12.0, 13.0, 14.0, 15.0, 16.0, 17.0, 18.0, 19.0, 20.0, 21.0, 22.0, 23.0, 24.0, 25.0, 26.0, 27.0, 28.0, 29.0, 30.0, 31.0, 32.0, 33.0, 34.0, 35.0, 36.0, 37.0, 38.0, 39.0, 40.0, 41.0, 42.0, 43.0, 44.0, 45.0, 46.0, 47.0, 48.0, 49.0, 50.0]], 'y': [[[100.0, 97.82059478759766, 96.41858673095703, 95.62128448486328, 95.2051773071289, 94.70988464355469, 93.92902374267578, 92.85806274414062, 91.04814147949219, 88.06788635253906, 83.21289825439453, 76.4309310913086, 66.3177719116211, 54.55216598510742, 40.884918212890625, 27.850902557373047, 14.781734466552734, 7.021085262298584, 2.2304329872131348, 0.20301300287246704, 0.0]], [[0.17961132526397705, 1.4574309587478638, 4.684726715087891, 9.114194869995117, 14.179170608520508, 20.443279266357422, 26.974123001098633, 32.625083923339844, 38.28171920776367, 42.45630645751953, 46.344642639160156, 49.66020584106445, 52.75163650512695, 55.55415344238281, 58.584014892578125, 61.20783615112305, 63.80402374267578, 66.41374969482422, 68.59600830078125, 70.81170654296875, 72.59500122070312, 74.74313354492188, 76.4199447631836, 78.17552947998047, 79.47573852539062, 81.35858917236328, 82.60215759277344, 83.68272399902344, 84.77354431152344, 86.86361694335938, 87.80491638183594, 89.26136016845703, 90.25877380371094, 90.90607452392578, 91.56200408935547, 92.03691101074219, 92.56259155273438, 93.78173828125, 94.47821044921875, 94.95750427246094, 95.50224304199219, 96.6293716430664, 96.95315551757812, 97.31102752685547, 97.58989715576172, 97.82659149169922, 98.05818176269531, 98.49634552001953, 99.06575012207031, 99.86888885498047, 100.0]]], 'z': [62.8, 72.6], 'frames': 18427}, 'Deformation': {'x': [[0.0, 0.05, 0.1, 0.15000000000000002, 0.2, 0.25, 0.30000000000000004, 0.35000000000000003, 0.4, 0.45, 0.5, 0.55, 0.6000000000000001, 0.65, 0.7000000000000001, 0.75, 0.8, 0.8500000000000001, 0.9, 0.9500000000000001, 1.0], [0.0, 1.0, 2.0, 3.0, 4.0, 5.0, 6.0, 7.0, 8.0, 9.0, 10.0, 11.0, 12.0, 13.0, 14.0, 15.0, 16.0, 17.0, 18.0, 19.0, 20.0, 21.0, 22.0, 23.0, 24.0, 25.0, 26.0, 27.0, 28.0, 29.0, 30.0, 31.0, 32.0, 33.0, 34.0, 35.0, 36.0, 37.0, 38.0, 39.0, 40.0, 41.0, 42.0, 43.0, 44.0, 45.0, 46.0, 47.0, 48.0, 49.0, 50.0]], 'y': [[[100.0, 97.67778778076172, 96.46961975097656, 95.21875, 94.1293716430664, 91.33819580078125, 89.49445343017578, 86.22757720947266, 80.81953430175781, 74.24463653564453, 64.7255630493164, 54.70112991333008, 42.772605895996094, 31.446727752685547, 21.046886444091797, 12.988551139831543, 6.46593713760376, 2.5145106315612793, 0.8047022819519043, 0.08477497100830078, 0.0]], [[0.09962105005979538, 1.233002781867981, 4.182701587677002, 9.419269561767578, 15.894267082214355, 23.276826858520508, 29.845306396484375, 36.59349060058594, 42.776790618896484, 49.00949478149414, 54.31739044189453, 58.23606872558594, 61.635704040527344, 64.75621795654297, 67.52454376220703, 70.18449401855469, 72.2823715209961, 74.53631591796875, 76.37431335449219, 78.00981140136719, 79.5462646484375, 80.99945831298828, 82.63298034667969, 83.90978240966797, 85.26296997070312, 86.45667266845703, 87.79962921142578, 88.53548431396484, 89.33905792236328, 90.34033203125, 91.03141021728516, 92.10269927978516, 92.78704833984375, 93.35579681396484, 93.92533874511719, 94.43059539794922, 94.8950424194336, 95.287353515625, 95.77944946289062, 96.23199462890625, 96.78515625, 97.04326629638672, 97.3433837890625, 97.66070556640625, 97.94202423095703, 98.1427001953125, 98.4193115234375, 98.61384582519531, 98.85388946533203, 99.72110748291016, 100.0]]], 'z': [54.4, 79.5], 'frames': 69597}, 'Fast Motion': {'x': [[0.0, 0.05, 0.1, 0.15000000000000002, 0.2, 0.25, 0.30000000000000004, 0.35000000000000003, 0.4, 0.45, 0.5, 0.55, 0.6000000000000001, 0.65, 0.7000000000000001, 0.75, 0.8, 0.8500000000000001, 0.9, 