{
    "AUC": 32.5,
    "Precision": 46.8,
    "FPS": -1,
    "attribution": "{'Occlusion': {'x': [[0.0, 0.05, 0.1, 0.15000000000000002, 0.2, 0.25, 0.30000000000000004, 0.35000000000000003, 0.4, 0.45, 0.5, 0.55, 0.6000000000000001, 0.65, 0.7000000000000001, 0.75, 0.8, 0.8500000000000001, 0.9, 0.9500000000000001, 1.0], [0.0, 1.0, 2.0, 3.0, 4.0, 5.0, 6.0, 7.0, 8.0, 9.0, 10.0, 11.0, 12.0, 13.0, 14.0, 15.0, 16.0, 17.0, 18.0, 19.0, 20.0, 21.0, 22.0, 23.0, 24.0, 25.0, 26.0, 27.0, 28.0, 29.0, 30.0, 31.0, 32.0, 33.0, 34.0, 35.0, 36.0, 37.0, 38.0, 39.0, 40.0, 41.0, 42.0, 43.0, 44.0, 45.0, 46.0, 47.0, 48.0, 49.0, 50.0]], 'y': [[[100.0, 96.57833099365234, 92.56588745117188, 88.837890625, 85.11473846435547, 82.05229949951172, 78.0270004272461, 73.46659851074219, 67.1131820678711, 59.873592376708984, 49.9150505065918, 40.41217041015625, 30.335803985595703, 21.688474655151367, 14.564105987548828, 8.230668067932129, 4.317156791687012, 1.692713975906372, 0.45898786187171936, 0.2289036065340042, 0.0]], [[0.4200897514820099, 2.4165098667144775, 7.314659595489502, 14.38248348236084, 20.423093795776367, 26.990446090698242, 32.940982818603516, 39.445499420166016, 44.08565902709961, 48.019046783447266, 51.637733459472656, 54.517704010009766, 57.436161041259766, 59.56484603881836, 61.57772445678711, 63.478424072265625, 65.29285430908203, 67.4927978515625, 69.29493713378906, 70.88655853271484, 72.47039031982422, 73.9732666015625, 75.62994384765625, 76.9764633178711, 78.29328918457031, 79.71509552001953, 81.07282257080078, 82.25482177734375, 83.3371353149414, 84.22722625732422, 85.2985610961914, 86.15840911865234, 87.11406707763672, 88.19268798828125, 89.06192779541016, 89.91204833984375, 90.71898651123047, 91.55029296875, 92.27484130859375, 93.11238861083984, 93.67623901367188, 94.2614974975586, 94.93546295166016, 95.7474365234375, 96.43359375, 97.07482147216797, 97.6611328125, 98.2343521118164, 98.92496490478516, 99.3954849243164, 100.0]]], 'z': [47.4, 72.5], 'frames': 49834}, 'Out Of View': {'x': [[0.0, 0.05, 0.1, 0.15000000000000002, 0.2, 0.25, 0.30000000000000004, 0.35000000000000003, 0.4, 0.45, 0.5, 0.55, 0.6000000000000001, 0.65, 0.7000000000000001, 0.75, 0.8, 0.8500000000000001, 0.9, 0.9500000000000001, 1.0], [0.0, 1.0, 2.0, 3.0, 4.0, 5.0, 6.0, 7.0, 8.0, 9.0, 10.0, 11.0, 12.0, 13.0, 14.0, 15.0, 16.0, 17.0, 18.0, 19.0, 20.0, 21.0, 22.0, 23.0, 24.0, 25.0, 26.0, 27.0, 28.0, 29.0, 30.0, 31.0, 32.0, 33.0, 34.0, 35.0, 36.0, 37.0, 38.0, 39.0, 40.0, 41.0, 42.0, 43.0, 44.0, 45.0, 46.0, 47.0, 48.0, 49.0, 50.0]], 'y': [[[100.0, 91.64542388916016, 86.11349487304688, 80.34127044677734, 74.2913589477539, 66.0897216796875, 59.033756256103516, 49.72039031982422, 39.60521697998047, 32.214786529541016, 22.819618225097656, 16.448740005493164, 12.3325777053833, 8.54309368133545, 4.841128349304199, 2.3966898918151855, 1.0324217081069946, 0.1492401510477066, 0.07521286606788635, 0.008721786551177502, 0.0]], [[0.03526001051068306, 0.6856513023376465, 4.055705547332764, 7.153428554534912, 10.158700942993164, 15.127007484436035, 19.6003475189209, 22.829561233520508, 26.07938575744629, 28.705995559692383, 32.47166061401367, 36.3436393737793, 38.82801055908203, 40.9799690246582, 45.002689361572266, 47.02565383911133, 48.86182403564453, 50.848323822021484, 52.160770416259766, 53.73294448852539, 56.194740295410156, 58.113067626953125, 59.75677490234375, 60.95641326904297, 61.87309646606445, 63.71776580810547, 66.16514587402344, 67.84320831298828, 69.65834045410156, 70.564208984375, 71.76659393310547, 72.95403289794922, 74.24491119384766, 76.94709777832031, 78.06934356689453, 79.98321533203125, 80.71870422363281, 81.66173553466797, 82.79316711425781, 87.30345153808594, 88.85352325439453, 89.43446350097656, 90.74398040771484, 91.63092041015625, 92.50128173828125, 93.1510009765625, 96.50910949707031, 97.89737701416016, 98.37538146972656, 99.35003662109375, 100.0]]], 'z': [35.6, 56.2], 'frames': 11001}, 'Camera Motion': {'x': [[0.0, 0.05, 0.1, 0.15000000000000002, 0.2, 0.25, 0.30000000000000004, 0.35000000000000003, 0.4, 0.45, 0.5, 0.55, 0.6000000000000001, 0.65, 0.7000000000000001, 0.75, 0.8, 0.8500000000000001, 0.9, 0.9500000000000001, 1.0], [0.0, 1.0, 2.0, 3.0, 4.0, 5.0, 6.0, 7.0, 8.0, 9.0, 10.0, 11.0, 12.0, 13.0, 14.0, 15.0, 16.0, 17.0, 18.0, 19.0, 20.0, 21.0, 22.0, 23.0, 24.0, 25.0, 26.0, 27.0, 28.0, 29.0, 30.0, 31.0, 32.0, 33.0, 34.0, 35.0, 36.0, 37.0, 38.0, 39.0, 40.0, 41.0, 42.0, 43.0, 44.0, 45.0, 46.0, 47.0, 48.0, 49.0, 50.0]], 'y': [[[100.0, 97.55741119384766, 96.4150161743164, 94.99575805664062, 94.13774871826172, 93.30745697021484, 91.7138671875, 89.70569610595703, 87.32717895507812, 84.69534301757812, 79.47215270996094, 71.55882263183594, 59.27288055419922, 45.21989059448242, 32.892784118652344, 19.163162231445312, 10.335075378417969, 3.9209649562835693, 0.8491261005401611, 0.044637490063905716, 0.0]], [[0.036371488124132156, 2.0825788974761963, 4.557354927062988, 7.870609283447266, 11.837967872619629, 18.833770751953125, 23.518659591674805, 28.777027130126953, 33.29989242553711, 37.03765869140625, 41.29642105102539, 45.45348358154297, 48.87347412109375, 51.876747131347656, 54.005615234375, 57.15328598022461, 60.653472900390625, 63.250404357910156, 65.3935317993164, 67.8918685913086, 70.82437896728516, 72.2857894897461, 74.597412109375, 75.99657440185547, 77.32415008544922, 78.96939849853516, 80.4669189453125, 82.2229232788086, 83.12699127197266, 84.26138305664062, 85.58195495605469, 86.6341323852539, 87.25741577148438, 88.02021026611328, 89.44735717773438, 90.59332275390625, 92.730712890625, 93.8215560913086, 94.60655212402344, 95.26527404785156, 95.76801300048828, 96.29256439208984, 96.66915130615234, 97.05073547363281, 97.62953186035156, 98.04153442382812, 98.43925476074219, 98.8366928100586, 99.30957794189453, 99.63070678710938, 100.0]]], 'z': [59.6, 70.8], 'frames': 18427}, 'Deformation': {'x': [[0.0, 0.05, 0.1, 0.15000000000000002, 0.2, 0.25, 0.30000000000000004, 0.35000000000000003, 0.4, 0.45, 0.5, 0.55, 0.6000000000000001, 0.65, 0.7000000000000001, 0.75, 0.8, 0.8500000000000001, 0.9, 0.9500000000000001, 1.0], [0.0, 1.0, 2.0, 3.0, 4.0, 5.0, 6.0, 7.0, 8.0, 9.0, 10.0, 11.0, 12.0, 13.0, 14.0, 15.0, 16.0, 17.0, 18.0, 19.0, 20.0, 21.0, 22.0, 23.0, 24.0, 25.0, 26.0, 27.0, 28.0, 29.0, 30.0, 31.0, 32.0, 33.0, 34.0, 35.0, 36.0, 37.0, 38.0, 39.0, 40.0, 41.0, 42.0, 43.0, 44.0, 45.0, 46.0, 47.0, 48.0, 49.0, 50.0]], 'y': [[[100.0, 96.66798400878906, 94.32720184326172, 92.67479705810547, 91.00312805175781, 88.4984359741211, 85.05854034423828, 80.8353042602539, 73.95048522949219, 65.44844818115234, 55.71393966674805, 43.75543975830078, 32.0272102355957, 22.820758819580078, 14.951449394226074, 8.50009536743164, 4.280092716217041, 1.7346004247665405, 0.3120306432247162, 0.013502329587936401, 0.0]], [[0.07710575312376022, 1.143044352531433, 3.949883460998535, 8.47815990447998, 14.046892166137695, 20.920440673828125, 26.616191864013672, 34.19326400756836, 39.44414520263672, 45.3619384765625, 50.69256591796875, 54.6259765625, 58.06732177734375, 61.38447952270508, 63.94313049316406, 66.29029846191406, 68.6240234375, 70.59281158447266, 72.47180938720703, 74.22238159179688, 76.09049987792969, 77.47046661376953, 78.84298706054688, 80.18375396728516, 81.24671936035156, 82.5864486694336, 83.9044418334961, 84.9787368774414, 85.85645294189453, 86.7430419921875, 88.26728820800781, 89.24601745605469, 90.03097534179688, 90.91182708740234, 91.62290954589844, 92.34407806396484, 93.02543640136719, 93.55731201171875, 94.14910888671875, 94.69702911376953, 95.17112731933594, 95.67094421386719, 96.11034393310547, 96.67708587646484, 97.0464859008789, 97.4801025390625, 97.85114288330078, 98.17778778076172, 99.35355377197266, 99.67385864257812, 100.0]]], 'z': [50.1, 76.1], 'frames': 69597}, 'Fast Motion': {'x': [[0.0, 0.05, 0.1, 0.15000000000000002, 0.2, 0.25, 0.30000000000000004, 0.35000000000000003, 0.4, 0.45, 0.5, 0.55, 0.6000000000000001, 0.65, 0.7000000000000001, 0.75, 0.8, 0.8500000000000001, 0.9, 