{
    "AUC": 40.1,
    "Precision": 54.5,
    "FPS": 49.16,
    "attribution": "{'Occlusion': {'x': [[0.0, 0.05, 0.1, 0.15000000000000002, 0.2, 0.25, 0.30000000000000004, 0.35000000000000003, 0.4, 0.45, 0.5, 0.55, 0.6000000000000001, 0.65, 0.7000000000000001, 0.75, 0.8, 0.8500000000000001, 0.9, 0.9500000000000001, 1.0], [0.0, 1.0, 2.0, 3.0, 4.0, 5.0, 6.0, 7.0, 8.0, 9.0, 10.0, 11.0, 12.0, 13.0, 14.0, 15.0, 16.0, 17.0, 18.0, 19.0, 20.0, 21.0, 22.0, 23.0, 24.0, 25.0, 26.0, 27.0, 28.0, 29.0, 30.0, 31.0, 32.0, 33.0, 34.0, 35.0, 36.0, 37.0, 38.0, 39.0, 40.0, 41.0, 42.0, 43.0, 44.0, 45.0, 46.0, 47.0, 48.0, 49.0, 50.0]], 'y': [[[100.0, 97.24713897705078, 95.42838287353516, 93.68658447265625, 91.6883316040039, 90.04204559326172, 87.93450927734375, 85.15644073486328, 80.94573974609375, 76.21349334716797, 69.92387390136719, 62.07501220703125, 51.74025344848633, 39.860511779785156, 28.3264217376709, 17.34223747253418, 8.743062019348145, 3.414442300796509, 1.0071685314178467, 0.21197952330112457, 0.0]], [[0.3827759325504303, 2.6653757095336914, 7.332272052764893, 14.937417030334473, 22.818571090698242, 31.82600975036621, 38.74162292480469, 45.97798538208008, 51.932640075683594, 56.46767044067383, 60.717994689941406, 64.50719451904297, 67.59162139892578, 70.45482635498047, 73.28880310058594, 75.3388671875, 77.2911148071289, 79.02973175048828, 80.6246566772461, 82.12271118164062, 83.57366943359375, 84.97450256347656, 86.00562286376953, 87.03695678710938, 87.87158966064453, 88.86466979980469, 89.76504516601562, 90.68234252929688, 91.53963470458984, 92.31702423095703, 92.97843170166016, 93.609130859375, 94.15969848632812, 94.69197082519531, 95.19134521484375, 95.65027618408203, 96.0622787475586, 96.41885375976562, 96.78394317626953, 97.06089782714844, 97.39486694335938, 97.69983673095703, 97.92036437988281, 98.26438903808594, 98.53614807128906, 98.8505630493164, 99.08987426757812, 99.35157012939453, 99.55591583251953, 99.75762176513672, 100.0]]], 'z': [56.2, 83.6], 'frames': 49834}, 'Out Of View': {'x': [[0.0, 0.05, 0.1, 0.15000000000000002, 0.2, 0.25, 0.30000000000000004, 0.35000000000000003, 0.4, 0.45, 0.5, 0.55, 0.6000000000000001, 0.65, 0.7000000000000001, 0.75, 0.8, 0.8500000000000001, 0.9, 0.9500000000000001, 1.0], [0.0, 1.0, 2.0, 3.0, 4.0, 5.0, 6.0, 7.0, 8.0, 9.0, 10.0, 11.0, 12.0, 13.0, 14.0, 15.0, 16.0, 17.0, 18.0, 19.0, 20.0, 21.0, 22.0, 23.0, 24.0, 25.0, 26.0, 27.0, 28.0, 29.0, 30.0, 31.0, 32.0, 33.0, 34.0, 35.0, 36.0, 37.0, 38.0, 39.0, 40.0, 41.0, 42.0, 43.0, 44.0, 45.0, 46.0, 47.0, 48.0, 49.0, 50.0]], 'y': [[[100.0, 88.84423828125, 80.1834945678711, 75.51227569580078, 69.35157775878906, 64.79426574707031, 59.102725982666016, 54.374908447265625, 48.6773796081543, 40.831787109375, 35.03324508666992, 28.136184692382812, 21.716026306152344, 15.761014938354492, 9.87351131439209, 5.564974784851074, 2.065593957901001, 0.7186722755432129, 0.10970807820558548, 0.014993811957538128, 0.0]], [[0.03969406709074974, 0.8122925758361816, 2.6395888328552246, 9.573151588439941, 14.349976539611816, 21.281009674072266, 26.456863403320312, 31.129568099975586, 35.15447235107422, 41.177467346191406, 45.97753143310547, 50.401973724365234, 53.27349853515625, 55.86119842529297, 58.89261245727539, 60.82818603515625, 62.7026481628418, 67.09772491455078, 68.2213134765625, 70.57890319824219, 72.28197479248047, 74.80735778808594, 75.58807373046875, 76.66856384277344, 77.94038391113281, 79.19524383544922, 79.95726776123047, 81.13233947753906, 81.9259262084961, 83.08770751953125, 84.07533264160156, 85.30255889892578, 86.4251708984375, 88.06048583984375, 88.9615478515625, 89.74846649169922, 90.82833862304688, 91.57992553710938, 92.26129150390625, 93.07464599609375, 93.86778259277344, 94.46915435791016, 95.6990737915039, 96.30387878417969, 96.73534393310547, 97.05636596679688, 97.55091094970703, 97.92534637451172, 98.70640563964844, 99.32893371582031, 100.0]]], 'z': [38.1, 72.3], 'frames': 11001}, 'Camera Motion': {'x': [[0.0, 0.05, 0.1, 0.15000000000000002, 0.2, 0.25, 0.30000000000000004, 0.35000000000000003, 0.4, 0.45, 0.5, 0.55, 0.6000000000000001, 0.65, 0.7000000000000001, 0.75, 0.8, 0.8500000000000001, 0.9, 0.9500000000000001, 1.0], [0.0, 1.0, 2.0, 3.0, 4.0, 5.0, 6.0, 7.0, 8.0, 9.0, 10.0, 11.0, 12.0, 13.0, 14.0, 15.0, 16.0, 17.0, 18.0, 19.0, 20.0, 21.0, 22.0, 23.0, 24.0, 25.0, 26.0, 27.0, 28.0, 29.0, 30.0, 31.0, 32.0, 33.0, 34.0, 35.0, 36.0, 37.0, 38.0, 39.0, 40.0, 41.0, 42.0, 43.0, 44.0, 45.0, 46.0, 47.0, 48.0, 49.0, 50.0]], 'y': [[[100.0, 96.67145538330078, 95.4127197265625, 94.83085632324219, 93.87933349609375, 93.30142974853516, 92.4583740234375, 91.43667602539062, 89.44459533691406, 86.993896484375, 82.06817626953125, 76.59640502929688, 65.73101806640625, 55.45317077636719, 42.5205192565918, 28.973209381103516, 15.2606201171875, 6.618261337280273, 1.8401691913604736, 0.1250659078359604, 0.0]], [[0.019165456295013428, 1.8688009977340698, 4.631474018096924, 10.66934871673584, 15.444235801696777, 21.455516815185547, 27.835098266601562, 33.993011474609375, 38.45387268066406, 43.13389205932617, 47.58971405029297, 51.59498596191406, 54.73521423339844, 57.47199249267578, 60.32416915893555, 62.62834167480469, 65.1861572265625, 67.6986312866211, 70.00379943847656, 71.97845458984375, 74.96723175048828, 76.54059600830078, 79.40254974365234, 80.90672302246094, 82.14561462402344, 83.49032592773438, 84.60674285888672, 85.73262023925781, 87.02090454101562, 88.3369140625, 89.27444458007812, 90.33512878417969, 90.97602081298828, 91.67938232421875, 92.24858856201172, 92.76007080078125, 94.1216049194336, 94.95982360839844, 95.89861297607422, 96.31745910644531, 96.66519927978516, 97.03247833251953, 97.32090759277344, 98.0469970703125, 98.36614227294922, 98.58587646484375, 98.82465362548828, 99.00797271728516, 99.27633666992188, 99.53289031982422, 100.0]]], 'z': [62.4, 75.0], 'frames': 18427}, 'Deformation': {'x': [[0.0, 0.05, 0.1, 0.15000000000000002, 0.2, 0.25, 0.30000000000000004, 0.35000000000000003, 0.4, 0.45, 0.5, 0.55, 0.6000000000000001, 0.65, 0.7000000000000001, 0.75, 0.8, 0.8500000000000001, 0.9, 0.9500000000000001, 1.0], [0.0, 1.0, 2.0, 3.0, 4.0, 5.0, 6.0, 7.0, 8.0, 9.0, 10.0, 11.0, 12.0, 13.0, 14.0, 15.0, 16.0, 17.0, 18.0, 19.0, 20.0, 21.0, 22.0, 23.0, 24.0, 25.0, 26.0, 27.0, 28.0, 29.0, 30.0, 31.0, 32.0, 33.0, 34.0, 35.0, 36.0, 37.0, 38.0, 39.0, 40.0, 41.0, 42.0, 43.0, 44.0, 45.0, 46.0, 47.0, 48.0, 49.0, 50.0]], 'y': [[[100.0, 96.6049575805664, 95.34059143066406, 94.16150665283203, 91.84280395507812, 90.4450912475586, 88.16492462158203, 85.76123809814453, 81.90933990478516, 75.72903442382812, 67.5243148803711, 57.92702865600586, 45.4538688659668, 33.335636138916016, 22.345718383789062, 13.080842971801758, 6.5354390144348145, 2.5950605869293213, 0.7709673047065735, 0.09539459645748138, 0.0]], [[0.09905284643173218, 1.164687156677246, 3.8872275352478027, 8.972084045410156, 14.827873229980469, 22.166574478149414, 28.83794593811035, 35.869834899902344, 42.9645881652832, 49.08433151245117, 53.95447540283203, 58.29555892944336, 61.954368591308594, 65.54840850830078, 68.34525299072266, 70.9618911743164, 73.62068939208984, 75.69830322265625, 77.28604125976562, 79.06138610839844, 80.8343734741211, 82.17208862304688, 83.66531372070312, 84.67572784423828, 85.93980407714844, 87.01504516601562, 88.10773468017578, 88.93558502197266, 90.04206848144531, 90.80711364746094, 91.41895294189453, 92.42255401611328, 93.25540924072266, 93.92529296875, 94.47589874267578, 95.06768798828125, 95.71797943115234, 96.21058654785156, 96.7148208618164, 97.1511459350586, 97.48143768310547, 97.81649017333984, 98.060302734375, 98.38394165039062, 98.61406707763672, 98.8382568359375, 99.05493927001953, 99.27729034423828, 99.5081558227539, 99.74871063232422, 100.0]]], 'z': [54.7, 80.8], 'frames': 69597}, 'Fast Motion': {'x': [[0.0, 0.05, 0.1, 0.15000000000000002, 0.2, 0.25, 0.30000000000000004, 0.35000000000000003, 0.4, 0.45, 0.5, 0.55, 0.6000000000000001, 0.65, 0.7000000000000001, 0.75, 0.8, 0.8500000000000001, 0.9, 