{
    "AUC": 36.2,
    "Precision": 53.7,
    "FPS": 29.59,
    "attribution": "{'Occlusion': {'x': [[0.0, 0.05, 0.1, 0.15000000000000002, 0.2, 0.25, 0.30000000000000004, 0.35000000000000003, 0.4, 0.45, 0.5, 0.55, 0.6000000000000001, 0.65, 0.7000000000000001, 0.75, 0.8, 0.8500000000000001, 0.9, 0.9500000000000001, 1.0], [0.0, 1.0, 2.0, 3.0, 4.0, 5.0, 6.0, 7.0, 8.0, 9.0, 10.0, 11.0, 12.0, 13.0, 14.0, 15.0, 16.0, 17.0, 18.0, 19.0, 20.0, 21.0, 22.0, 23.0, 24.0, 25.0, 26.0, 27.0, 28.0, 29.0, 30.0, 31.0, 32.0, 33.0, 34.0, 35.0, 36.0, 37.0, 38.0, 39.0, 40.0, 41.0, 42.0, 43.0, 44.0, 45.0, 46.0, 47.0, 48.0, 49.0, 50.0]], 'y': [[[100.0, 98.54060363769531, 96.40122985839844, 94.0444564819336, 90.8674087524414, 86.7287826538086, 81.64209747314453, 74.96712493896484, 66.50236511230469, 57.98861312866211, 49.33615493774414, 40.50117874145508, 31.276866912841797, 22.979324340820312, 15.448951721191406, 9.685524940490723, 4.9004316329956055, 2.2451915740966797, 0.6657115817070007, 0.17611804604530334, 0.0]], [[0.36198627948760986, 2.0338571071624756, 6.906522274017334, 13.533552169799805, 20.098596572875977, 28.605253219604492, 34.76556396484375, 41.87904739379883, 47.28789520263672, 52.38987731933594, 56.75312423706055, 60.18815612792969, 63.29635238647461, 66.31631469726562, 68.64872741699219, 71.16494750976562, 73.42064666748047, 75.74111938476562, 77.30189514160156, 79.02474975585938, 80.64700317382812, 81.94816589355469, 83.38679504394531, 84.49151611328125, 85.63400268554688, 86.60810852050781, 87.44737243652344, 88.4640884399414, 89.27229309082031, 90.28089904785156, 91.1751480102539, 91.79055786132812, 92.53520202636719, 93.0195541381836, 93.54429626464844, 94.10387420654297, 94.60861206054688, 95.1963119506836, 95.70076751708984, 96.25556182861328, 96.69872283935547, 97.08228302001953, 97.44347381591797, 97.80458068847656, 98.11042022705078, 98.54005432128906, 98.82433319091797, 99.06409454345703, 99.37561798095703, 99.73238372802734, 100.0]]], 'z': [48.8, 80.6], 'frames': 49834}, 'Out Of View': {'x': [[0.0, 0.05, 0.1, 0.15000000000000002, 0.2, 0.25, 0.30000000000000004, 0.35000000000000003, 0.4, 0.45, 0.5, 0.55, 0.6000000000000001, 0.65, 0.7000000000000001, 0.75, 0.8, 0.8500000000000001, 0.9, 0.9500000000000001, 1.0], [0.0, 1.0, 2.0, 3.0, 4.0, 5.0, 6.0, 7.0, 8.0, 9.0, 10.0, 11.0, 12.0, 13.0, 14.0, 15.0, 16.0, 17.0, 18.0, 19.0, 20.0, 21.0, 22.0, 23.0, 24.0, 25.0, 26.0, 27.0, 28.0, 29.0, 30.0, 31.0, 32.0, 33.0, 34.0, 35.0, 36.0, 37.0, 38.0, 39.0, 40.0, 41.0, 42.0, 43.0, 44.0, 45.0, 46.0, 47.0, 48.0, 49.0, 50.0]], 'y': [[[100.0, 92.43795013427734, 84.00359344482422, 77.13530731201172, 68.53507232666016, 59.207923889160156, 50.277191162109375, 42.25634765625, 34.655704498291016, 28.837331771850586, 22.843202590942383, 16.472671508789062, 12.248364448547363, 8.775240898132324, 4.940731048583984, 2.406287670135498, 1.0117664337158203, 0.2181698977947235, 0.051501475274562836, 0.00827708002179861, 0.0]], [[0.2983638346195221, 1.1936514377593994, 3.422194719314575, 7.094509124755859, 12.314760208129883, 17.026290893554688, 20.570714950561523, 25.19580078125, 29.806989669799805, 33.49078369140625, 37.705142974853516, 41.13102722167969, 44.23471450805664, 47.83419418334961, 50.883304595947266, 54.20963668823242, 56.702415466308594, 59.044795989990234, 60.880619049072266, 62.9173469543457, 64.51050567626953, 65.69488525390625, 67.0699462890625, 68.84561157226562, 69.88106536865234, 71.12532043457031, 72.6564712524414, 73.8141860961914, 75.05208587646484, 76.34386444091797, 79.48191833496094, 80.65799713134766, 82.00839233398438, 83.19152069091797, 84.17374420166016, 85.38713073730469, 87.12582397460938, 89.2740478515625, 90.48760223388672, 91.3748779296875, 92.09973907470703, 92.94922637939453, 93.5426254272461, 93.8906478881836, 94.72055053710938, 95.69830322265625, 96.91973114013672, 97.61609649658203, 98.39036560058594, 99.16001892089844, 100.0]]], 'z': [33.6, 64.5], 'frames': 11001}, 'Camera Motion': {'x': [[0.0, 0.05, 0.1, 0.15000000000000002, 0.2, 0.25, 0.30000000000000004, 0.35000000000000003, 0.4, 0.45, 0.5, 0.55, 0.6000000000000001, 0.65, 0.7000000000000001, 0.75, 0.8, 0.8500000000000001, 0.9, 0.9500000000000001, 1.0], [0.0, 1.0, 2.0, 3.0, 4.0, 5.0, 6.0, 7.0, 8.0, 9.0, 10.0, 11.0, 12.0, 13.0, 14.0, 15.0, 16.0, 17.0, 18.0, 19.0, 20.0, 21.0, 22.0, 23.0, 24.0, 25.0, 26.0, 27.0, 28.0, 29.0, 30.0, 31.0, 32.0, 33.0, 34.0, 35.0, 36.0, 37.0, 38.0, 39.0, 40.0, 41.0, 42.0, 43.0, 44.0, 45.0, 46.0, 47.0, 48.0, 49.0, 50.0]], 'y': [[[100.0, 98.324951171875, 97.45523834228516, 96.22283172607422, 95.53292083740234, 94.45901489257812, 92.48806762695312, 89.96980285644531, 85.1058578491211, 80.3779525756836, 75.51142883300781, 65.55205535888672, 55.481712341308594, 44.165794372558594, 32.73588562011719, 20.55297088623047, 10.972426414489746, 4.884073734283447, 1.3146265745162964, 0.06725878268480301, 0.0]], [[0.036560043692588806, 1.9991474151611328, 4.9104204177856445, 8.418060302734375, 12.701122283935547, 18.753957748413086, 23.815696716308594, 31.078641891479492, 36.0950813293457, 40.55934143066406, 45.016361236572266, 48.886383056640625, 52.312530517578125, 56.66164016723633, 59.05363082885742, 62.48863220214844, 64.73775482177734, 67.49185180664062, 70.19821166992188, 72.41255950927734, 75.02622985839844, 77.1063003540039, 79.06953430175781, 80.39386749267578, 81.53330993652344, 82.84452819824219, 83.88801574707031, 85.19041442871094, 86.05086517333984, 88.13797760009766, 88.8246078491211, 89.76607513427734, 90.58427429199219, 91.29138946533203, 92.06714630126953, 92.87399291992188, 93.36693572998047, 93.95118713378906, 94.55104064941406, 95.36729431152344, 96.09874725341797, 96.86347198486328, 97.49178314208984, 97.81710815429688, 98.48453521728516, 98.74586486816406, 99.03953552246094, 99.37004089355469, 99.55802154541016, 99.8262710571289, 100.0]]], 'z': [59.1, 75.0], 'frames': 18427}, 'Deformation': {'x': [[0.0, 0.05, 0.1, 0.15000000000000002, 0.2, 0.25, 0.30000000000000004, 0.35000000000000003, 0.4, 0.45, 0.5, 0.55, 0.6000000000000001, 0.65, 0.7000000000000001, 0.75, 0.8, 0.8500000000000001, 0.9, 0.9500000000000001, 1.0], [0.0, 1.0, 2.0, 3.0, 4.0, 5.0, 6.0, 7.0, 8.0, 9.0, 10.0, 11.0, 12.0, 13.0, 14.0, 15.0, 16.0, 17.0, 18.0, 19.0, 20.0, 21.0, 22.0, 23.0, 24.0, 25.0, 26.0, 27.0, 28.0, 29.0, 30.0, 31.0, 32.0, 33.0, 34.0, 35.0, 36.0, 37.0, 38.0, 39.0, 40.0, 41.0, 42.0, 43.0, 44.0, 45.0, 46.0, 47.0, 48.0, 49.0, 50.0]], 'y': [[[100.0, 98.57080841064453, 96.47019958496094, 94.1792221069336, 90.51138305664062, 85.78721618652344, 81.20417022705078, 75.34058380126953, 67.00639343261719, 58.80619430541992, 50.39134216308594, 40.296653747558594, 31.691139221191406, 22.657320022583008, 14.896005630493164, 8.739356994628906, 4.5590715408325195, 1.9519729614257812, 0.5394480228424072, 0.025705259293317795, 0.0]], [[0.10607350617647171, 1.280884027481079, 4.12200927734375, 9.024606704711914, 14.454513549804688, 20.89862823486328, 26.839557647705078, 33.119293212890625, 39.08354949951172, 44.80562973022461, 50.56562423706055, 54.86155700683594, 58.604461669921875, 62.092613220214844, 65.06843566894531, 67.98855590820312, 70.5579833984375, 73.05059814453125, 74.80622863769531, 76.41694641113281, 78.13812255859375, 79.57913208007812, 81.42488861083984, 82.63916015625, 83.80096435546875, 84.80403900146484, 85.85092163085938, 87.2158203125, 88.5352554321289, 89.46427917480469, 90.23084259033203, 90.9118881225586, 91.51303100585938, 92.16541290283203, 92.77075958251953, 93.36002349853516, 93.99657440185547, 94.82427978515625, 95.47117614746094, 95.9438705444336, 96.39863586425781, 96.9194564819336, 97.32020568847656, 97.61271667480469, 97.90995025634766, 98.30389404296875, 98.69271850585938, 99.06282043457031, 99.35352325439453, 99.65089416503906, 100.0]]], 'z': [48.7, 78.1], 'frames': 69597}, 'Fast Motion': {'x': [[0.0, 0.05, 0.1, 0.15000000000000002, 0.2, 0.25, 0.30000000000000004, 0.35000000000000003, 0.4, 0.45, 0.5, 0.55, 0.6000000000000001, 0.65, 0.7000000000000001, 0.75, 0.8, 