{
    "AUC": 34.8,
    "Precision": 46.5,
    "FPS": -1,
    "attribution": "{'Occlusion': {'x': [[0.0, 0.05, 0.1, 0.15000000000000002, 0.2, 0.25, 0.30000000000000004, 0.35000000000000003, 0.4, 0.45, 0.5, 0.55, 0.6000000000000001, 0.65, 0.7000000000000001, 0.75, 0.8, 0.8500000000000001, 0.9, 0.9500000000000001, 1.0], [0.0, 1.0, 2.0, 3.0, 4.0, 5.0, 6.0, 7.0, 8.0, 9.0, 10.0, 11.0, 12.0, 13.0, 14.0, 15.0, 16.0, 17.0, 18.0, 19.0, 20.0, 21.0, 22.0, 23.0, 24.0, 25.0, 26.0, 27.0, 28.0, 29.0, 30.0, 31.0, 32.0, 33.0, 34.0, 35.0, 36.0, 37.0, 38.0, 39.0, 40.0, 41.0, 42.0, 43.0, 44.0, 45.0, 46.0, 47.0, 48.0, 49.0, 50.0]], 'y': [[[100.0, 97.3794174194336, 95.14749145507812, 92.47693634033203, 90.57942199707031, 88.30501556396484, 85.92443084716797, 81.61327362060547, 75.9565200805664, 68.30017852783203, 60.31159591674805, 50.562782287597656, 40.49522399902344, 29.68711280822754, 20.087709426879883, 12.286429405212402, 6.3331379890441895, 1.9027659893035889, 0.5692729949951172, 0.22236590087413788, 0.0]], [[0.3210747539997101, 2.321228504180908, 7.512875556945801, 13.514211654663086, 19.309734344482422, 25.913698196411133, 31.7749080657959, 37.9962158203125, 43.00434112548828, 47.96877670288086, 52.007667541503906, 55.147804260253906, 58.32373046875, 61.117942810058594, 63.24393081665039, 65.37386322021484, 67.16279602050781, 68.99209594726562, 70.622802734375, 72.16635131835938, 73.78414916992188, 75.1314468383789, 76.55298614501953, 78.13731384277344, 79.33562469482422, 80.36914825439453, 81.73070526123047, 82.75465393066406, 83.71952056884766, 84.606201171875, 85.50532531738281, 86.44976043701172, 87.55487823486328, 88.44976043701172, 89.1790542602539, 89.99725341796875, 90.82335662841797, 91.63378143310547, 92.35863494873047, 92.94842529296875, 93.57670593261719, 94.14624786376953, 94.76465606689453, 95.32986450195312, 95.87548065185547, 96.95016479492188, 97.74751281738281, 98.2713851928711, 98.97528076171875, 99.53251647949219, 100.0]]], 'z': [52.3, 73.8], 'frames': 49834}, 'Out Of View': {'x': [[0.0, 0.05, 0.1, 0.15000000000000002, 0.2, 0.25, 0.30000000000000004, 0.35000000000000003, 0.4, 0.45, 0.5, 0.55, 0.6000000000000001, 0.65, 0.7000000000000001, 0.75, 0.8, 0.8500000000000001, 0.9, 0.9500000000000001, 1.0], [0.0, 1.0, 2.0, 3.0, 4.0, 5.0, 6.0, 7.0, 8.0, 9.0, 10.0, 11.0, 12.0, 13.0, 14.0, 15.0, 16.0, 17.0, 18.0, 19.0, 20.0, 21.0, 22.0, 23.0, 24.0, 25.0, 26.0, 27.0, 28.0, 29.0, 30.0, 31.0, 32.0, 33.0, 34.0, 35.0, 36.0, 37.0, 38.0, 39.0, 40.0, 41.0, 42.0, 43.0, 44.0, 45.0, 46.0, 47.0, 48.0, 49.0, 50.0]], 'y': [[[100.0, 93.67117309570312, 87.71211242675781, 81.23291778564453, 74.57450866699219, 68.55087280273438, 59.63726806640625, 52.39005661010742, 44.45124435424805, 36.322689056396484, 27.869834899902344, 20.030351638793945, 15.40662670135498, 10.651924133300781, 6.53469181060791, 3.380847692489624, 1.4226711988449097, 0.6360527873039246, 0.02956649661064148, 0.00927941408008337, 0.0]], [[0.021373769268393517, 0.3609623908996582, 2.6606199741363525, 6.326351165771484, 9.636189460754395, 12.874646186828613, 18.463634490966797, 21.772281646728516, 26.428627014160156, 30.389543533325195, 33.80495071411133, 36.50790023803711, 39.357078552246094, 42.91279220581055, 45.49445724487305, 47.13820266723633, 48.88847732543945, 50.400413513183594, 51.684814453125, 53.87166213989258, 57.47893524169922, 58.249969482421875, 59.82481384277344, 60.947208404541016, 62.28608322143555, 65.0996322631836, 66.21136474609375, 67.580810546875, 69.08316040039062, 71.59832000732422, 73.10147857666016, 74.60336303710938, 75.83786010742188, 78.79721069335938, 80.56331634521484, 82.17475128173828, 83.74913024902344, 84.92572021484375, 87.1683349609375, 88.15696716308594, 89.91661834716797, 91.51323699951172, 92.38442993164062, 93.82379913330078, 94.79720306396484, 95.59808349609375, 96.46610260009766, 97.8511962890625, 98.23246002197266, 98.9848403930664, 100.0]]], 'z': [37.4, 57.5], 'frames': 11001}, 'Camera Motion': {'x': [[0.0, 0.05, 0.1, 0.15000000000000002, 0.2, 0.25, 0.30000000000000004, 0.35000000000000003, 0.4, 0.45, 0.5, 0.55, 0.6000000000000001, 0.65, 0.7000000000000001, 0.75, 0.8, 0.8500000000000001, 0.9, 0.9500000000000001, 1.0], [0.0, 1.0, 2.0, 3.0, 4.0, 5.0, 6.0, 7.0, 8.0, 9.0, 10.0, 11.0, 12.0, 13.0, 14.0, 15.0, 16.0, 17.0, 18.0, 19.0, 20.0, 21.0, 22.0, 23.0, 24.0, 25.0, 26.0, 27.0, 28.0, 29.0, 30.0, 31.0, 32.0, 33.0, 34.0, 35.0, 36.0, 37.0, 38.0, 39.0, 40.0, 41.0, 42.0, 43.0, 44.0, 45.0, 46.0, 47.0, 48.0, 49.0, 50.0]], 'y': [[[100.0, 98.04999542236328, 97.20225524902344, 96.28482055664062, 95.29532623291016, 94.61662292480469, 93.11053466796875, 91.62462615966797, 88.92886352539062, 85.62247467041016, 79.7051773071289, 72.34659576416016, 62.99221420288086, 49.841732025146484, 36.20228958129883, 21.05614471435547, 11.57061767578125, 4.993047714233398, 1.213749647140503, 0.05187566950917244, 0.0]], [[0.20246170461177826, 1.152784824371338, 4.157414436340332, 8.931253433227539, 12.739518165588379, 18.483261108398438, 22.39677619934082, 29.45513343811035, 34.69520950317383, 38.32316970825195, 41.64533996582031, 44.00638198852539, 47.395591735839844, 49.817420959472656, 52.11964416503906, 56.21310043334961, 58.658241271972656, 60.69855499267578, 63.2182731628418, 65.90062713623047, 68.34333038330078, 69.70284271240234, 72.07830810546875, 73.95354461669922, 75.41620635986328, 78.25779724121094, 79.9903335571289, 82.68775939941406, 83.75948333740234, 84.94004821777344, 85.85202026367188, 87.34553527832031, 88.39576721191406, 89.27825164794922, 90.1367416381836, 90.97484588623047, 91.67855072021484, 92.64405059814453, 93.556640625, 94.26996612548828, 94.86480712890625, 95.60566711425781, 96.25141906738281, 96.8321304321289, 97.33767700195312, 97.76766967773438, 98.4519271850586, 98.83274841308594, 99.24832916259766, 99.63047790527344, 100.0]]], 'z': [61.0, 68.3], 'frames': 18427}, 'Deformation': {'x': [[0.0, 0.05, 0.1, 0.15000000000000002, 0.2, 0.25, 0.30000000000000004, 0.35000000000000003, 0.4, 0.45, 0.5, 0.55, 0.6000000000000001, 0.65, 0.7000000000000001, 0.75, 0.8, 0.8500000000000001, 0.9, 0.9500000000000001, 1.0], [0.0, 1.0, 2.0, 3.0, 4.0, 5.0, 6.0, 7.0, 8.0, 9.0, 10.0, 11.0, 12.0, 13.0, 14.0, 15.0, 16.0, 17.0, 18.0, 19.0, 20.0, 21.0, 22.0, 23.0, 24.0, 25.0, 26.0, 27.0, 28.0, 29.0, 30.0, 31.0, 32.0, 33.0, 34.0, 35.0, 36.0, 37.0, 38.0, 39.0, 40.0, 41.0, 42.0, 43.0, 44.0, 45.0, 46.0, 47.0, 48.0, 49.0, 50.0]], 'y': [[[100.0, 98.15911102294922, 96.36395263671875, 94.86900329589844, 93.15249633789062, 91.24888610839844, 87.34729766845703, 83.49889373779297, 78.81676483154297, 71.55111694335938, 62.639671325683594, 50.58606719970703, 38.2860107421875, 27.252775192260742, 16.95102310180664, 9.2528657913208, 4.3160295486450195, 1.53279447555542, 0.3596319258213043, 0.023029716685414314, 0.0]], [[0.051125418394804, 0.8967975974082947, 3.4718804359436035, 7.589057922363281, 11.791851043701172, 18.211088180541992, 23.05948257446289, 29.36917495727539, 34.97024154663086, 40.961299896240234, 46.41056823730469, 52.07376480102539, 55.97818374633789, 59.89940643310547, 63.09321594238281, 65.60079956054688, 67.82879638671875, 69.96936798095703, 71.88817596435547, 74.09098815917969, 75.84870147705078, 77.23013305664062, 78.73619079589844, 79.9518051147461, 81.3247299194336, 82.49588775634766, 83.77973175048828, 84.73316192626953, 85.76476287841797, 86.68262481689453, 87.5838623046875, 88.41332244873047, 89.33634185791016, 89.94818115234375, 90.74961853027344, 91.41323852539062, 92.04386901855469, 92.81729125976562, 93.66226959228516, 94.21055603027344, 94.73199462890625, 95.20787048339844, 95.72613525390625, 96.2254867553711, 96.6628646850586, 97.82699584960938, 98.32862091064453, 98.82740783691406, 99.32185363769531, 99.6812973022461, 100.0]]], 'z': [52.7, 75.8], 'frames': 69597}, 'Fast Motion': {'x': [[0.0, 0.05, 0.1, 0.15000000000000002, 0.2, 0.25, 0.30000000000000004, 0.35000000000000003, 0.4, 0.45, 0.5, 0.55, 0.6000000000000001, 0.65, 0.7000000000000001, 0.75, 0.8, 