{
    "AUC": 35.5,
    "Precision": 48.3,
    "FPS": -1,
    "attribution": "{'Occlusion': {'x': [[0.0, 0.05, 0.1, 0.15000000000000002, 0.2, 0.25, 0.30000000000000004, 0.35000000000000003, 0.4, 0.45, 0.5, 0.55, 0.6000000000000001, 0.65, 0.7000000000000001, 0.75, 0.8, 0.8500000000000001, 0.9, 0.9500000000000001, 1.0], [0.0, 1.0, 2.0, 3.0, 4.0, 5.0, 6.0, 7.0, 8.0, 9.0, 10.0, 11.0, 12.0, 13.0, 14.0, 15.0, 16.0, 17.0, 18.0, 19.0, 20.0, 21.0, 22.0, 23.0, 24.0, 25.0, 26.0, 27.0, 28.0, 29.0, 30.0, 31.0, 32.0, 33.0, 34.0, 35.0, 36.0, 37.0, 38.0, 39.0, 40.0, 41.0, 42.0, 43.0, 44.0, 45.0, 46.0, 47.0, 48.0, 49.0, 50.0]], 'y': [[[100.0, 97.8068618774414, 95.80786895751953, 93.16317749023438, 90.4902572631836, 88.03489685058594, 85.17628479003906, 81.72085571289062, 76.6297607421875, 69.92521667480469, 61.46396255493164, 51.95183563232422, 41.212100982666016, 29.696044921875, 19.888702392578125, 12.066627502441406, 5.83858585357666, 2.4766714572906494, 0.7884918451309204, 0.26095739006996155, 0.0]], [[0.4310620427131653, 2.614419460296631, 7.834518909454346, 15.476222038269043, 22.069902420043945, 29.9868221282959, 36.25301742553711, 42.97291946411133, 48.14744186401367, 53.073699951171875, 57.17134475708008, 60.91400909423828, 63.5861930847168, 66.2264633178711, 68.38825988769531, 70.31990051269531, 72.01616668701172, 73.86752319335938, 75.53606414794922, 76.721923828125, 78.12042999267578, 79.46810913085938, 80.69192504882812, 82.08663177490234, 83.28009033203125, 84.24514770507812, 85.37139892578125, 86.28760528564453, 87.12230682373047, 87.99298095703125, 88.6675033569336, 89.52828979492188, 90.1688461303711, 90.94998931884766, 91.74437713623047, 92.32157135009766, 92.93001556396484, 93.68473815917969, 94.29653930664062, 94.84248352050781, 95.37437438964844, 95.93476104736328, 96.3284912109375, 96.68350982666016, 97.39032745361328, 97.97624969482422, 98.43802642822266, 98.77519226074219, 99.20821380615234, 99.6479721069336, 100.0]]], 'z': [52.6, 78.1], 'frames': 49834}, 'Out Of View': {'x': [[0.0, 0.05, 0.1, 0.15000000000000002, 0.2, 0.25, 0.30000000000000004, 0.35000000000000003, 0.4, 0.45, 0.5, 0.55, 0.6000000000000001, 0.65, 0.7000000000000001, 0.75, 0.8, 0.8500000000000001, 0.9, 0.9500000000000001, 1.0], [0.0, 1.0, 2.0, 3.0, 4.0, 5.0, 6.0, 7.0, 8.0, 9.0, 10.0, 11.0, 12.0, 13.0, 14.0, 15.0, 16.0, 17.0, 18.0, 19.0, 20.0, 21.0, 22.0, 23.0, 24.0, 25.0, 26.0, 27.0, 28.0, 29.0, 30.0, 31.0, 32.0, 33.0, 34.0, 35.0, 36.0, 37.0, 38.0, 39.0, 40.0, 41.0, 42.0, 43.0, 44.0, 45.0, 46.0, 47.0, 48.0, 49.0, 50.0]], 'y': [[[100.0, 93.90775299072266, 88.82270812988281, 83.36524963378906, 77.0406265258789, 69.254150390625, 61.49967956542969, 52.61357879638672, 44.85261535644531, 36.98579788208008, 30.95829200744629, 23.887998580932617, 17.9218692779541, 11.51579475402832, 7.134032249450684, 3.8965444564819336, 1.65932035446167, 0.48897600173950195, 0.1444280743598938, 0.008055875077843666, 0.0]], [[0.019679119810461998, 0.6349717974662781, 2.3564796447753906, 5.550624847412109, 12.013351440429688, 16.220539093017578, 20.23459243774414, 23.587053298950195, 25.708234786987305, 29.358976364135742, 33.3425407409668, 36.44328308105469, 39.546138763427734, 42.42985916137695, 44.765724182128906, 46.63644027709961, 48.80894088745117, 51.42127227783203, 52.877925872802734, 54.35420227050781, 56.9760627746582, 58.57632064819336, 60.09193801879883, 61.24169158935547, 63.5721435546875, 65.0027084350586, 66.81603240966797, 68.64739227294922, 69.74177551269531, 72.49351501464844, 75.51853942871094, 77.01591491699219, 77.97813415527344, 78.95639038085938, 81.36483001708984, 83.37812042236328, 84.92681884765625, 86.90987396240234, 87.63172912597656, 88.43431854248047, 89.39789581298828, 91.37977600097656, 92.37835693359375, 93.80823516845703, 94.89844512939453, 95.39012145996094, 96.44142150878906, 97.60102844238281, 98.25534057617188, 99.32731628417969, 100.0]]], 'z': [38.4, 57.0], 'frames': 11001}, 'Camera Motion': {'x': [[0.0, 0.05, 0.1, 0.15000000000000002, 0.2, 0.25, 0.30000000000000004, 0.35000000000000003, 0.4, 0.45, 0.5, 0.55, 0.6000000000000001, 0.65, 0.7000000000000001, 0.75, 0.8, 0.8500000000000001, 0.9, 0.9500000000000001, 1.0], [0.0, 1.0, 2.0, 3.0, 4.0, 5.0, 6.0, 7.0, 8.0, 9.0, 10.0, 11.0, 12.0, 13.0, 14.0, 15.0, 16.0, 17.0, 18.0, 19.0, 20.0, 21.0, 22.0, 23.0, 24.0, 25.0, 26.0, 27.0, 28.0, 29.0, 30.0, 31.0, 32.0, 33.0, 34.0, 35.0, 36.0, 37.0, 38.0, 39.0, 40.0, 41.0, 42.0, 43.0, 44.0, 45.0, 46.0, 47.0, 48.0, 49.0, 50.0]], 'y': [[[100.0, 98.09907531738281, 97.19234466552734, 96.1227035522461, 95.02129364013672, 93.70947265625, 92.38172149658203, 90.18622589111328, 88.03656768798828, 85.55789184570312, 81.30900573730469, 74.04496002197266, 65.60712432861328, 53.02447509765625, 39.30023193359375, 23.87575340270996, 13.586835861206055, 5.689600467681885, 1.1365185976028442, 0.05594215542078018, 0.0]], [[0.0032413180451840162, 0.7001047730445862, 3.178270101547241, 7.199513912200928, 11.770267486572266, 17.808210372924805, 22.385845184326172, 28.747234344482422, 33.577083587646484, 39.06724548339844, 42.933712005615234, 46.69517135620117, 50.16611099243164, 53.42565155029297, 56.41254806518555, 58.67277526855469, 60.847198486328125, 63.083641052246094, 65.64569854736328, 68.18148803710938, 70.29657745361328, 72.5156478881836, 73.98912048339844, 75.60497283935547, 76.97280883789062, 78.3836898803711, 79.94049072265625, 81.2130126953125, 83.1481704711914, 84.61160278320312, 87.25423431396484, 88.35716247558594, 89.43048095703125, 90.38153076171875, 91.14934539794922, 91.82852172851562, 92.68204498291016, 93.3700942993164, 93.96308898925781, 94.61831665039062, 95.45335388183594, 96.00782012939453, 96.46861267089844, 97.02622985839844, 97.44813537597656, 97.75129699707031, 98.21825408935547, 98.59449005126953, 99.30571746826172, 99.63336944580078, 100.0]]], 'z': [61.6, 70.3], 'frames': 18427}, 'Deformation': {'x': [[0.0, 0.05, 0.1, 0.15000000000000002, 0.2, 0.25, 0.30000000000000004, 0.35000000000000003, 0.4, 0.45, 0.5, 0.55, 0.6000000000000001, 0.65, 0.7000000000000001, 0.75, 0.8, 0.8500000000000001, 0.9, 0.9500000000000001, 1.0], [0.0, 1.0, 2.0, 3.0, 4.0, 5.0, 6.0, 7.0, 8.0, 9.0, 10.0, 11.0, 12.0, 13.0, 14.0, 15.0, 16.0, 17.0, 18.0, 19.0, 20.0, 21.0, 22.0, 23.0, 24.0, 25.0, 26.0, 27.0, 28.0, 29.0, 30.0, 31.0, 32.0, 33.0, 34.0, 35.0, 36.0, 37.0, 38.0, 39.0, 40.0, 41.0, 42.0, 43.0, 44.0, 45.0, 46.0, 47.0, 48.0, 49.0, 50.0]], 'y': [[[100.0, 98.80484771728516, 97.59857940673828, 95.63621520996094, 93.85093688964844, 91.22842407226562, 88.74362182617188, 84.55747985839844, 79.35321044921875, 71.75100708007812, 61.620330810546875, 51.36705780029297, 39.208091735839844, 27.119705200195312, 16.9835147857666, 9.755143165588379, 4.795164108276367, 2.1380984783172607, 0.6423630118370056, 0.06015768647193909, 0.0]], [[0.1259397566318512, 1.31645929813385, 4.111044406890869, 9.467633247375488, 15.197944641113281, 21.4530086517334, 27.330434799194336, 33.94915008544922, 40.02757263183594, 46.070762634277344, 50.779850006103516, 54.64714050292969, 58.92044448852539, 62.205928802490234, 64.97000885009766, 67.11051940917969, 69.52616882324219, 71.7562026977539, 73.36048889160156, 75.15968322753906, 76.95376586914062, 78.5263900756836, 79.8832015991211, 81.20018005371094, 82.24703979492188, 83.22277069091797, 84.3923110961914, 85.25765228271484, 86.6397476196289, 87.48725128173828, 88.75255584716797, 89.46952056884766, 90.399658203125, 91.27034759521484, 91.83500671386719, 92.66012573242188, 93.30377197265625, 93.86870574951172, 94.35758972167969, 94.89954376220703, 95.3386459350586, 95.84314727783203, 96.22489166259766, 96.6903076171875, 97.085205078125, 97.36200714111328, 97.7216567993164, 98.10099029541016, 99.11477661132812, 99.66667175292969, 100.0]]], 'z': [53.1, 77.0], 'frames': 69597}, 'Fast Motion': {'x': [[0.0, 0.05, 0.1, 0.15000000000000002, 0.2, 0.25, 0.30000000000000004, 0.35000000000000003, 0.4, 0.45, 0.5, 0.55, 0.6000000000000001, 0.65, 0.7000000000000001, 0.75, 0.8, 0.8500000000000001, 