{
    "AUC": 31.3,
    "Precision": 39.1,
    "FPS": -1,
    "attribution": "{'Occlusion': {'x': [[0.0, 0.05, 0.1, 0.15000000000000002, 0.2, 0.25, 0.30000000000000004, 0.35000000000000003, 0.4, 0.45, 0.5, 0.55, 0.6000000000000001, 0.65, 0.7000000000000001, 0.75, 0.8, 0.8500000000000001, 0.9, 0.9500000000000001, 1.0], [0.0, 1.0, 2.0, 3.0, 4.0, 5.0, 6.0, 7.0, 8.0, 9.0, 10.0, 11.0, 12.0, 13.0, 14.0, 15.0, 16.0, 17.0, 18.0, 19.0, 20.0, 21.0, 22.0, 23.0, 24.0, 25.0, 26.0, 27.0, 28.0, 29.0, 30.0, 31.0, 32.0, 33.0, 34.0, 35.0, 36.0, 37.0, 38.0, 39.0, 40.0, 41.0, 42.0, 43.0, 44.0, 45.0, 46.0, 47.0, 48.0, 49.0, 50.0]], 'y': [[[100.0, 96.88294219970703, 94.86334228515625, 92.33667755126953, 90.1777114868164, 87.99762725830078, 85.66830444335938, 82.64189910888672, 78.06438446044922, 72.90144348144531, 66.70722198486328, 58.15299606323242, 48.712982177734375, 38.1076774597168, 27.478572845458984, 18.00462532043457, 7.819852828979492, 2.965426445007324, 0.8268710374832153, 0.29786673188209534, 0.0]], [[0.40021148324012756, 1.7664494514465332, 6.46901273727417, 12.7380952835083, 19.302276611328125, 26.48720359802246, 32.61383056640625, 38.02046203613281, 43.37147903442383, 47.80587387084961, 51.84016799926758, 55.41100311279297, 58.113521575927734, 60.816566467285156, 62.75462341308594, 65.12293243408203, 67.29792022705078, 69.2874755859375, 70.88734436035156, 72.35508728027344, 74.03724670410156, 75.61477661132812, 76.97821807861328, 78.25517272949219, 79.39781188964844, 80.46239471435547, 81.3244857788086, 82.20012664794922, 83.03324890136719, 84.09013366699219, 85.08108520507812, 86.02405548095703, 86.88201141357422, 87.80023956298828, 88.73282623291016, 89.98002624511719, 90.69380187988281, 91.36558532714844, 92.01924896240234, 92.56673431396484, 93.24002075195312, 93.99810028076172, 94.69596862792969, 95.71367645263672, 96.41900634765625, 96.97500610351562, 97.5333480834961, 98.08302307128906, 98.67584991455078, 99.37844848632812, 100.0]]], 'z': [54.8, 74.0], 'frames': 49834}, 'Out Of View': {'x': [[0.0, 0.05, 0.1, 0.15000000000000002, 0.2, 0.25, 0.30000000000000004, 0.35000000000000003, 0.4, 0.45, 0.5, 0.55, 0.6000000000000001, 0.65, 0.7000000000000001, 0.75, 0.8, 0.8500000000000001, 0.9, 0.9500000000000001, 1.0], [0.0, 1.0, 2.0, 3.0, 4.0, 5.0, 6.0, 7.0, 8.0, 9.0, 10.0, 11.0, 12.0, 13.0, 14.0, 15.0, 16.0, 17.0, 18.0, 19.0, 20.0, 21.0, 22.0, 23.0, 24.0, 25.0, 26.0, 27.0, 28.0, 29.0, 30.0, 31.0, 32.0, 33.0, 34.0, 35.0, 36.0, 37.0, 38.0, 39.0, 40.0, 41.0, 42.0, 43.0, 44.0, 45.0, 46.0, 47.0, 48.0, 49.0, 50.0]], 'y': [[[100.0, 95.64666748046875, 88.51016998291016, 82.85379028320312, 77.92057800292969, 73.0994644165039, 68.22164916992188, 64.09469604492188, 58.99494171142578, 52.36443328857422, 45.326602935791016, 34.463016510009766, 27.32590675354004, 21.946325302124023, 14.454232215881348, 9.930000305175781, 5.396183013916016, 1.7075532674789429, 0.4413796067237854, 0.044171128422021866, 0.0]], [[0.031947147101163864, 0.63850998878479, 2.7445802688598633, 5.89508581161499, 12.381891250610352, 16.752595901489258, 18.769718170166016, 22.71638298034668, 28.62987518310547, 31.9787540435791, 35.29078674316406, 38.7606201171875, 40.799461364746094, 43.0931510925293, 46.46962356567383, 48.880001068115234, 50.40565872192383, 54.825984954833984, 56.64007568359375, 58.80583572387695, 61.4280891418457, 62.60010528564453, 64.47278594970703, 66.28678131103516, 67.59735870361328, 68.63932800292969, 70.02405548095703, 71.89159393310547, 73.52913665771484, 74.84552001953125, 76.94480895996094, 78.26062774658203, 79.99156188964844, 81.37952423095703, 83.62830352783203, 84.37857818603516, 86.18199157714844, 87.51170349121094, 88.22322845458984, 90.47441101074219, 91.1908950805664, 91.93267059326172, 92.46604919433594, 94.05699157714844, 96.93038177490234, 97.51483154296875, 97.94281768798828, 98.41795349121094, 99.33810424804688, 99.55033874511719, 100.0]]], 'z': [43.9, 61.4], 'frames': 11001}, 'Camera Motion': {'x': [[0.0, 0.05, 0.1, 0.15000000000000002, 0.2, 0.25, 0.30000000000000004, 0.35000000000000003, 0.4, 0.45, 0.5, 0.55, 0.6000000000000001, 0.65, 0.7000000000000001, 0.75, 0.8, 0.8500000000000001, 0.9, 0.9500000000000001, 1.0], [0.0, 1.0, 2.0, 3.0, 4.0, 5.0, 6.0, 7.0, 8.0, 9.0, 10.0, 11.0, 12.0, 13.0, 14.0, 15.0, 16.0, 17.0, 18.0, 19.0, 20.0, 21.0, 22.0, 23.0, 24.0, 25.0, 26.0, 27.0, 28.0, 29.0, 30.0, 31.0, 32.0, 33.0, 34.0, 35.0, 36.0, 37.0, 38.0, 39.0, 40.0, 41.0, 42.0, 43.0, 44.0, 45.0, 46.0, 47.0, 48.0, 49.0, 50.0]], 'y': [[[100.0, 98.20840454101562, 96.3490219116211, 94.69487762451172, 92.92208862304688, 90.80706787109375, 87.75804901123047, 84.0479507446289, 80.43949127197266, 75.29446411132812, 67.85202026367188, 59.25907897949219, 48.2810173034668, 35.88935852050781, 26.853900909423828, 16.585721969604492, 7.757963180541992, 3.7083637714385986, 0.8605213761329651, 0.009671472012996674, 0.0]], [[0.03193070739507675, 1.817781686782837, 3.6027207374572754, 6.344712734222412, 11.108050346374512, 17.883480072021484, 21.51732635498047, 26.187271118164062, 30.385652542114258, 33.20634841918945, 38.225791931152344, 41.28862380981445, 43.76507568359375, 47.46218490600586, 51.76685333251953, 55.58196258544922, 57.730525970458984, 62.37168884277344, 64.58013916015625, 66.46297454833984, 68.04749298095703, 69.85586547851562, 72.0521240234375, 73.20166015625, 75.16522216796875, 76.51852416992188, 78.22089385986328, 79.67977142333984, 80.90611267089844, 82.00314331054688, 83.14704132080078, 84.22970581054688, 85.19601440429688, 86.17711639404297, 86.9336929321289, 87.60189819335938, 88.28565216064453, 89.34854125976562, 90.89539337158203, 91.6302719116211, 92.39839935302734, 93.10992431640625, 93.63345336914062, 94.57160186767578, 95.11251068115234, 96.84983825683594, 97.94561004638672, 98.34021759033203, 99.03099060058594, 99.58971405029297, 100.0]]], 'z': [55.6, 68.0], 'frames': 18427}, 'Deformation': {'x': [[0.0, 0.05, 0.1, 0.15000000000000002, 0.2, 0.25, 0.30000000000000004, 0.35000000000000003, 0.4, 0.45, 0.5, 0.55, 0.6000000000000001, 0.65, 0.7000000000000001, 0.75, 0.8, 0.8500000000000001, 0.9, 0.9500000000000001, 1.0], [0.0, 1.0, 2.0, 3.0, 4.0, 5.0, 6.0, 7.0, 8.0, 9.0, 10.0, 11.0, 12.0, 13.0, 14.0, 15.0, 16.0, 17.0, 18.0, 19.0, 20.0, 21.0, 22.0, 23.0, 24.0, 25.0, 26.0, 27.0, 28.0, 29.0, 30.0, 31.0, 32.0, 33.0, 34.0, 35.0, 36.0, 37.0, 38.0, 39.0, 40.0, 41.0, 42.0, 43.0, 44.0, 45.0, 46.0, 47.0, 48.0, 49.0, 50.0]], 'y': [[[100.0, 96.9240951538086, 94.47313690185547, 91.78204345703125, 89.50981140136719, 87.33845520019531, 84.68062591552734, 80.20499420166016, 74.46236419677734, 67.21566009521484, 57.565711975097656, 45.73657989501953, 33.41094207763672, 22.218948364257812, 13.861836433410645, 6.664494514465332, 3.0258166790008545, 1.1924338340759277, 0.20014776289463043, 0.004875314887613058, 0.0]], [[0.023192578926682472, 0.7485705018043518, 2.0302343368530273, 4.369886875152588, 8.21170711517334, 13.375763893127441, 17.577465057373047, 22.98798942565918, 28.75722312927246, 33.975067138671875, 39.93526840209961, 44.82606506347656, 48.5405387878418, 52.072227478027344, 55.18046188354492, 57.724063873291016, 60.16225051879883, 62.69974136352539, 64.85624694824219, 66.94819641113281, 69.3907699584961, 71.3016586303711, 72.98197937011719, 74.52071380615234, 75.79693603515625, 77.29670715332031, 78.5234603881836, 79.83422088623047, 81.20431518554688, 82.42594146728516, 83.28064727783203, 84.32794952392578, 85.17900848388672, 86.08909606933594, 87.11445617675781, 88.03580474853516, 89.1982650756836, 90.30200958251953, 91.59014892578125, 92.2433853149414, 93.83108520507812, 94.46036529541016, 95.25880432128906, 96.14425659179688, 96.64076232910156, 97.18584442138672, 97.8194351196289, 98.35306549072266, 99.04153442382812, 99.54472351074219, 100.0]]], 'z': [50.0, 69.4], 'frames': 69597}, 'Fast Motion': {'x': [[0.0, 0.05, 0.1, 0.15000000000000002, 0.2, 0.25, 0.30000000000000004, 0.35000000000000003, 0.4, 0.45, 0.5, 0.55, 0.6000000000000001, 0.65, 0.7000000000000001, 0.75, 0.8, 