{
    "AUC": 30.7,
    "Precision": 38.6,
    "FPS": -1,
    "attribution": "{'Occlusion': {'x': [[0.0, 0.05, 0.1, 0.15000000000000002, 0.2, 0.25, 0.30000000000000004, 0.35000000000000003, 0.4, 0.45, 0.5, 0.55, 0.6000000000000001, 0.65, 0.7000000000000001, 0.75, 0.8, 0.8500000000000001, 0.9, 0.9500000000000001, 1.0], [0.0, 1.0, 2.0, 3.0, 4.0, 5.0, 6.0, 7.0, 8.0, 9.0, 10.0, 11.0, 12.0, 13.0, 14.0, 15.0, 16.0, 17.0, 18.0, 19.0, 20.0, 21.0, 22.0, 23.0, 24.0, 25.0, 26.0, 27.0, 28.0, 29.0, 30.0, 31.0, 32.0, 33.0, 34.0, 35.0, 36.0, 37.0, 38.0, 39.0, 40.0, 41.0, 42.0, 43.0, 44.0, 45.0, 46.0, 47.0, 48.0, 49.0, 50.0]], 'y': [[[100.0, 96.83655548095703, 93.77113342285156, 91.5098876953125, 89.29442596435547, 86.88004302978516, 84.29716491699219, 80.83113098144531, 76.66864776611328, 71.3792953491211, 64.3309326171875, 54.678924560546875, 44.81755065917969, 35.02326202392578, 24.981107711791992, 15.138236045837402, 6.917569637298584, 2.649627923965454, 0.7604367733001709, 0.28721126914024353, 0.0]], [[0.37916120886802673, 2.1246111392974854, 6.20589542388916, 12.48242473602295, 19.799964904785156, 26.57391357421875, 32.411163330078125, 38.10025405883789, 42.66653060913086, 47.041229248046875, 51.17631530761719, 54.62060546875, 57.34403610229492, 59.573883056640625, 62.54136657714844, 65.39046478271484, 67.35420989990234, 69.88856506347656, 71.55926513671875, 73.21029663085938, 74.92755889892578, 76.4511947631836, 77.86280059814453, 78.87046813964844, 79.99097442626953, 81.16524505615234, 82.25668334960938, 83.13758087158203, 84.25341796875, 85.25089263916016, 86.34879302978516, 87.23942565917969, 88.16434478759766, 88.96721649169922, 89.55589294433594, 90.17820739746094, 90.72838592529297, 91.5409164428711, 92.39801025390625, 93.13796997070312, 93.99344635009766, 94.61347198486328, 95.33486938476562, 96.04634857177734, 96.7330551147461, 97.2945785522461, 97.68769836425781, 98.41363525390625, 98.9192123413086, 99.34941101074219, 100.0]]], 'z': [53.4, 74.9], 'frames': 49834}, 'Out Of View': {'x': [[0.0, 0.05, 0.1, 0.15000000000000002, 0.2, 0.25, 0.30000000000000004, 0.35000000000000003, 0.4, 0.45, 0.5, 0.55, 0.6000000000000001, 0.65, 0.7000000000000001, 0.75, 0.8, 0.8500000000000001, 0.9, 0.9500000000000001, 1.0], [0.0, 1.0, 2.0, 3.0, 4.0, 5.0, 6.0, 7.0, 8.0, 9.0, 10.0, 11.0, 12.0, 13.0, 14.0, 15.0, 16.0, 17.0, 18.0, 19.0, 20.0, 21.0, 22.0, 23.0, 24.0, 25.0, 26.0, 27.0, 28.0, 29.0, 30.0, 31.0, 32.0, 33.0, 34.0, 35.0, 36.0, 37.0, 38.0, 39.0, 40.0, 41.0, 42.0, 43.0, 44.0, 45.0, 46.0, 47.0, 48.0, 49.0, 50.0]], 'y': [[[100.0, 94.6341323852539, 90.2811050415039, 82.42704010009766, 77.68708038330078, 71.3018798828125, 65.69348907470703, 59.716163635253906, 53.7060661315918, 47.42988586425781, 41.21697998046875, 32.85598373413086, 25.901906967163086, 19.077674865722656, 11.846553802490234, 6.893266677856445, 3.5121726989746094, 2.335233449935913, 0.2550998330116272, 0.010906086303293705, 0.0]], [[0.05776168033480644, 0.6587485671043396, 2.6917014122009277, 4.903263568878174, 7.978096008300781, 11.85189151763916, 15.265101432800293, 21.177751541137695, 23.95305061340332, 29.283607482910156, 32.6287841796875, 35.687217712402344, 38.704627990722656, 44.03514099121094, 46.47533416748047, 48.18457794189453, 50.758296966552734, 53.20891189575195, 55.97517013549805, 57.94029235839844, 59.564697265625, 61.56991195678711, 64.69611358642578, 65.83782958984375, 67.11162567138672, 69.9555435180664, 71.02411651611328, 73.75057220458984, 75.12285614013672, 76.0793685913086, 77.1015396118164, 78.42376708984375, 79.72911071777344, 80.56073760986328, 82.3977279663086, 83.55226135253906, 85.16730499267578, 87.02506256103516, 88.12423706054688, 89.82408905029297, 90.84505462646484, 91.2293701171875, 91.65348815917969, 92.40337371826172, 95.26535034179688, 95.52623748779297, 96.0294189453125, 96.46907043457031, 97.71598815917969, 98.2378158569336, 100.0]]], 'z': [42.2, 59.6], 'frames': 11001}, 'Camera Motion': {'x': [[0.0, 0.05, 0.1, 0.15000000000000002, 0.2, 0.25, 0.30000000000000004, 0.35000000000000003, 0.4, 0.45, 0.5, 0.55, 0.6000000000000001, 0.65, 0.7000000000000001, 0.75, 0.8, 0.8500000000000001, 0.9, 0.9500000000000001, 1.0], [0.0, 1.0, 2.0, 3.0, 4.0, 5.0, 6.0, 7.0, 8.0, 9.0, 10.0, 11.0, 12.0, 13.0, 14.0, 15.0, 16.0, 17.0, 18.0, 19.0, 20.0, 21.0, 22.0, 23.0, 24.0, 25.0, 26.0, 27.0, 28.0, 29.0, 30.0, 31.0, 32.0, 33.0, 34.0, 35.0, 36.0, 37.0, 38.0, 39.0, 40.0, 41.0, 42.0, 43.0, 44.0, 45.0, 46.0, 47.0, 48.0, 49.0, 50.0]], 'y': [[[100.0, 97.20374298095703, 95.67540740966797, 93.25645446777344, 91.15531921386719, 88.7365493774414, 86.29763793945312, 83.42184448242188, 80.45618438720703, 75.60787963867188, 66.78395080566406, 58.052520751953125, 47.73366165161133, 36.07649612426758, 25.23997688293457, 15.495817184448242, 8.319005012512207, 3.3970139026641846, 0.49636349081993103, 0.020671918988227844, 0.0]], [[0.10687825083732605, 1.590429663658142, 4.315732955932617, 8.659186363220215, 12.599282264709473, 16.447649002075195, 20.006994247436523, 24.322256088256836, 28.444576263427734, 32.277427673339844, 37.3237419128418, 40.37908172607422, 43.1406364440918, 46.744178771972656, 50.282310485839844, 53.25824737548828, 56.041954040527344, 59.05107879638672, 61.54841613769531, 63.79448318481445, 66.12127685546875, 67.64900970458984, 69.38008880615234, 70.91493225097656, 72.42452239990234, 73.98499298095703, 75.78943634033203, 77.21532440185547, 80.11296081542969, 81.29185485839844, 82.4013442993164, 84.5428466796875, 85.79215240478516, 86.68928527832031, 87.46395874023438, 88.32393646240234, 89.009765625, 90.22346496582031, 91.14005279541016, 92.11393737792969, 92.92957305908203, 93.40869903564453, 93.99507904052734, 94.8548583984375, 95.90534973144531, 97.30165100097656, 98.07653045654297, 98.61595153808594, 99.09172821044922, 99.62127685546875, 100.0]]], 'z': [54.9, 66.1], 'frames': 18427}, 'Deformation': {'x': [[0.0, 0.05, 0.1, 0.15000000000000002, 0.2, 0.25, 0.30000000000000004, 0.35000000000000003, 0.4, 0.45, 0.5, 0.55, 0.6000000000000001, 0.65, 0.7000000000000001, 0.75, 0.8, 0.8500000000000001, 0.9, 0.9500000000000001, 1.0], [0.0, 1.0, 2.0, 3.0, 4.0, 5.0, 6.0, 7.0, 8.0, 9.0, 10.0, 11.0, 12.0, 13.0, 14.0, 15.0, 16.0, 17.0, 18.0, 19.0, 20.0, 21.0, 22.0, 23.0, 24.0, 25.0, 26.0, 27.0, 28.0, 29.0, 30.0, 31.0, 32.0, 33.0, 34.0, 35.0, 36.0, 37.0, 38.0, 39.0, 40.0, 41.0, 42.0, 43.0, 44.0, 45.0, 46.0, 47.0, 48.0, 49.0, 50.0]], 'y': [[[100.0, 96.99174499511719, 94.3447036743164, 91.7577896118164, 89.19090270996094, 86.89450073242188, 83.07840728759766, 78.74002075195312, 73.4246597290039, 66.08110046386719, 56.688785552978516, 44.39784240722656, 31.744571685791016, 21.987590789794922, 12.751359939575195, 6.510372638702393, 2.555572509765625, 0.8314677476882935, 0.17956723272800446, 0.039366867393255234, 0.0]], [[0.2221701741218567, 1.0064390897750854, 2.426626443862915, 5.210640907287598, 8.86616039276123, 13.379894256591797, 17.533750534057617, 23.20974349975586, 28.880155563354492, 35.2529411315918, 40.81664276123047, 44.92502212524414, 48.728553771972656, 52.63018798828125, 55.8727912902832, 58.66743850708008, 61.50739288330078, 63.744873046875, 65.79084014892578, 67.83258056640625, 69.92414093017578, 71.47151184082031, 73.15625762939453, 74.7541275024414, 76.09210968017578, 77.29773712158203, 78.5351333618164, 79.9468994140625, 80.9399642944336, 81.96458435058594, 82.93624877929688, 84.40422821044922, 85.16509246826172, 86.02301788330078, 87.06434631347656, 88.37861633300781, 89.991455078125, 90.73797607421875, 91.44853973388672, 92.385986328125, 93.03573608398438, 93.88819885253906, 94.54013061523438, 95.32861328125, 95.89593505859375, 96.49539947509766, 97.00762176513672, 98.520263671875, 99.0567855834961, 99.52326202392578, 100.0]]], 'z': [49.4, 69.9], 'frames': 69597}, 'Fast Motion': {'x': [[0.0, 0.05, 0.1, 0.15000000000000002, 0.2, 0.25, 0.30000000000000004, 0.35000000000000003, 0.4, 0.45, 0.5, 0.55, 0.6000000000000001, 0.65, 0.7000000000000001, 0.75, 0.8, 0.8500000000000001, 0.9, 