{
    "AUC": 36.4,
    "Precision": 50.2,
    "FPS": 43.18,
    "attribution": "{'Occlusion': {'x': [[0.0, 0.05, 0.1, 0.15000000000000002, 0.2, 0.25, 0.30000000000000004, 0.35000000000000003, 0.4, 0.45, 0.5, 0.55, 0.6000000000000001, 0.65, 0.7000000000000001, 0.75, 0.8, 0.8500000000000001, 0.9, 0.9500000000000001, 1.0], [0.0, 1.0, 2.0, 3.0, 4.0, 5.0, 6.0, 7.0, 8.0, 9.0, 10.0, 11.0, 12.0, 13.0, 14.0, 15.0, 16.0, 17.0, 18.0, 19.0, 20.0, 21.0, 22.0, 23.0, 24.0, 25.0, 26.0, 27.0, 28.0, 29.0, 30.0, 31.0, 32.0, 33.0, 34.0, 35.0, 36.0, 37.0, 38.0, 39.0, 40.0, 41.0, 42.0, 43.0, 44.0, 45.0, 46.0, 47.0, 48.0, 49.0, 50.0]], 'y': [[[100.0, 95.91008758544922, 93.6906509399414, 91.66656494140625, 89.79606628417969, 87.9326400756836, 85.92757415771484, 83.29786682128906, 79.225830078125, 73.91473388671875, 67.42078399658203, 57.54249572753906, 46.79826736450195, 35.49453353881836, 24.731754302978516, 14.632720947265625, 7.020967483520508, 3.000361204147339, 0.8624224662780762, 0.26370859146118164, 0.0]], [[0.35985660552978516, 2.3673839569091797, 7.359650611877441, 13.929678916931152, 21.281160354614258, 29.296810150146484, 35.87739181518555, 42.688026428222656, 48.38835906982422, 53.24673080444336, 57.499183654785156, 60.80783462524414, 63.456809997558594, 66.26400756835938, 68.75269317626953, 71.03205871582031, 73.14727783203125, 75.05616760253906, 76.8735122680664, 78.47435760498047, 80.16051483154297, 81.57426452636719, 82.96660614013672, 83.93038940429688, 84.9676513671875, 85.98802947998047, 86.77600860595703, 87.3857421875, 88.2708511352539, 89.0537109375, 89.8868408203125, 90.61042785644531, 91.17694091796875, 91.99154663085938, 92.54096984863281, 93.09060668945312, 93.75467681884766, 94.44788360595703, 94.87097930908203, 95.37845611572266, 95.83789825439453, 96.34976959228516, 96.79997253417969, 97.22721099853516, 97.64299011230469, 98.02440643310547, 98.3748779296875, 98.82767486572266, 99.28067016601562, 99.66224670410156, 100.0]]], 'z': [54.2, 80.2], 'frames': 49834}, 'Out Of View': {'x': [[0.0, 0.05, 0.1, 0.15000000000000002, 0.2, 0.25, 0.30000000000000004, 0.35000000000000003, 0.4, 0.45, 0.5, 0.55, 0.6000000000000001, 0.65, 0.7000000000000001, 0.75, 0.8, 0.8500000000000001, 0.9, 0.9500000000000001, 1.0], [0.0, 1.0, 2.0, 3.0, 4.0, 5.0, 6.0, 7.0, 8.0, 9.0, 10.0, 11.0, 12.0, 13.0, 14.0, 15.0, 16.0, 17.0, 18.0, 19.0, 20.0, 21.0, 22.0, 23.0, 24.0, 25.0, 26.0, 27.0, 28.0, 29.0, 30.0, 31.0, 32.0, 33.0, 34.0, 35.0, 36.0, 37.0, 38.0, 39.0, 40.0, 41.0, 42.0, 43.0, 44.0, 45.0, 46.0, 47.0, 48.0, 49.0, 50.0]], 'y': [[[100.0, 92.72663116455078, 88.222412109375, 84.03923797607422, 80.90679168701172, 74.60072326660156, 67.28413391113281, 60.611087799072266, 53.570133209228516, 47.59054183959961, 39.960350036621094, 33.41272735595703, 23.384119033813477, 15.149890899658203, 8.48424243927002, 4.928666591644287, 2.6518266201019287, 0.8615397810935974, 0.2480539083480835, 0.045973505824804306, 0.0]], [[0.0772077664732933, 2.405090808868408, 4.563223361968994, 10.026373863220215, 13.757904052734375, 19.502639770507812, 24.696578979492188, 28.980323791503906, 32.80817413330078, 36.18138122558594, 40.766387939453125, 43.86296081542969, 46.80000686645508, 49.204978942871094, 52.27434158325195, 54.46190643310547, 57.05331039428711, 59.33402633666992, 60.88477325439453, 62.360389709472656, 64.33953857421875, 65.74906921386719, 67.1264419555664, 68.16326141357422, 69.6618881225586, 70.39685821533203, 73.5871810913086, 75.30181121826172, 76.50517272949219, 77.37489318847656, 78.7553939819336, 79.73189544677734, 80.79883575439453, 81.92404174804688, 84.9444808959961, 86.37702941894531, 87.32219696044922, 88.21762084960938, 88.8758316040039, 89.75770568847656, 90.37828063964844, 91.46096801757812, 92.13785552978516, 92.90985107421875, 93.3719482421875, 95.03581237792969, 96.58411407470703, 98.1530990600586, 99.1393814086914, 99.55436706542969, 100.0]]], 'z': [41.8, 64.3], 'frames': 11001}, 'Camera Motion': {'x': [[0.0, 0.05, 0.1, 0.15000000000000002, 0.2, 0.25, 0.30000000000000004, 0.35000000000000003, 0.4, 0.45, 0.5, 0.55, 0.6000000000000001, 0.65, 0.7000000000000001, 0.75, 0.8, 0.8500000000000001, 0.9, 0.9500000000000001, 1.0], [0.0, 1.0, 2.0, 3.0, 4.0, 5.0, 6.0, 7.0, 8.0, 9.0, 10.0, 11.0, 12.0, 13.0, 14.0, 15.0, 16.0, 17.0, 18.0, 19.0, 20.0, 21.0, 22.0, 23.0, 24.0, 25.0, 26.0, 27.0, 28.0, 29.0, 30.0, 31.0, 32.0, 33.0, 34.0, 35.0, 36.0, 37.0, 38.0, 39.0, 40.0, 41.0, 42.0, 43.0, 44.0, 45.0, 46.0, 47.0, 48.0, 49.0, 50.0]], 'y': [[[100.0, 97.78526306152344, 96.09281158447266, 94.24468994140625, 93.5019760131836, 92.58087158203125, 91.9477310180664, 90.55927276611328, 89.44063568115234, 87.76535034179688, 83.88312530517578, 77.86157989501953, 69.32315826416016, 55.12305450439453, 41.306732177734375, 27.23118019104004, 14.542574882507324, 6.858184814453125, 1.41405189037323, 0.08922872692346573, 0.0]], [[0.01875048689544201, 0.7772221565246582, 3.2789177894592285, 7.644552707672119, 12.056441307067871, 17.669504165649414, 24.008625030517578, 29.341136932373047, 36.19032669067383, 39.4336051940918, 43.76133728027344, 47.36324691772461, 50.24498748779297, 53.92019271850586, 56.483680725097656, 59.324974060058594, 61.600406646728516, 64.31150817871094, 66.46588897705078, 68.5319595336914, 70.65823364257812, 72.80474853515625, 74.88236236572266, 76.32986450195312, 77.79224395751953, 79.4430160522461, 80.99193572998047, 82.4549560546875, 83.45465087890625, 84.7145767211914, 85.62511444091797, 86.37091827392578, 87.43643188476562, 88.22013092041016, 90.12846374511719, 90.95921325683594, 91.86138153076172, 93.12836456298828, 93.86396789550781, 94.31910705566406, 95.12698364257812, 95.91132354736328, 96.5631103515625, 97.11695861816406, 97.57270812988281, 98.03152465820312, 98.87397003173828, 99.17965698242188, 99.46846008300781, 99.72927856445312, 100.0]]], 'z': [62.5, 70.7], 'frames': 18427}, 'Deformation': {'x': [[0.0, 0.05, 0.1, 0.15000000000000002, 0.2, 0.25, 0.30000000000000004, 0.35000000000000003, 0.4, 0.45, 0.5, 0.55, 0.6000000000000001, 0.65, 0.7000000000000001, 0.75, 0.8, 0.8500000000000001, 0.9, 0.9500000000000001, 1.0], [0.0, 1.0, 2.0, 3.0, 4.0, 5.0, 6.0, 7.0, 8.0, 9.0, 10.0, 11.0, 12.0, 13.0, 14.0, 15.0, 16.0, 17.0, 18.0, 19.0, 20.0, 21.0, 22.0, 23.0, 24.0, 25.0, 26.0, 27.0, 28.0, 29.0, 30.0, 31.0, 32.0, 33.0, 34.0, 35.0, 36.0, 37.0, 38.0, 39.0, 40.0, 41.0, 42.0, 43.0, 44.0, 45.0, 46.0, 47.0, 48.0, 49.0, 50.0]], 'y': [[[100.0, 97.24655151367188, 95.8440933227539, 94.79052734375, 92.78372955322266, 90.84337615966797, 88.3546142578125, 84.69265747070312, 79.87626647949219, 73.0929946899414, 64.06896209716797, 53.59269332885742, 41.330230712890625, 29.01512336730957, 19.4370174407959, 11.30659008026123, 5.636387825012207, 2.2199833393096924, 0.6371199488639832, 0.08498697727918625, 0.0]], [[0.11658912897109985, 1.175523042678833, 3.9611525535583496, 8.824865341186523, 14.165584564208984, 20.490745544433594, 26.236339569091797, 32.97515106201172, 39.41865539550781, 45.93446731567383, 51.82622528076172, 55.999427795410156, 59.51289367675781, 62.80355453491211, 65.8227310180664, 68.69232940673828, 70.83850860595703, 73.02916717529297, 75.07740020751953, 76.771240234375, 78.48318481445312, 80.08480834960938, 81.37628936767578, 82.4776382446289, 83.62506866455078, 84.5406494140625, 85.89320373535156, 87.0889663696289, 88.03135681152344, 88.78241729736328, 89.53594970703125, 90.27100372314453, 91.04277038574219, 91.90711212158203, 92.67314910888672, 93.23560333251953, 93.80303955078125, 94.50565338134766, 95.00025177001953, 95.52716827392578, 96.0025405883789, 96.38201141357422, 96.82925415039062, 97.18748474121094, 97.45841979980469, 97.81507110595703, 98.1470947265625, 98.48917388916016, 98.80644226074219, 99.69463348388672, 100.0]]], 'z': [53.6, 78.5], 'frames': 69597}, 'Fast Motion': {'x': [[0.0, 0.05, 0.1, 0.15000000000000002, 0.2, 0.25, 0.30000000000000004, 0.35000000000000003, 0.4, 0.45, 0.5, 0.55, 0.6000000000000001, 0.65, 0.7000000000000001, 0.75, 0.8, 0.8500000000000001, 