{
    "AUC": 38.8,
    "Precision": 53.9,
    "FPS": 14.98,
    "attribution": "{'Occlusion': {'x': [[0.0, 0.05, 0.1, 0.15000000000000002, 0.2, 0.25, 0.30000000000000004, 0.35000000000000003, 0.4, 0.45, 0.5, 0.55, 0.6000000000000001, 0.65, 0.7000000000000001, 0.75, 0.8, 0.8500000000000001, 0.9, 0.9500000000000001, 1.0], [0.0, 1.0, 2.0, 3.0, 4.0, 5.0, 6.0, 7.0, 8.0, 9.0, 10.0, 11.0, 12.0, 13.0, 14.0, 15.0, 16.0, 17.0, 18.0, 19.0, 20.0, 21.0, 22.0, 23.0, 24.0, 25.0, 26.0, 27.0, 28.0, 29.0, 30.0, 31.0, 32.0, 33.0, 34.0, 35.0, 36.0, 37.0, 38.0, 39.0, 40.0, 41.0, 42.0, 43.0, 44.0, 45.0, 46.0, 47.0, 48.0, 49.0, 50.0]], 'y': [[[100.0, 96.59500122070312, 94.72725677490234, 93.04341888427734, 91.38451385498047, 89.99615478515625, 87.92112731933594, 84.22610473632812, 79.16957092285156, 72.81395721435547, 65.38819885253906, 55.70674133300781, 45.32130432128906, 34.3167724609375, 23.465524673461914, 14.289922714233398, 7.784411430358887, 3.104064702987671, 0.8534605503082275, 0.2098299115896225, 0.0]], [[0.3808879256248474, 2.4756221771240234, 8.001588821411133, 15.914580345153809, 24.349571228027344, 32.8798828125, 39.657596588134766, 46.63539505004883, 52.42015838623047, 57.01775360107422, 61.29133605957031, 65.04167938232422, 68.03807830810547, 70.7010726928711, 73.14749145507812, 75.29379272460938, 77.12144470214844, 78.93758392333984, 80.3900146484375, 81.798095703125, 83.05909729003906, 84.19271087646484, 85.43692016601562, 86.46053314208984, 87.3808822631836, 88.2392349243164, 89.44796752929688, 90.30667877197266, 91.15777587890625, 91.9021224975586, 92.54560852050781, 93.10394287109375, 93.7542724609375, 94.32780456542969, 94.78034973144531, 95.38414001464844, 95.76356506347656, 96.11882781982422, 96.41207122802734, 96.77102661132812, 97.08024597167969, 97.35709381103516, 97.74790954589844, 98.06417846679688, 98.38434600830078, 98.7169418334961, 99.0424575805664, 99.30731201171875, 99.52264404296875, 99.76386260986328, 100.0]]], 'z': [54.3, 83.1], 'frames': 49834}, 'Out Of View': {'x': [[0.0, 0.05, 0.1, 0.15000000000000002, 0.2, 0.25, 0.30000000000000004, 0.35000000000000003, 0.4, 0.45, 0.5, 0.55, 0.6000000000000001, 0.65, 0.7000000000000001, 0.75, 0.8, 0.8500000000000001, 0.9, 0.9500000000000001, 1.0], [0.0, 1.0, 2.0, 3.0, 4.0, 5.0, 6.0, 7.0, 8.0, 9.0, 10.0, 11.0, 12.0, 13.0, 14.0, 15.0, 16.0, 17.0, 18.0, 19.0, 20.0, 21.0, 22.0, 23.0, 24.0, 25.0, 26.0, 27.0, 28.0, 29.0, 30.0, 31.0, 32.0, 33.0, 34.0, 35.0, 36.0, 37.0, 38.0, 39.0, 40.0, 41.0, 42.0, 43.0, 44.0, 45.0, 46.0, 47.0, 48.0, 49.0, 50.0]], 'y': [[[100.0, 92.39044189453125, 87.291748046875, 83.16101837158203, 78.86276245117188, 72.89026641845703, 66.29075622558594, 58.06819152832031, 52.35596466064453, 44.17431640625, 35.76233673095703, 27.002153396606445, 19.175296783447266, 13.416459083557129, 7.340614318847656, 3.8285770416259766, 1.498334527015686, 0.5069688558578491, 0.058164775371551514, 0.006919680163264275, 0.0]], [[0.05647890642285347, 0.8639040589332581, 5.621903896331787, 9.647512435913086, 15.093331336975098, 22.989818572998047, 28.298118591308594, 33.623863220214844, 37.204307556152344, 40.84459686279297, 45.107601165771484, 50.006832122802734, 53.38243865966797, 56.97699737548828, 58.944766998291016, 60.67741394042969, 62.72541809082031, 66.28399658203125, 68.63385009765625, 70.25037384033203, 72.30754852294922, 74.00369262695312, 76.1410903930664, 77.08365631103516, 78.10932159423828, 79.43492889404297, 80.6154556274414, 81.7787857055664, 82.68832397460938, 83.4554672241211, 84.12711334228516, 85.09898376464844, 86.12032318115234, 87.57743835449219, 89.39108276367188, 91.57713317871094, 92.26634216308594, 92.54254150390625, 93.52252960205078, 94.05298614501953, 95.22935485839844, 95.7769775390625, 96.82597351074219, 97.22683715820312, 97.53490447998047, 97.98351287841797, 98.37741088867188, 98.65767669677734, 98.94075012207031, 99.40448760986328, 100.0]]], 'z': [40.2, 72.3], 'frames': 11001}, 'Camera Motion': {'x': [[0.0, 0.05, 0.1, 0.15000000000000002, 0.2, 0.25, 0.30000000000000004, 0.35000000000000003, 0.4, 0.45, 0.5, 0.55, 0.6000000000000001, 0.65, 0.7000000000000001, 0.75, 0.8, 0.8500000000000001, 0.9, 0.9500000000000001, 1.0], [0.0, 1.0, 2.0, 3.0, 4.0, 5.0, 6.0, 7.0, 8.0, 9.0, 10.0, 11.0, 12.0, 13.0, 14.0, 15.0, 16.0, 17.0, 18.0, 19.0, 20.0, 21.0, 22.0, 23.0, 24.0, 25.0, 26.0, 27.0, 28.0, 29.0, 30.0, 31.0, 32.0, 33.0, 34.0, 35.0, 36.0, 37.0, 38.0, 39.0, 40.0, 41.0, 42.0, 43.0, 44.0, 45.0, 46.0, 47.0, 48.0, 49.0, 50.0]], 'y': [[[100.0, 97.34980010986328, 96.25495147705078, 95.69732666015625, 94.93761444091797, 94.39511108398438, 93.68975067138672, 92.70088958740234, 91.27701568603516, 88.88121032714844, 84.6846923828125, 77.69972229003906, 68.38850402832031, 55.914424896240234, 40.08094787597656, 27.44245147705078, 16.11300277709961, 6.22913932800293, 1.6655296087265015, 0.1216321587562561, 0.0]], [[0.01413132157176733, 1.3336113691329956, 4.0962419509887695, 8.568875312805176, 13.127083778381348, 18.821651458740234, 24.32172203063965, 29.741138458251953, 35.723812103271484, 40.4144172668457, 44.9344482421875, 48.899742126464844, 51.712066650390625, 55.800331115722656, 59.08686447143555, 62.547725677490234, 65.37433624267578, 68.64979553222656, 70.93993377685547, 73.89096069335938, 75.88412475585938, 77.63068389892578, 79.04826354980469, 80.53457641601562, 81.96122741699219, 83.548828125, 84.80645751953125, 85.84040069580078, 86.8055191040039, 88.0550308227539, 89.09436798095703, 89.9742660522461, 90.80329895019531, 91.3491439819336, 92.15486907958984, 93.44705963134766, 94.45707702636719, 95.18724060058594, 95.61222839355469, 96.13439178466797, 96.6863784790039, 97.1849594116211, 97.51688385009766, 97.82139587402344, 98.16799926757812, 98.41416931152344, 98.83628845214844, 99.07379150390625, 99.47267150878906, 99.68983459472656, 100.0]]], 'z': [63.0, 75.9], 'frames': 18427}, 'Deformation': {'x': [[0.0, 0.05, 0.1, 0.15000000000000002, 0.2, 0.25, 0.30000000000000004, 0.35000000000000003, 0.4, 0.45, 0.5, 0.55, 0.6000000000000001, 0.65, 0.7000000000000001, 0.75, 0.8, 0.8500000000000001, 0.9, 0.9500000000000001, 1.0], [0.0, 1.0, 2.0, 3.0, 4.0, 5.0, 6.0, 7.0, 8.0, 9.0, 10.0, 11.0, 12.0, 13.0, 14.0, 15.0, 16.0, 17.0, 18.0, 19.0, 20.0, 21.0, 22.0, 23.0, 24.0, 25.0, 26.0, 27.0, 28.0, 29.0, 30.0, 31.0, 32.0, 33.0, 34.0, 35.0, 36.0, 37.0, 38.0, 39.0, 40.0, 41.0, 42.0, 43.0, 44.0, 45.0, 46.0, 47.0, 48.0, 49.0, 50.0]], 'y': [[[100.0, 97.03128814697266, 95.53811645507812, 94.07371520996094, 92.22799682617188, 90.1072769165039, 87.92107391357422, 84.05692291259766, 78.71676635742188, 71.1073989868164, 62.07875442504883, 51.548187255859375, 39.98891830444336, 28.57053565979004, 18.907262802124023, 11.034732818603516, 5.613076686859131, 2.2920193672180176, 0.7120069861412048, 0.05371510237455368, 0.0]], [[0.09623751044273376, 1.2367582321166992, 4.370224952697754, 9.52907657623291, 15.406076431274414, 22.277587890625, 28.06039810180664, 34.963661193847656, 40.985939025878906, 47.20512771606445, 52.46736526489258, 56.676422119140625, 59.98276901245117, 63.50178146362305, 66.68994140625, 69.18474578857422, 71.6158447265625, 73.92893981933594, 76.02154541015625, 77.69136047363281, 79.10672760009766, 80.40888214111328, 81.82357788085938, 82.94142150878906, 84.17841339111328, 85.3145751953125, 86.48140716552734, 87.72216796875, 88.5802001953125, 89.480224609375, 90.32987213134766, 91.42562866210938, 92.00647735595703, 92.56377410888672, 93.2984848022461, 93.9078369140625, 94.38634490966797, 94.91183471679688, 95.32200622558594, 95.7165298461914, 96.38224029541016, 96.74747467041016, 97.07581329345703, 97.38064575195312, 97.69991302490234, 98.1303482055664, 98.41138458251953, 98.65371704101562, 98.90426635742188, 99.09426879882812, 100.0]]], 'z': [52.9, 79.1], 'frames': 69597}, 'Fast Motion': {'x': [[0.0, 0.05, 0.1, 0.15000000000000002, 0.2, 0.25, 0.30000000000000004, 0.35000000000000003, 0.4, 0.45, 0.5, 0.55, 0.6000000000000001, 0.65, 0.7000000000000001, 0.75, 0.8, 0.8500000000000001, 0.9, 