{
    "AUC": 38.6,
    "Precision": 52,
    "FPS": 26.36,
    "attribution": "{'Occlusion': {'x': [[0.0, 0.05, 0.1, 0.15000000000000002, 0.2, 0.25, 0.30000000000000004, 0.35000000000000003, 0.4, 0.45, 0.5, 0.55, 0.6000000000000001, 0.65, 0.7000000000000001, 0.75, 0.8, 0.8500000000000001, 0.9, 0.9500000000000001, 1.0], [0.0, 1.0, 2.0, 3.0, 4.0, 5.0, 6.0, 7.0, 8.0, 9.0, 10.0, 11.0, 12.0, 13.0, 14.0, 15.0, 16.0, 17.0, 18.0, 19.0, 20.0, 21.0, 22.0, 23.0, 24.0, 25.0, 26.0, 27.0, 28.0, 29.0, 30.0, 31.0, 32.0, 33.0, 34.0, 35.0, 36.0, 37.0, 38.0, 39.0, 40.0, 41.0, 42.0, 43.0, 44.0, 45.0, 46.0, 47.0, 48.0, 49.0, 50.0]], 'y': [[[100.0, 98.3686752319336, 96.1656265258789, 93.72554779052734, 91.30133056640625, 88.88612365722656, 86.20332336425781, 82.36933898925781, 77.05659484863281, 71.27296447753906, 64.51583862304688, 55.23554611206055, 44.799560546875, 33.53763961791992, 23.754684448242188, 14.817296981811523, 7.96721076965332, 3.3709309101104736, 1.099897027015686, 0.26350870728492737, 0.0]], [[0.30292418599128723, 2.2164084911346436, 6.88416051864624, 14.126229286193848, 20.79525375366211, 28.320438385009766, 34.41917419433594, 40.93158721923828, 46.081764221191406, 51.308380126953125, 55.41530227661133, 58.63267135620117, 61.71299743652344, 64.35066986083984, 66.40788269042969, 68.61727905273438, 70.63330078125, 72.87506866455078, 74.47151184082031, 76.06209564208984, 77.74481201171875, 79.18634796142578, 80.3885726928711, 81.79856872558594, 83.24092864990234, 84.6036148071289, 85.63243103027344, 86.45582580566406, 87.29975891113281, 88.237548828125, 89.0194091796875, 90.04230499267578, 90.79136657714844, 91.53614044189453, 92.19610595703125, 92.9395523071289, 93.52830505371094, 94.06790924072266, 94.72907257080078, 95.43251037597656, 95.88601684570312, 96.3703842163086, 96.7861557006836, 97.18689727783203, 97.64225769042969, 98.00440979003906, 98.51219177246094, 98.9367904663086, 99.22967529296875, 99.63580322265625, 100.0]]], 'z': [54.0, 77.7], 'frames': 49834}, 'Out Of View': {'x': [[0.0, 0.05, 0.1, 0.15000000000000002, 0.2, 0.25, 0.30000000000000004, 0.35000000000000003, 0.4, 0.45, 0.5, 0.55, 0.6000000000000001, 0.65, 0.7000000000000001, 0.75, 0.8, 0.8500000000000001, 0.9, 0.9500000000000001, 1.0], [0.0, 1.0, 2.0, 3.0, 4.0, 5.0, 6.0, 7.0, 8.0, 9.0, 10.0, 11.0, 12.0, 13.0, 14.0, 15.0, 16.0, 17.0, 18.0, 19.0, 20.0, 21.0, 22.0, 23.0, 24.0, 25.0, 26.0, 27.0, 28.0, 29.0, 30.0, 31.0, 32.0, 33.0, 34.0, 35.0, 36.0, 37.0, 38.0, 39.0, 40.0, 41.0, 42.0, 43.0, 44.0, 45.0, 46.0, 47.0, 48.0, 49.0, 50.0]], 'y': [[[100.0, 97.51439666748047, 93.18035888671875, 90.2052001953125, 82.97010803222656, 74.8091812133789, 67.80392456054688, 61.019866943359375, 52.3254280090332, 46.25904846191406, 37.69650650024414, 29.95487403869629, 21.347150802612305, 16.19164276123047, 10.97325325012207, 5.697390556335449, 2.4617860317230225, 0.6377533078193665, 0.31231507658958435, 0.048994045704603195, 0.0]], [[0.11095549166202545, 0.803122878074646, 3.1763744354248047, 6.835384845733643, 10.782696723937988, 16.73805809020996, 20.274168014526367, 23.99352264404297, 27.326642990112305, 32.90297317504883, 37.90898132324219, 41.25767517089844, 44.696624755859375, 46.91204833984375, 49.18551254272461, 51.511985778808594, 53.82692337036133, 55.77299118041992, 57.741939544677734, 59.332828521728516, 60.793514251708984, 64.5565414428711, 66.11186218261719, 67.69974517822266, 69.07144165039062, 70.54122161865234, 71.78290557861328, 74.29676055908203, 75.45780181884766, 76.49134826660156, 79.02764892578125, 80.10132598876953, 81.37712097167969, 83.5353775024414, 84.3976058959961, 86.2283935546875, 87.8292007446289, 88.37771606445312, 90.26487731933594, 90.73138427734375, 91.54936981201172, 92.45856475830078, 93.45189666748047, 94.21293640136719, 94.92872619628906, 95.47342681884766, 95.82908630371094, 96.70684814453125, 97.4159927368164, 98.83260345458984, 100.0]]], 'z': [42.4, 60.8], 'frames': 11001}, 'Camera Motion': {'x': [[0.0, 0.05, 0.1, 0.15000000000000002, 0.2, 0.25, 0.30000000000000004, 0.35000000000000003, 0.4, 0.45, 0.5, 0.55, 0.6000000000000001, 0.65, 0.7000000000000001, 0.75, 0.8, 0.8500000000000001, 0.9, 0.9500000000000001, 1.0], [0.0, 1.0, 2.0, 3.0, 4.0, 5.0, 6.0, 7.0, 8.0, 9.0, 10.0, 11.0, 12.0, 13.0, 14.0, 15.0, 16.0, 17.0, 18.0, 19.0, 20.0, 21.0, 22.0, 23.0, 24.0, 25.0, 26.0, 27.0, 28.0, 29.0, 30.0, 31.0, 32.0, 33.0, 34.0, 35.0, 36.0, 37.0, 38.0, 39.0, 40.0, 41.0, 42.0, 43.0, 44.0, 45.0, 46.0, 47.0, 48.0, 49.0, 50.0]], 'y': [[[100.0, 98.87321472167969, 98.29317474365234, 97.64200592041016, 96.88316345214844, 94.83385467529297, 93.64227294921875, 92.42407989501953, 90.5289077758789, 87.73217010498047, 82.70088958740234, 77.14714050292969, 66.55258178710938, 54.70907211303711, 41.36634063720703, 26.489395141601562, 14.333870887756348, 5.547501564025879, 1.462209701538086, 0.07269809395074844, 0.0]], [[0.036678094416856766, 0.8359073400497437, 5.044286251068115, 8.794557571411133, 12.978477478027344, 17.730873107910156, 25.42705535888672, 31.16014289855957, 36.05459213256836, 40.164161682128906, 44.51618957519531, 47.83837127685547, 50.469356536865234, 54.23480987548828, 56.87552261352539, 59.86317825317383, 62.34102249145508, 64.3860092163086, 66.9471664428711, 69.4998550415039, 71.66483306884766, 73.4368896484375, 75.1575698852539, 76.79256439208984, 78.52740478515625, 79.79617309570312, 81.53900146484375, 82.47366333007812, 83.80421447753906, 85.10822296142578, 86.32215118408203, 87.39277648925781, 88.60137176513672, 89.68994903564453, 90.56727600097656, 91.85304260253906, 92.58515930175781, 93.30618286132812, 94.03907012939453, 94.65119934082031, 95.10845947265625, 95.59356689453125, 96.23040771484375, 96.68514251708984, 96.97400665283203, 97.33690643310547, 98.84851837158203, 99.17827606201172, 99.37385559082031, 99.67606353759766, 100.0]]], 'z': [62.9, 71.7], 'frames': 18427}, 'Deformation': {'x': [[0.0, 0.05, 0.1, 0.15000000000000002, 0.2, 0.25, 0.30000000000000004, 0.35000000000000003, 0.4, 0.45, 0.5, 0.55, 0.6000000000000001, 0.65, 0.7000000000000001, 0.75, 0.8, 0.8500000000000001, 0.9, 0.9500000000000001, 1.0], [0.0, 1.0, 2.0, 3.0, 4.0, 5.0, 6.0, 7.0, 8.0, 9.0, 10.0, 11.0, 12.0, 13.0, 14.0, 15.0, 16.0, 17.0, 18.0, 19.0, 20.0, 21.0, 22.0, 23.0, 24.0, 25.0, 26.0, 27.0, 28.0, 29.0, 30.0, 31.0, 32.0, 33.0, 34.0, 35.0, 36.0, 37.0, 38.0, 39.0, 40.0, 41.0, 42.0, 43.0, 44.0, 45.0, 46.0, 47.0, 48.0, 49.0, 50.0]], 'y': [[[100.0, 99.06129455566406, 97.84117889404297, 96.08282470703125, 94.07981872558594, 91.03362274169922, 88.94427490234375, 85.01878356933594, 80.064208984375, 73.1526107788086, 64.76944732666016, 53.95058822631836, 42.08485794067383, 30.018901824951172, 19.7747745513916, 11.36584758758545, 5.077870845794678, 2.024994134902954, 0.6784204840660095, 0.05050155892968178, 0.0]], [[0.06271447241306305, 0.9609220623970032, 3.656085968017578, 8.161311149597168, 13.64714527130127, 20.752859115600586, 26.80699920654297, 33.86570358276367, 39.66423416137695, 45.451751708984375, 50.806217193603516, 55.06258773803711, 58.885955810546875, 62.192501068115234, 64.77557373046875, 67.3465576171875, 69.67597198486328, 72.06256866455078, 73.7820053100586, 75.662109375, 77.25526428222656, 78.87400817871094, 80.14459228515625, 81.46736907958984, 82.86687469482422, 84.45514678955078, 85.57196807861328, 86.52639770507812, 87.41314697265625, 88.48311614990234, 89.58940124511719, 90.56169128417969, 91.25785064697266, 91.9031753540039, 92.73129272460938, 93.3315658569336, 93.81614685058594, 94.27556610107422, 94.71368408203125, 95.27281188964844, 95.59033203125, 96.10528564453125, 96.6537857055664, 97.08438873291016, 97.40956115722656, 97.66659545898438, 98.05831146240234, 98.38463592529297, 99.32557678222656, 99.66384887695312, 100.0]]], 'z': [54.1, 77.3], 'frames': 69597}, 'Fast Motion': {'x': [[0.0, 0.05, 0.1, 0.15000000000000002, 0.2, 0.25, 0.30000000000000004, 0.35000000000000003, 0.4, 0.45, 0.5, 0.55, 0.6000000000000001, 0.65, 0.7000000000000001, 0.75, 0.8, 0.8500000000000001, 0.9, 